,symbol,time,gain,tier
0,FORMUSDT,2026-01-08 07:30:00,13.116147308781878,SILVER 🥈
1,FORMUSDT,2026-01-14 02:30:00,2.4297284421152865,NONE
2,FORMUSDT,2026-01-17 12:45:00,0.5264543300868674,NONE
3,FORMUSDT,2026-01-18 14:00:00,1.4957264957264904,NONE
4,FORMUSDT,2026-01-20 10:15:00,0.38089657193085547,NONE
5,FORMUSDT,2026-01-23 04:15:00,3.8013488657265615,NONE
6,FORMUSDT,2026-01-25 09:45:00,0.21380574221134818,NONE
7,FORMUSDT,2026-01-26 08:45:00,4.2381106438045935,NONE
8,MDTUSDT,2026-01-20 17:30:00,5.797101449275366,BRONZE 🥉
9,MDTUSDT,2026-01-22 18:30:00,1.9862490450725856,NONE
10,MDTUSDT,2026-01-25 09:00:00,12.411067193675883,SILVER 🥈
11,AUSDT,2026-01-13 14:00:00,6.192660550458728,BRONZE 🥉
12,STORJUSDT,2026-01-05 12:30:00,7.982120051085584,BRONZE 🥉
13,STORJUSDT,2026-01-07 05:30:00,-0.2060439560439553,NONE
14,STORJUSDT,2026-01-09 10:15:00,4.320557491289212,NONE
15,STORJUSDT,2026-01-12 15:30:00,4.181184668989557,NONE
16,STORJUSDT,2026-01-25 09:15:00,2.272727272727293,NONE
17,STORJUSDT,2026-01-27 00:30:00,0.6976744186046435,NONE
18,STORJUSDT,2026-01-27 00:45:00,0.23219814241486336,NONE
19,SAHARAUSDT,2026-01-07 14:45:00,1.2806830309498363,NONE
20,SAHARAUSDT,2026-01-08 10:15:00,3.9810080350620725,NONE
21,SAHARAUSDT,2026-01-08 10:30:00,3.602620087336228,NONE
22,SAHARAUSDT,2026-01-08 11:45:00,1.0649627263045636,NONE
23,SAHARAUSDT,2026-01-11 01:15:00,8.327574291637884,BRONZE 🥉
24,SAHARAUSDT,2026-01-11 01:30:00,5.626684636118595,BRONZE 🥉
25,SAHARAUSDT,2026-01-11 01:45:00,0.09946949602122057,NONE
26,SAHARAUSDT,2026-01-23 05:45:00,5.720250521920667,BRONZE 🥉
27,SAHARAUSDT,2026-01-27 16:45:00,32.96516567544607,GOLD 🥇
28,SAHARAUSDT,2026-01-28 23:15:00,25.099920063948833,GOLD 🥇
29,VANRYUSDT,2026-01-10 08:15:00,0.0,NONE
30,VANRYUSDT,2026-01-13 20:30:00,4.6511627906976605,NONE
31,OPUSDT,2026-01-08 15:15:00,3.5004730368968673,NONE
32,SUNUSDT,2026-01-02 23:45:00,3.7590113285272952,NONE
33,SUNUSDT,2026-01-10 13:30:00,2.6522593320235766,NONE
34,SUNUSDT,2026-01-13 22:30:00,1.8129770992366456,NONE
35,SUNUSDT,2026-01-14 16:45:00,0.09429514380008275,NONE
36,SUNUSDT,2026-01-19 03:45:00,2.361832782239004,NONE
37,SUNUSDT,2026-01-19 04:30:00,1.4988290398126436,NONE
38,SUNUSDT,2026-01-21 13:15:00,4.347826086956519,NONE
39,SUNUSDT,2026-01-21 13:30:00,4.247104247104261,NONE
40,SUNUSDT,2026-01-24 19:45:00,0.8145663632007638,NONE
41,RENDERUSDT,2026-01-01 14:00:00,20.852359208523595,GOLD 🥇
42,RENDERUSDT,2026-01-03 19:15:00,35.61561561561562,GOLD 🥇
43,RENDERUSDT,2026-01-11 12:30:00,9.531502423263326,BRONZE 🥉
44,RENDERUSDT,2026-01-21 15:00:00,2.1842355175688555,NONE
45,RENDERUSDT,2026-01-21 15:45:00,0.37470725995316645,NONE
46,PENDLEUSDT,2026-01-05 18:15:00,4.647084612012264,NONE
47,PENDLEUSDT,2026-01-13 22:30:00,2.50549450549451,NONE
48,OGUSDT,2026-01-25 00:45:00,2.080123266563949,NONE
49,ETHFIUSDT,2026-01-12 14:45:00,11.917808219178072,SILVER 🥈
50,ETHFIUSDT,2026-01-27 18:00:00,5.61983471074381,BRONZE 🥉
51,ETHFIUSDT,2026-01-27 18:15:00,5.0986842105263275,BRONZE 🥉
52,ETHFIUSDT,2026-01-29 15:45:00,2.941176470588247,NONE
53,ETHFIUSDT,2026-01-31 05:45:00,0.5395683453237377,NONE
54,USTCUSDT,2026-01-06 00:15:00,10.571428571428566,SILVER 🥈
55,USTCUSDT,2026-01-13 22:30:00,0.969529085872578,NONE
56,USTCUSDT,2026-01-16 19:30:00,0.9222661396574461,NONE
57,USTCUSDT,2026-01-24 10:45:00,4.236006051437213,NONE
58,USTCUSDT,2026-01-27 08:45:00,1.883830455259039,NONE
59,ALCXUSDT,2026-01-03 02:00:00,1.6229712858926382,NONE
60,ALCXUSDT,2026-01-27 20:00:00,4.403409090909083,NONE
61,ALCXUSDT,2026-01-27 20:30:00,3.2303370786516794,NONE
62,BCHUSDT,2026-01-02 17:30:00,8.054018874064429,BRONZE 🥉
63,BCHUSDT,2026-01-03 20:45:00,1.7165426097524028,NONE
64,BCHUSDT,2026-01-05 00:30:00,3.4930448222565635,NONE
65,BCHUSDT,2026-01-05 00:45:00,2.96786098723667,NONE
66,BCHUSDT,2026-01-11 06:15:00,0.03019323671498153,NONE
67,BCHUSDT,2026-01-13 05:00:00,1.610017889087656,NONE
68,BCHUSDT,2026-01-18 16:00:00,1.4314584035028721,NONE
69,BCHUSDT,2026-01-20 07:15:00,3.693476009665164,NONE
70,BCHUSDT,2026-01-21 02:30:00,2.459711620016969,NONE
71,BCHUSDT,2026-01-27 03:00:00,1.4957983193277347,NONE
72,BMTUSDT,2026-01-06 14:45:00,1.098901098901095,NONE
73,FLOKIUSDT,2026-01-13 22:30:00,1.289167412712633,NONE
74,FLOKIUSDT,2026-01-21 14:30:00,3.421532846715336,NONE
75,FLOKIUSDT,2026-01-21 14:45:00,2.928490351872881,NONE
76,FLOKIUSDT,2026-01-29 15:45:00,2.5877530105047564,NONE
77,HYPERUSDT,2026-01-02 13:00:00,5.614320585842147,BRONZE 🥉
78,HYPERUSDT,2026-01-07 06:30:00,0.6015037593984918,NONE
79,HYPERUSDT,2026-01-11 00:30:00,32.762645914396884,GOLD 🥇
80,HYPERUSDT,2026-01-11 00:45:00,17.57408683666437,SILVER 🥈
81,HYPERUSDT,2026-01-11 01:00:00,17.009602194787377,SILVER 🥈
82,HYPERUSDT,2026-01-11 01:15:00,14.266577361018085,SILVER 🥈
83,HYPERUSDT,2026-01-11 01:30:00,6.4918851435705305,BRONZE 🥉
84,HYPERUSDT,2026-01-21 10:30:00,0.1603849238171584,NONE
85,HYPERUSDT,2026-01-25 09:30:00,4.626060138781796,NONE
86,IOTAUSDT,2026-01-04 03:30:00,16.330645161290324,SILVER 🥈
87,IOTAUSDT,2026-01-08 17:30:00,4.1860465116279055,NONE
88,KSMUSDT,2026-01-01 19:45:00,7.866666666666666,BRONZE 🥉
89,KSMUSDT,2026-01-02 22:30:00,3.0573248407643305,NONE
90,KSMUSDT,2026-01-13 16:30:00,6.524466750313684,BRONZE 🥉
91,KSMUSDT,2026-01-13 16:45:00,5.860349127182052,BRONZE 🥉
92,WANUSDT,2026-01-26 07:15:00,4.861111111111116,NONE
93,WUSDT,2026-01-10 09:45:00,3.2432432432432323,NONE
94,WUSDT,2026-01-13 22:30:00,2.5575447570332255,NONE
95,WUSDT,2026-01-28 11:45:00,0.0,NONE
96,ADXUSDT,2026-01-02 14:45:00,4.399633363886335,NONE
97,ADXUSDT,2026-01-02 15:00:00,4.5913682277318735,NONE
98,ADXUSDT,2026-01-04 12:15:00,1.8716577540107027,NONE
99,ADXUSDT,2026-01-04 12:30:00,2.144772117962468,NONE
100,ADXUSDT,2026-01-05 15:00:00,1.6274864376130127,NONE
101,ADXUSDT,2026-01-09 15:30:00,0.5952380952380931,NONE
102,ADXUSDT,2026-01-13 14:00:00,5.219206680584554,BRONZE 🥉
103,ADXUSDT,2026-01-13 14:15:00,4.8907388137356955,NONE
104,ADXUSDT,2026-01-20 09:00:00,3.188097768331555,NONE
105,ADXUSDT,2026-01-21 14:30:00,1.1677282377919207,NONE
106,ADXUSDT,2026-01-21 15:00:00,0.527426160337563,NONE
107,ADXUSDT,2026-01-21 15:15:00,0.2103049421661396,NONE
108,ADXUSDT,2026-01-23 15:30:00,2.393906420021774,NONE
109,ADXUSDT,2026-01-26 18:00:00,4.1807909604519855,NONE
110,ADXUSDT,2026-01-27 06:30:00,3.5955056179775458,NONE
111,ADXUSDT,2026-01-27 14:30:00,1.541850220264318,NONE
112,ADXUSDT,2026-01-29 16:00:00,2.7283511269276417,NONE
113,KAITOUSDT,2026-01-03 00:30:00,3.767123287671237,NONE
114,KAITOUSDT,2026-01-03 01:00:00,1.0914051841746097,NONE
115,KAITOUSDT,2026-01-12 05:45:00,25.786904561521638,GOLD 🥇
116,KAITOUSDT,2026-01-12 06:00:00,24.301397205588813,GOLD 🥇
117,KAITOUSDT,2026-01-12 15:30:00,9.623001320228841,BRONZE 🥉
118,KAITOUSDT,2026-01-23 00:15:00,14.348142753095416,SILVER 🥈
119,KAITOUSDT,2026-01-23 00:30:00,13.411991331567542,SILVER 🥈
120,KAITOUSDT,2026-01-26 15:00:00,2.9446971510653563,NONE
121,CKBUSDT,2026-01-02 10:00:00,13.287560581583202,SILVER 🥈
122,CKBUSDT,2026-01-02 17:00:00,7.6775431861804355,BRONZE 🥉
123,CKBUSDT,2026-01-11 16:15:00,0.5888847994111268,NONE
124,CKBUSDT,2026-01-13 09:45:00,17.19864814119414,SILVER 🥈
125,CKBUSDT,2026-01-25 00:45:00,0.5110062893081802,NONE
126,CKBUSDT,2026-01-29 03:15:00,1.2275317843051248,NONE
127,TKOUSDT,2026-01-17 20:45:00,0.9977827050997812,NONE
128,BANKUSDT,2026-01-03 18:00:00,0.8510638297872353,NONE
129,BANKUSDT,2026-01-12 14:15:00,0.6250000000000089,NONE
130,BANKUSDT,2026-01-14 18:30:00,9.97963340122201,BRONZE 🥉
131,BANKUSDT,2026-01-16 07:00:00,5.882352941176472,BRONZE 🥉
132,BANKUSDT,2026-01-19 14:00:00,2.621722846441954,NONE
133,BANKUSDT,2026-01-21 18:15:00,6.049149338374282,BRONZE 🥉
134,BANKUSDT,2026-01-24 01:15:00,0.3454231433505983,NONE
135,1000CATUSDT,2026-01-09 03:15:00,4.870129870129869,NONE
136,1000CATUSDT,2026-01-10 18:15:00,1.5625,NONE
137,1000CATUSDT,2026-01-13 17:15:00,0.0,NONE
138,1000CATUSDT,2026-01-28 07:15:00,2.6217228464419318,NONE
139,1000CATUSDT,2026-01-28 10:00:00,2.238805970149249,NONE
140,MIRAUSDT,2026-01-11 01:30:00,3.8692461641093967,NONE
141,MIRAUSDT,2026-01-11 02:00:00,3.3864541832669293,NONE
142,MIRAUSDT,2026-01-15 08:45:00,1.1180992313067684,NONE
143,MIRAUSDT,2026-01-23 06:15:00,28.605015673981192,GOLD 🥇
144,MIRAUSDT,2026-01-23 06:30:00,28.605015673981192,GOLD 🥇
145,MIRAUSDT,2026-01-25 02:00:00,22.37499999999999,GOLD 🥇
146,MIRAUSDT,2026-01-25 02:15:00,23.68919772583702,GOLD 🥇
147,MIRAUSDT,2026-01-25 10:00:00,4.761904761904767,NONE
148,MIRAUSDT,2026-01-28 01:00:00,6.259780907668233,BRONZE 🥉
149,KAVAUSDT,2026-01-07 22:15:00,2.863688430698752,NONE
150,KAVAUSDT,2026-01-10 23:30:00,15.000000000000014,SILVER 🥈
151,KAVAUSDT,2026-01-10 23:45:00,14.866434378629512,SILVER 🥈
152,KAVAUSDT,2026-01-11 02:00:00,9.523809523809511,BRONZE 🥉
153,KAVAUSDT,2026-01-11 02:15:00,1.4301430143014437,NONE
154,KAVAUSDT,2026-01-13 08:45:00,8.8474970896391,BRONZE 🥉
155,KAVAUSDT,2026-01-15 04:00:00,10.514541387024611,SILVER 🥈
156,KAVAUSDT,2026-01-18 00:15:00,4.673913043478262,NONE
157,KAVAUSDT,2026-01-28 09:00:00,1.0178117048345925,NONE
158,SYNUSDT,2026-01-01 14:15:00,15.02890173410405,SILVER 🥈
159,SYNUSDT,2026-01-02 14:45:00,9.74264705882355,BRONZE 🥉
160,SYNUSDT,2026-01-02 15:30:00,6.989247311827951,BRONZE 🥉
161,SYNUSDT,2026-01-14 15:15:00,0.2932551319648091,NONE
162,SYNUSDT,2026-01-22 10:45:00,0.0,NONE
163,SYNUSDT,2026-01-25 15:30:00,2.6768642447418722,NONE
164,SYNUSDT,2026-01-28 09:15:00,33.33333333333335,GOLD 🥇
165,SYNUSDT,2026-01-28 10:00:00,31.63636363636364,GOLD 🥇
166,SYNUSDT,2026-01-28 12:00:00,21.680672268907575,GOLD 🥇
167,SYNUSDT,2026-01-28 12:15:00,16.774193548387117,SILVER 🥈
168,SYNUSDT,2026-01-30 14:30:00,78.5714285714286,DIAMOND 💎
169,FOGOUSDT,2026-01-24 10:15:00,5.129482071713154,BRONZE 🥉
170,HOTUSDT,2026-01-05 10:30:00,0.5093378607809784,NONE
171,UUSDT,2026-01-15 12:00:00,0.029999999999996696,NONE
172,UUSDT,2026-01-20 00:30:00,0.009999999999998899,NONE
173,UUSDT,2026-01-20 05:15:00,0.029999999999996696,NONE
174,UUSDT,2026-01-23 02:00:00,0.050005000500052965,NONE
175,UUSDT,2026-01-23 02:15:00,0.050005000500052965,NONE
176,UUSDT,2026-01-24 08:45:00,0.08999999999999009,NONE
177,UUSDT,2026-01-25 16:30:00,0.08999999999999009,NONE
178,UUSDT,2026-01-29 03:00:00,0.12000000000000899,NONE
179,UUSDT,2026-01-29 15:30:00,0.12000000000000899,NONE
180,SOLVUSDT,2026-01-02 05:30:00,1.9607843137255054,NONE
181,SOLVUSDT,2026-01-02 05:45:00,1.7306245297216138,NONE
182,SOLVUSDT,2026-01-09 23:45:00,7.662538699690402,BRONZE 🥉
183,SOLVUSDT,2026-01-10 00:00:00,5.7794676806083745,BRONZE 🥉
184,SOLVUSDT,2026-01-13 04:30:00,2.6523297491039433,NONE
185,SOLVUSDT,2026-01-21 19:45:00,14.893617021276583,SILVER 🥈
186,SOLVUSDT,2026-01-24 14:30:00,26.109215017064848,GOLD 🥇
187,SOLVUSDT,2026-01-25 13:00:00,3.9127163280662014,NONE
188,SOLVUSDT,2026-01-27 13:00:00,14.29731925264013,SILVER 🥈
189,OGNUSDT,2026-01-10 06:45:00,2.857142857142847,NONE
190,OGNUSDT,2026-01-11 23:30:00,20.967741935483875,GOLD 🥇
191,TRXUSDT,2026-01-03 13:30:00,1.6844276383636947,NONE
192,TRXUSDT,2026-01-27 16:30:00,0.27137042062415073,NONE
193,WALUSDT,2026-01-04 15:45:00,10.514865844815091,SILVER 🥈
194,WALUSDT,2026-01-11 03:45:00,8.43706777316735,BRONZE 🥉
195,WALUSDT,2026-01-11 06:00:00,4.742818971275886,NONE
196,WALUSDT,2026-01-13 22:30:00,6.418485237483962,BRONZE 🥉
197,WALUSDT,2026-01-17 13:45:00,2.699309478970502,NONE
198,WALUSDT,2026-01-23 08:15:00,6.608969315499613,BRONZE 🥉
199,WALUSDT,2026-01-25 01:45:00,2.1870286576169073,NONE
200,WALUSDT,2026-01-25 02:00:00,0.0,NONE
201,WALUSDT,2026-01-29 15:45:00,2.131603336422616,NONE
202,BATUSDT,2026-01-05 02:00:00,1.6253207869974418,NONE
203,BATUSDT,2026-01-05 02:15:00,1.1955593509820561,NONE
204,BATUSDT,2026-01-06 11:00:00,2.589991220368737,NONE
205,BATUSDT,2026-01-11 16:30:00,3.467062902426954,NONE
206,BATUSDT,2026-01-13 04:15:00,6.474456246838645,BRONZE 🥉
207,BATUSDT,2026-01-16 22:15:00,11.139240506329106,SILVER 🥈
208,BATUSDT,2026-01-21 14:15:00,2.9350104821803003,NONE
209,BATUSDT,2026-01-22 03:00:00,1.1849562081401421,NONE
210,ORDIUSDT,2026-01-29 15:45:00,3.8845427569463187,NONE
211,BANANAUSDT,2026-01-02 04:45:00,6.493506493506507,BRONZE 🥉
212,BANANAUSDT,2026-01-12 15:45:00,6.275579809004084,BRONZE 🥉
213,BANANAUSDT,2026-01-15 13:30:00,2.9585798816567976,NONE
214,BANANAUSDT,2026-01-25 15:15:00,7.723577235772372,BRONZE 🥉
215,BANANAUSDT,2026-01-28 10:00:00,0.4559270516717451,NONE
216,BANANAUSDT,2026-01-29 15:45:00,0.1677852348993314,NONE
217,BFUSDUSDT,2026-01-04 13:15:00,0.010002000400088917,NONE
218,BFUSDUSDT,2026-01-07 01:45:00,0.030009002700803755,NONE
219,BFUSDUSDT,2026-01-07 03:15:00,0.02000400080015563,NONE
220,BFUSDUSDT,2026-01-07 03:30:00,0.02000400080015563,NONE
221,BFUSDUSDT,2026-01-08 00:00:00,0.010001000100001711,NONE
222,BFUSDUSDT,2026-01-08 07:30:00,0.010001000100001711,NONE
223,BFUSDUSDT,2026-01-08 08:00:00,0.010001000100001711,NONE
224,BFUSDUSDT,2026-01-18 04:00:00,0.010004001600649737,NONE
225,BFUSDUSDT,2026-01-25 05:45:00,0.010006003602169855,NONE
226,BFUSDUSDT,2026-01-26 14:30:00,0.03001801080648736,NONE
227,BFUSDUSDT,2026-01-27 14:00:00,0.030012004801927006,NONE
228,OPENUSDT,2026-01-02 08:15:00,4.684684684684681,NONE
229,OPENUSDT,2026-01-05 09:30:00,4.683038263849215,NONE
230,OPENUSDT,2026-01-19 14:00:00,0.42449969678592936,NONE
231,OPENUSDT,2026-01-24 01:30:00,14.714714714714706,SILVER 🥈
232,BTCUSDT,2026-01-05 00:30:00,2.9827926131971605,NONE
233,BTCUSDT,2026-01-05 01:30:00,1.7050214592274626,NONE
234,TUSDT,2026-01-05 14:45:00,8.069792802617236,BRONZE 🥉
235,TUSDT,2026-01-06 12:45:00,17.29166666666666,SILVER 🥈
236,TUSDT,2026-01-06 13:00:00,16.80497925311204,SILVER 🥈
237,TUSDT,2026-01-07 04:00:00,16.08247422680411,SILVER 🥈
238,TUSDT,2026-01-07 18:15:00,0.8372093023256033,NONE
239,TUSDT,2026-01-13 07:15:00,5.11247443762779,BRONZE 🥉
240,TUSDT,2026-01-16 16:15:00,2.819738167170205,NONE
241,TUSDT,2026-01-20 05:45:00,0.10319917440659854,NONE
242,TUSDT,2026-01-20 06:00:00,0.0,NONE
243,TUSDT,2026-01-24 14:15:00,1.0683760683760646,NONE
244,BBUSDT,2026-01-02 19:00:00,6.288343558282228,BRONZE 🥉
245,BBUSDT,2026-01-04 15:45:00,8.814589665653493,BRONZE 🥉
246,BBUSDT,2026-01-06 11:15:00,8.139534883720923,BRONZE 🥉
247,BBUSDT,2026-01-09 16:00:00,0.15128593040845129,NONE
248,BBUSDT,2026-01-13 18:00:00,4.208998548621179,NONE
249,BBUSDT,2026-01-19 17:45:00,0.1626016260162677,NONE
250,CUSDT,2026-01-03 12:45:00,8.250497017892645,BRONZE 🥉
251,CUSDT,2026-01-10 12:15:00,4.79041916167664,NONE
252,CUSDT,2026-01-10 14:00:00,0.5760368663594528,NONE
253,CUSDT,2026-01-13 12:30:00,2.3661270236612797,NONE
254,CUSDT,2026-01-23 12:15:00,6.849315068493156,BRONZE 🥉
255,CUSDT,2026-01-26 09:45:00,3.08724832214764,NONE
256,CHZUSDT,2026-01-10 18:00:00,8.172177167810357,BRONZE 🥉
257,CHZUSDT,2026-01-19 00:45:00,3.385240352065,NONE
258,CHZUSDT,2026-01-24 08:15:00,5.637349864393659,BRONZE 🥉
259,CHZUSDT,2026-01-25 09:15:00,8.675885584390986,BRONZE 🥉
260,CHZUSDT,2026-01-25 15:45:00,5.673236323448139,BRONZE 🥉
261,ASRUSDT,2026-01-10 19:15:00,10.999371464487751,SILVER 🥈
262,ASRUSDT,2026-01-11 06:30:00,1.7991874637260485,NONE
263,ASRUSDT,2026-01-12 14:15:00,6.217948717948718,BRONZE 🥉
264,ASRUSDT,2026-01-19 15:45:00,0.0,NONE
265,ASRUSDT,2026-01-29 06:00:00,0.6218905472636926,NONE
266,1000SATSUSDT,2026-01-01 15:30:00,7.974683544303796,BRONZE 🥉
267,1000SATSUSDT,2026-01-04 09:45:00,7.000569151963565,BRONZE 🥉
268,1000SATSUSDT,2026-01-08 07:30:00,1.6260162601625883,NONE
269,1000SATSUSDT,2026-01-13 17:00:00,8.486017357762776,BRONZE 🥉
270,1000SATSUSDT,2026-01-13 17:15:00,4.1706161137440745,NONE
271,1000SATSUSDT,2026-01-13 17:30:00,3.1440638198029003,NONE
272,1000SATSUSDT,2026-01-25 15:15:00,0.0,NONE
273,1000SATSUSDT,2026-01-26 15:00:00,2.1140294682895577,NONE
274,ZKCUSDT,2026-01-07 11:45:00,0.8695652173912993,NONE
275,ZKCUSDT,2026-01-13 08:00:00,8.444444444444432,BRONZE 🥉
276,ZKCUSDT,2026-01-17 13:15:00,10.425716768027794,SILVER 🥈
277,ZKCUSDT,2026-01-17 14:00:00,8.911739502999128,BRONZE 🥉
278,ZKCUSDT,2026-01-18 11:30:00,0.24671052631577428,NONE
279,ZKCUSDT,2026-01-22 08:45:00,10.629921259842522,SILVER 🥈
280,ZKCUSDT,2026-01-22 09:00:00,10.196078431372557,SILVER 🥈
281,ZKCUSDT,2026-01-25 01:45:00,74.83164983164983,DIAMOND 💎
282,MUBARAKUSDT,2026-01-04 09:00:00,14.693665628245057,SILVER 🥈
283,MUBARAKUSDT,2026-01-04 13:30:00,13.164556962025298,SILVER 🥈
284,MUBARAKUSDT,2026-01-06 09:15:00,0.04508566275924775,NONE
285,MUBARAKUSDT,2026-01-10 18:00:00,7.027027027027022,BRONZE 🥉
286,MUBARAKUSDT,2026-01-15 14:00:00,0.3522677234698346,NONE
287,MUBARAKUSDT,2026-01-21 14:30:00,4.330708661417315,NONE
288,MUBARAKUSDT,2026-01-25 15:15:00,0.0,NONE
289,MUBARAKUSDT,2026-01-29 15:45:00,9.529411764705875,BRONZE 🥉
290,MUBARAKUSDT,2026-01-30 04:30:00,3.5595105672969973,NONE
291,MUBARAKUSDT,2026-01-30 04:45:00,3.3870072182121014,NONE
292,ZKPUSDT,2026-01-13 08:00:00,3.589743589743577,NONE
293,ZKPUSDT,2026-01-13 08:15:00,2.473050095117313,NONE
294,ZKPUSDT,2026-01-13 10:30:00,3.589743589743577,NONE
295,ZKPUSDT,2026-01-24 18:45:00,2.546296296296302,NONE
296,XRPUSDT,2026-01-08 15:00:00,3.2317943836268404,NONE
297,XRPUSDT,2026-01-08 15:15:00,2.6698224852071073,NONE
298,XRPUSDT,2026-01-17 15:30:00,0.17791027552052086,NONE
299,XRPUSDT,2026-01-21 14:30:00,2.9477168123286823,NONE
300,SCRUSDT,2026-01-28 12:45:00,0.0,NONE
301,FTTUSDT,2026-01-10 10:00:00,8.654037886341005,BRONZE 🥉
302,FTTUSDT,2026-01-29 03:00:00,19.09748192470706,SILVER 🥈
303,TRUMPUSDT,2026-01-03 16:45:00,0.39554117224018803,NONE
304,TRUMPUSDT,2026-01-11 12:30:00,0.3911806543385632,NONE
305,TRUMPUSDT,2026-01-28 14:45:00,0.3558718861209842,NONE
306,TRUMPUSDT,2026-01-29 15:30:00,1.6659359929855233,NONE
307,KERNELUSDT,2026-01-06 06:45:00,10.671936758893285,SILVER 🥈
308,KERNELUSDT,2026-01-13 20:00:00,5.3981106612685625,BRONZE 🥉
309,KERNELUSDT,2026-01-13 22:30:00,3.3068783068783025,NONE
310,KERNELUSDT,2026-01-17 09:00:00,4.249667994687911,NONE
311,KERNELUSDT,2026-01-21 19:45:00,9.785932721712554,BRONZE 🥉
312,KERNELUSDT,2026-01-23 06:00:00,21.17310443490701,GOLD 🥇
313,KERNELUSDT,2026-01-23 06:15:00,18.461538461538463,SILVER 🥈
314,KERNELUSDT,2026-01-24 02:15:00,20.3125,GOLD 🥇
315,KERNELUSDT,2026-01-24 04:00:00,12.93333333333333,SILVER 🥈
316,KERNELUSDT,2026-01-28 07:45:00,2.3407022106632036,NONE
317,KERNELUSDT,2026-01-30 14:45:00,2.6431718061674214,NONE
318,GUSDT,2026-01-07 12:00:00,-0.17513134851138146,NONE
319,GUSDT,2026-01-11 09:45:00,4.303278688524603,NONE
320,GUSDT,2026-01-12 00:30:00,2.310924369747891,NONE
321,GUSDT,2026-01-20 05:45:00,0.22026431718062955,NONE
322,GUSDT,2026-01-24 00:45:00,56.9506726457399,DIAMOND 💎
323,GUSDT,2026-01-28 07:45:00,1.4925373134328401,NONE
324,GUSDT,2026-01-28 16:15:00,1.5184381778741818,NONE
325,KMNOUSDT,2026-01-05 16:15:00,2.8860264144790593,NONE
326,KMNOUSDT,2026-01-09 13:00:00,0.26389576117431535,NONE
327,NEARUSDT,2026-01-21 14:30:00,2.075226977950706,NONE
328,NEARUSDT,2026-01-27 16:30:00,0.06648936170212671,NONE
329,RAREUSDT,2026-01-11 09:15:00,5.579399141630903,BRONZE 🥉
330,RAREUSDT,2026-01-12 14:30:00,7.8947368421052655,BRONZE 🥉
331,RAREUSDT,2026-01-13 22:30:00,4.680851063829783,NONE
332,RAREUSDT,2026-01-17 06:30:00,38.42975206611572,GOLD 🥇
333,RAREUSDT,2026-01-17 06:45:00,37.860082304526756,GOLD 🥇
334,RAREUSDT,2026-01-17 07:00:00,37.295081967213115,GOLD 🥇
335,RAREUSDT,2026-01-21 06:45:00,12.741312741312738,SILVER 🥈
336,RAREUSDT,2026-01-23 02:30:00,2.0979020979021046,NONE
337,TOWNSUSDT,2026-01-02 05:30:00,8.116883116883123,BRONZE 🥉
338,TOWNSUSDT,2026-01-04 16:45:00,1.9726858877086473,NONE
339,TOWNSUSDT,2026-01-08 16:45:00,4.885496183206106,NONE
340,TOWNSUSDT,2026-01-08 17:15:00,2.844311377245501,NONE
341,TOWNSUSDT,2026-01-12 14:30:00,4.404567699836881,NONE
342,TOWNSUSDT,2026-01-12 14:45:00,3.8961038961039085,NONE
343,TOWNSUSDT,2026-01-14 16:30:00,26.567164179104473,GOLD 🥇
344,TOWNSUSDT,2026-01-21 14:30:00,1.9386106623586308,NONE
345,TOWNSUSDT,2026-01-29 15:45:00,9.18727915194346,BRONZE 🥉
346,KITEUSDT,2026-01-09 15:30:00,4.83516483516484,NONE
347,KITEUSDT,2026-01-13 22:30:00,7.127429805615537,BRONZE 🥉
348,KITEUSDT,2026-01-15 04:00:00,3.072033898305082,NONE
349,KITEUSDT,2026-01-16 07:45:00,1.1603375527426296,NONE
350,KITEUSDT,2026-01-19 00:45:00,10.326086956521753,SILVER 🥈
351,KITEUSDT,2026-01-22 08:45:00,10.017889087656528,SILVER 🥈
352,KITEUSDT,2026-01-22 09:15:00,8.370044052863435,BRONZE 🥉
353,KITEUSDT,2026-01-22 12:45:00,10.81081081081081,SILVER 🥈
354,KITEUSDT,2026-01-26 14:45:00,35.268630849220095,GOLD 🥇
355,KITEUSDT,2026-01-27 05:00:00,35.6073211314476,GOLD 🥇
356,ERAUSDT,2026-01-07 12:00:00,0.13416815742397503,NONE
357,ERAUSDT,2026-01-10 08:45:00,5.9354226020892575,BRONZE 🥉
358,ERAUSDT,2026-01-12 16:00:00,4.520295202952029,NONE
359,ERAUSDT,2026-01-19 07:45:00,2.0613614573346206,NONE
360,RIFUSDT,2026-01-01 15:00:00,4.843304843304841,NONE
361,RIFUSDT,2026-01-01 15:15:00,4.843304843304841,NONE
362,RIFUSDT,2026-01-12 14:45:00,8.595988538681954,BRONZE 🥉
363,RIFUSDT,2026-01-13 15:30:00,5.865921787709505,BRONZE 🥉
364,RIFUSDT,2026-01-13 22:30:00,2.7100271002709952,NONE
365,RIFUSDT,2026-01-18 18:15:00,0.5376344086021723,NONE
366,RIFUSDT,2026-01-22 06:30:00,11.13989637305699,SILVER 🥈
367,RIFUSDT,2026-01-31 00:30:00,10.684931506849328,SILVER 🥈
368,RIFUSDT,2026-01-31 01:30:00,6.8783068783068835,BRONZE 🥉
369,REDUSDT,2026-01-08 15:00:00,8.108108108108114,BRONZE 🥉
370,REDUSDT,2026-01-08 16:45:00,5.600000000000005,BRONZE 🥉
371,REDUSDT,2026-01-14 08:45:00,2.134032197678759,NONE
372,REDUSDT,2026-01-23 05:45:00,16.185966422729226,SILVER 🥈
373,REDUSDT,2026-01-26 17:15:00,8.886255924170626,BRONZE 🥉
374,REDUSDT,2026-01-31 01:30:00,0.5600000000000049,NONE
375,UTKUSDT,2026-01-03 02:00:00,1.978798586572439,NONE
376,PHAUSDT,2026-01-03 07:45:00,3.886010362694292,NONE
377,PHAUSDT,2026-01-11 16:45:00,0.761421319796951,NONE
378,PHAUSDT,2026-01-13 22:30:00,1.7156862745097978,NONE
379,PHAUSDT,2026-01-19 13:00:00,15.458937198067634,SILVER 🥈
380,PHAUSDT,2026-01-19 13:30:00,14.081145584725551,SILVER 🥈
381,PHAUSDT,2026-01-19 13:45:00,8.390022675736963,BRONZE 🥉
382,PHAUSDT,2026-01-27 15:30:00,9.946236559139798,BRONZE 🥉
383,SYRUPUSDT,2026-01-01 16:45:00,5.569620253164564,BRONZE 🥉
384,SYRUPUSDT,2026-01-21 13:00:00,14.367269267364403,SILVER 🥈
385,SYRUPUSDT,2026-01-21 14:30:00,6.246317030053028,BRONZE 🥉
386,SYRUPUSDT,2026-01-21 14:45:00,5.747800586510254,BRONZE 🥉
387,SYRUPUSDT,2026-01-22 08:45:00,3.889369057908376,NONE
388,SYRUPUSDT,2026-01-22 09:15:00,3.294185047264375,NONE
389,SYRUPUSDT,2026-01-22 09:30:00,1.8068887634104858,NONE
390,SYRUPUSDT,2026-01-23 12:45:00,4.339796860572487,NONE
391,SYRUPUSDT,2026-01-23 13:00:00,4.5006165228113515,NONE
392,ANIMEUSDT,2026-01-07 06:00:00,8.564535585042199,BRONZE 🥉
393,ANIMEUSDT,2026-01-08 05:15:00,15.532734274711157,SILVER 🥈
394,ANIMEUSDT,2026-01-08 07:45:00,5.7714958775029634,BRONZE 🥉
395,ANIMEUSDT,2026-01-18 11:30:00,0.7556675062972529,NONE
396,ANIMEUSDT,2026-01-22 09:30:00,4.0000000000000036,NONE
397,ANIMEUSDT,2026-01-22 09:45:00,4.160246533127898,NONE
398,ANIMEUSDT,2026-01-23 05:45:00,3.576751117734722,NONE
399,ANIMEUSDT,2026-01-23 06:00:00,3.26894502228825,NONE
400,ANIMEUSDT,2026-01-26 17:45:00,1.7621145374449476,NONE
401,HIGHUSDT,2026-01-10 04:15:00,1.7937219730941756,NONE
402,HIGHUSDT,2026-01-10 18:15:00,0.0,NONE
403,HIGHUSDT,2026-01-15 22:45:00,12.749003984063734,SILVER 🥈
404,HIGHUSDT,2026-01-17 13:30:00,18.410041841004187,SILVER 🥈
405,HIGHUSDT,2026-01-22 04:15:00,3.1390134529148073,NONE
406,HIGHUSDT,2026-01-23 14:15:00,2.2727272727272707,NONE
407,HIGHUSDT,2026-01-25 16:45:00,0.0,NONE
408,HIGHUSDT,2026-01-25 17:00:00,0.0,NONE
409,RONINUSDT,2026-01-13 13:15:00,18.76347951114308,SILVER 🥈
410,FIDAUSDT,2026-01-30 17:00:00,6.296296296296289,BRONZE 🥉
411,SUIUSDT,2026-01-05 20:00:00,8.117923520615244,BRONZE 🥉
412,SUIUSDT,2026-01-13 22:30:00,1.3492312519610916,NONE
413,SUIUSDT,2026-01-21 14:30:00,2.4684005029448564,NONE
414,SUIUSDT,2026-01-30 18:45:00,0.7302636636175031,NONE
415,PEOPLEUSDT,2026-01-13 15:45:00,8.3180987202925,BRONZE 🥉
416,PEOPLEUSDT,2026-01-15 13:45:00,0.45578851412944044,NONE
417,VICUSDT,2026-01-01 13:30:00,6.166495375128478,BRONZE 🥉
418,VICUSDT,2026-01-01 13:45:00,2.7860696517412853,NONE
419,VICUSDT,2026-01-09 03:15:00,4.435058078141485,NONE
420,VICUSDT,2026-01-13 13:45:00,4.621848739495782,NONE
421,VICUSDT,2026-01-13 14:00:00,4.512067156348376,NONE
422,VICUSDT,2026-01-18 09:15:00,2.6748971193415683,NONE
423,VICUSDT,2026-01-18 09:30:00,2.5693730729702047,NONE
424,VICUSDT,2026-01-21 19:45:00,0.4459308807134965,NONE
425,VICUSDT,2026-01-22 16:00:00,2.19653179190753,NONE
426,VICUSDT,2026-01-27 16:00:00,11.734028683181208,SILVER 🥈
427,VICUSDT,2026-01-27 16:30:00,11.443433029908977,SILVER 🥈
428,VICUSDT,2026-01-27 16:45:00,11.734028683181208,SILVER 🥈
429,VICUSDT,2026-01-29 07:15:00,16.28222523744911,SILVER 🥈
430,VICUSDT,2026-01-29 09:30:00,0.7255139056832061,NONE
431,ASTRUSDT,2026-01-02 03:30:00,5.6513409961685745,BRONZE 🥉
432,ASTRUSDT,2026-01-05 13:15:00,6.278855032317643,BRONZE 🥉
433,ASTRUSDT,2026-01-13 14:30:00,5.366726296958846,BRONZE 🥉
434,ASTRUSDT,2026-01-22 09:45:00,0.19047619047618536,NONE
435,ASTRUSDT,2026-01-26 02:45:00,10.078740157480315,SILVER 🥈
436,FUSDT,2026-01-05 00:30:00,1.0624169986719778,NONE
437,FUSDT,2026-01-11 06:45:00,1.85185185185186,NONE
438,FUSDT,2026-01-13 22:30:00,0.14204545454545858,NONE
439,FUSDT,2026-01-18 15:45:00,1.9374068554396384,NONE
440,FUSDT,2026-01-21 19:45:00,9.569377990430628,BRONZE 🥉
441,FUSDT,2026-01-23 04:45:00,21.90016103059582,GOLD 🥇
442,FUSDT,2026-01-23 05:30:00,17.364341085271317,SILVER 🥈
443,FUSDT,2026-01-23 05:45:00,12.481426448736999,SILVER 🥈
444,FUSDT,2026-01-23 06:00:00,12.148148148148152,SILVER 🥈
445,FUSDT,2026-01-24 02:15:00,11.982248520710058,SILVER 🥈
446,FUSDT,2026-01-27 09:45:00,0.5847953216374213,NONE
447,FUSDT,2026-01-30 00:45:00,2.110389610389607,NONE
448,VELODROMEUSDT,2026-01-01 22:30:00,21.53846153846153,GOLD 🥇
449,VELODROMEUSDT,2026-01-02 22:00:00,5.333333333333323,BRONZE 🥉
450,VELODROMEUSDT,2026-01-02 22:15:00,4.405286343612325,NONE
451,VELODROMEUSDT,2026-01-02 22:30:00,4.405286343612325,NONE
452,VELODROMEUSDT,2026-01-13 22:30:00,4.435483870967749,NONE
453,VELODROMEUSDT,2026-01-15 05:00:00,1.2145748987854255,NONE
454,VELODROMEUSDT,2026-01-20 11:00:00,3.2710280373831946,NONE
455,VELODROMEUSDT,2026-01-21 19:45:00,2.314814814814814,NONE
456,VELODROMEUSDT,2026-01-25 00:30:00,1.4705882352941124,NONE
457,VELODROMEUSDT,2026-01-29 07:15:00,0.10482180293500676,NONE
458,JTOUSDT,2026-01-06 11:30:00,4.142011834319526,NONE
459,JTOUSDT,2026-01-20 23:30:00,3.2448377581120846,NONE
460,JTOUSDT,2026-01-25 00:30:00,11.538461538461542,SILVER 🥈
461,JTOUSDT,2026-01-25 00:45:00,11.538461538461542,SILVER 🥈
462,JTOUSDT,2026-01-25 01:00:00,10.882352941176453,SILVER 🥈
463,JTOUSDT,2026-01-25 13:30:00,5.602240896358546,BRONZE 🥉
464,JTOUSDT,2026-01-26 16:45:00,40.83333333333334,GOLD 🥇
465,JTOUSDT,2026-01-26 17:00:00,40.83333333333334,GOLD 🥇
466,JTOUSDT,2026-01-28 11:45:00,1.0060362173038184,NONE
467,THEUSDT,2026-01-03 21:15:00,2.0323325635104084,NONE
468,THEUSDT,2026-01-10 16:45:00,8.167675021607623,BRONZE 🥉
469,THEUSDT,2026-01-12 15:45:00,9.658857377722963,BRONZE 🥉
470,THEUSDT,2026-01-12 16:00:00,9.29946743138057,BRONZE 🥉
471,THEUSDT,2026-01-15 15:00:00,0.5599104143336753,NONE
472,THEUSDT,2026-01-24 18:45:00,4.95292672943104,NONE
473,THEUSDT,2026-01-24 19:15:00,4.738562091503273,NONE
474,THEUSDT,2026-01-25 15:00:00,3.3870967741935543,NONE
475,THEUSDT,2026-01-26 08:30:00,5.970149253731338,BRONZE 🥉
476,THEUSDT,2026-01-26 08:45:00,5.799436165928307,BRONZE 🥉
477,DUSDT,2026-01-03 11:45:00,2.3014105419450814,NONE
478,DUSDT,2026-01-09 09:15:00,0.8928571428571397,NONE
479,DUSDT,2026-01-17 14:15:00,27.31958762886597,GOLD 🥇
480,DUSDT,2026-01-17 14:45:00,26.66666666666666,GOLD 🥇
481,DUSDT,2026-01-18 11:00:00,29.3193717277487,GOLD 🥇
482,DUSDT,2026-01-18 12:30:00,0.12165450121655041,NONE
483,DUSDT,2026-01-20 14:15:00,7.81796966161028,BRONZE 🥉
484,DUSDT,2026-01-20 14:30:00,3.295454545454546,NONE
485,DUSDT,2026-01-27 19:30:00,19.17381137957912,SILVER 🥈
486,DUSDT,2026-01-27 19:45:00,17.70592763664358,SILVER 🥈
487,DUSDT,2026-01-28 16:30:00,4.819277108433728,NONE
488,DUSDT,2026-01-30 10:30:00,0.48678720445061163,NONE
489,AIUSDT,2026-01-13 16:45:00,3.0516431924882736,NONE
490,AIUSDT,2026-01-21 12:45:00,2.754820936639124,NONE
491,AIUSDT,2026-01-27 07:45:00,3.6144578313253017,NONE
492,MAGICUSDT,2026-01-02 06:15:00,3.1958762886597825,NONE
493,MAGICUSDT,2026-01-03 10:45:00,3.3434650455927084,NONE
494,MAGICUSDT,2026-01-04 08:30:00,3.2225579053373643,NONE
495,MAGICUSDT,2026-01-08 23:15:00,2.017543859649118,NONE
496,MAGICUSDT,2026-01-17 15:15:00,8.771929824561408,BRONZE 🥉
497,MAGICUSDT,2026-01-18 10:45:00,1.0291595197255532,NONE
498,MAGICUSDT,2026-01-22 15:45:00,2.164502164502169,NONE
499,MAGICUSDT,2026-01-25 00:00:00,-0.21186440677964935,NONE
500,MAGICUSDT,2026-01-29 15:45:00,1.9680196801967975,NONE
501,QNTUSDT,2026-01-13 10:30:00,7.348329925017039,BRONZE 🥉
502,QNTUSDT,2026-01-16 23:00:00,9.335183549892779,BRONZE 🥉
503,QNTUSDT,2026-01-16 23:15:00,9.087476400251738,BRONZE 🥉
504,QNTUSDT,2026-01-17 08:00:00,1.8329221008107188,NONE
505,QNTUSDT,2026-01-19 17:45:00,0.27681660899654403,NONE
506,STOUSDT,2026-01-05 20:15:00,3.2218091697645557,NONE
507,STOUSDT,2026-01-07 06:45:00,0.8474576271186418,NONE
508,STOUSDT,2026-01-07 07:00:00,0.24271844660195274,NONE
509,STOUSDT,2026-01-11 16:15:00,0.7702182284980763,NONE
510,STOUSDT,2026-01-17 15:15:00,78.25112107623318,DIAMOND 💎
511,STOUSDT,2026-01-17 20:00:00,6.496985934360366,BRONZE 🥉
512,STOUSDT,2026-01-17 20:15:00,2.19638242894058,NONE
513,STOUSDT,2026-01-24 10:30:00,15.302491103202831,SILVER 🥈
514,STOUSDT,2026-01-25 16:45:00,14.757969303423856,SILVER 🥈
515,STOUSDT,2026-01-26 08:45:00,7.166482910694594,BRONZE 🥉
516,STOUSDT,2026-01-27 06:15:00,2.3429179978700754,NONE
517,STEEMUSDT,2026-01-05 13:15:00,9.206798866855536,BRONZE 🥉
518,STEEMUSDT,2026-01-11 16:00:00,1.6460905349794164,NONE
519,STEEMUSDT,2026-01-13 02:00:00,8.356940509915024,BRONZE 🥉
520,STEEMUSDT,2026-01-15 20:00:00,1.6949152542372836,NONE
521,STEEMUSDT,2026-01-18 14:30:00,0.7072135785006983,NONE
522,STEEMUSDT,2026-01-25 00:45:00,3.92749244712991,NONE
523,STEEMUSDT,2026-01-25 11:30:00,4.210526315789465,NONE
524,STEEMUSDT,2026-01-25 15:15:00,5.000000000000004,BRONZE 🥉
525,STEEMUSDT,2026-01-27 00:30:00,2.0618556701030855,NONE
526,STEEMUSDT,2026-01-27 00:45:00,1.7621145374449476,NONE
527,REQUSDT,2026-01-02 14:45:00,2.730696798493404,NONE
528,REQUSDT,2026-01-03 00:15:00,1.7690875232774683,NONE
529,REQUSDT,2026-01-04 00:00:00,1.2939001848428777,NONE
530,REQUSDT,2026-01-05 11:00:00,1.846722068328721,NONE
531,REQUSDT,2026-01-06 14:00:00,0.27272727272726893,NONE
532,REQUSDT,2026-01-22 15:00:00,1.4191106906338735,NONE
533,REQUSDT,2026-01-26 07:30:00,2.063789868667909,NONE
534,REQUSDT,2026-01-27 16:45:00,1.492537313432818,NONE
535,MASKUSDT,2026-01-11 18:15:00,3.619909502262453,NONE
536,AUCTIONUSDT,2026-01-04 10:00:00,6.355140186915897,BRONZE 🥉
537,AUCTIONUSDT,2026-01-10 04:00:00,6.884057971014501,BRONZE 🥉
538,AUCTIONUSDT,2026-01-29 02:45:00,10.135135135135132,SILVER 🥈
539,FLUXUSDT,2026-01-11 11:45:00,2.297794117647056,NONE
540,FLUXUSDT,2026-01-13 10:15:00,6.25,BRONZE 🥉
541,FLUXUSDT,2026-01-13 12:00:00,4.050405040504046,NONE
542,FLUXUSDT,2026-01-13 12:15:00,3.4914950760966956,NONE
543,FLUXUSDT,2026-01-17 01:00:00,12.134251290877796,SILVER 🥈
544,FLUXUSDT,2026-01-17 01:15:00,11.367521367521348,SILVER 🥈
545,FLUXUSDT,2026-01-18 18:00:00,4.3689320388349495,NONE
546,FLUXUSDT,2026-01-27 16:15:00,1.6161616161616044,NONE
547,FLUXUSDT,2026-01-27 16:45:00,1.0040160642570184,NONE
548,FLUXUSDT,2026-01-28 21:30:00,0.7164790174002178,NONE
549,PHBUSDT,2026-01-08 07:30:00,1.7543859649122862,NONE
550,PHBUSDT,2026-01-19 14:00:00,9.18727915194346,BRONZE 🥉
551,PHBUSDT,2026-01-21 20:00:00,1.8656716417910557,NONE
552,PHBUSDT,2026-01-25 12:45:00,0.3984063745019917,NONE
553,PHBUSDT,2026-01-25 13:00:00,0.3984063745019917,NONE
554,PHBUSDT,2026-01-26 15:00:00,0.4132231404958775,NONE
555,PHBUSDT,2026-01-29 15:45:00,2.8037383177570208,NONE
556,GHSTUSDT,2026-01-02 12:45:00,3.9548022598870025,NONE
557,GHSTUSDT,2026-01-11 16:30:00,1.098901098901095,NONE
558,GHSTUSDT,2026-01-12 14:45:00,9.195402298850585,BRONZE 🥉
559,GHSTUSDT,2026-01-15 16:30:00,6.077348066298338,BRONZE 🥉
560,GHSTUSDT,2026-01-18 17:15:00,5.102040816326525,BRONZE 🥉
561,GHSTUSDT,2026-01-20 15:30:00,1.5706806282722585,NONE
562,GHSTUSDT,2026-01-22 22:00:00,2.9556650246305383,NONE
563,GHSTUSDT,2026-01-30 19:00:00,0.5988023952095745,NONE
564,GHSTUSDT,2026-01-30 21:15:00,0.60606060606061,NONE
565,WCTUSDT,2026-01-04 11:15:00,1.7688679245283057,NONE
566,WCTUSDT,2026-01-04 11:30:00,2.009456264775422,NONE
567,WCTUSDT,2026-01-08 07:30:00,1.980198019801982,NONE
568,WCTUSDT,2026-01-16 16:15:00,11.741935483870968,SILVER 🥈
569,WCTUSDT,2026-01-23 06:15:00,50.19607843137255,DIAMOND 💎
570,WCTUSDT,2026-01-24 10:45:00,38.10096153846154,GOLD 🥇
571,WCTUSDT,2026-01-29 13:15:00,1.196808510638303,NONE
572,WCTUSDT,2026-01-30 01:00:00,3.137789904502042,NONE
573,A2ZUSDT,2026-01-01 14:00:00,173.24478178368122,DIAMOND 💎
574,A2ZUSDT,2026-01-17 15:30:00,0.4790419161676551,NONE
575,A2ZUSDT,2026-01-21 15:30:00,5.726556907659264,BRONZE 🥉
576,A2ZUSDT,2026-01-27 16:00:00,1.0339734121122657,NONE
577,PENGUUSDT,2026-01-01 16:15:00,25.540691192865104,GOLD 🥇
578,PENGUUSDT,2026-01-01 17:15:00,22.255998262946463,GOLD 🥇
579,PENGUUSDT,2026-01-01 22:45:00,18.88724662162162,SILVER 🥈
580,PENGUUSDT,2026-01-13 22:30:00,2.3343708314806477,NONE
581,PENGUUSDT,2026-01-21 14:30:00,2.164887307236074,NONE
582,PENGUUSDT,2026-01-26 15:00:00,8.209338122113907,BRONZE 🥉
583,PENGUUSDT,2026-01-29 15:45:00,3.1342465753424698,NONE
584,ZENUSDT,2026-01-02 16:30:00,6.403994355801612,BRONZE 🥉
585,ZENUSDT,2026-01-11 11:00:00,16.03805640502887,SILVER 🥈
586,ZENUSDT,2026-01-13 03:45:00,39.41056254705819,GOLD 🥇
587,ZENUSDT,2026-01-13 04:00:00,38.42785432019653,GOLD 🥇
588,ZENUSDT,2026-01-25 00:30:00,1.3295152382900355,NONE
589,METUSDT,2026-01-01 23:00:00,11.000763941940427,SILVER 🥈
590,METUSDT,2026-01-02 05:30:00,3.6746343203710508,NONE
591,METUSDT,2026-01-02 05:45:00,3.232682060390779,NONE
592,METUSDT,2026-01-02 06:00:00,2.8672566371681585,NONE
593,METUSDT,2026-01-02 06:15:00,2.2519352568613815,NONE
594,METUSDT,2026-01-05 14:45:00,3.6564332528458143,NONE
595,METUSDT,2026-01-11 07:15:00,9.495896834701046,BRONZE 🥉
596,METUSDT,2026-01-16 07:30:00,28.490566037735853,GOLD 🥇
597,METUSDT,2026-01-16 07:45:00,21.47698894042098,GOLD 🥇
598,METUSDT,2026-01-16 08:15:00,10.26554404145077,SILVER 🥈
599,METUSDT,2026-01-18 00:45:00,15.272604131391798,SILVER 🥈
600,METUSDT,2026-01-21 14:30:00,7.47663551401867,BRONZE 🥉
601,METUSDT,2026-01-21 15:15:00,1.5183615819208907,NONE
602,METUSDT,2026-01-27 08:00:00,13.179237631792384,SILVER 🥈
603,METUSDT,2026-01-27 20:45:00,6.242862580890751,BRONZE 🥉
604,METUSDT,2026-01-27 21:00:00,6.36432926829269,BRONZE 🥉
605,MANTAUSDT,2026-01-18 14:30:00,1.3937282229965264,NONE
606,1000CHEEMSUSDT,2026-01-13 18:15:00,10.562685093780843,SILVER 🥈
607,ATOMUSDT,2026-01-07 14:00:00,1.902834008097165,NONE
608,ATOMUSDT,2026-01-13 14:00:00,4.697204968944102,NONE
609,ATOMUSDT,2026-01-16 12:30:00,4.710144927536231,NONE
610,PONDUSDT,2026-01-09 13:45:00,0.9876543209876631,NONE
611,PONDUSDT,2026-01-28 09:00:00,0.6172839506172867,NONE
612,PORTALUSDT,2026-01-01 15:30:00,4.8309178743961345,NONE
613,PORTALUSDT,2026-01-12 14:45:00,6.310679611650483,BRONZE 🥉
614,PORTALUSDT,2026-01-14 15:00:00,9.259259259259256,BRONZE 🥉
615,PORTALUSDT,2026-01-14 15:15:00,9.259259259259256,BRONZE 🥉
616,PORTALUSDT,2026-01-16 09:45:00,7.272727272727275,BRONZE 🥉
617,TWTUSDT,2026-01-13 17:00:00,6.025169840739486,BRONZE 🥉
618,TWTUSDT,2026-01-15 15:00:00,5.902407841466006,BRONZE 🥉
619,LISTAUSDT,2026-01-08 15:15:00,7.58323057953143,BRONZE 🥉
620,LISTAUSDT,2026-01-25 15:15:00,0.07077140835101137,NONE
621,FILUSDT,2026-01-01 14:00:00,7.645051194539243,BRONZE 🥉
622,FILUSDT,2026-01-01 14:15:00,6.7704807041299775,BRONZE 🥉
623,FILUSDT,2026-01-01 14:30:00,5.838926174496639,BRONZE 🥉
624,FILUSDT,2026-01-05 15:45:00,2.3016353725015204,NONE
625,FILUSDT,2026-01-14 15:15:00,3.501228501228515,NONE
626,FILUSDT,2026-01-17 09:15:00,3.5019455252918386,NONE
627,FILUSDT,2026-01-18 16:15:00,0.8414239482200658,NONE
628,FILUSDT,2026-01-29 15:45:00,1.750000000000007,NONE
629,FILUSDT,2026-01-29 16:00:00,1.6652789342214813,NONE
630,IDUSDT,2026-01-07 12:15:00,3.760445682451241,NONE
631,IDUSDT,2026-01-10 07:30:00,19.88505747126439,SILVER 🥈
632,IDUSDT,2026-01-10 07:45:00,10.253699788583504,SILVER 🥈
633,IDUSDT,2026-01-10 08:00:00,9.214659685863879,BRONZE 🥉
634,IDUSDT,2026-01-10 08:30:00,2.0449897750511203,NONE
635,LUNAUSDT,2026-01-10 09:45:00,0.10649627263046302,NONE
636,USUALUSDT,2026-01-01 16:15:00,10.15625,SILVER 🥈
637,USUALUSDT,2026-01-12 14:45:00,15.15151515151516,SILVER 🥈
638,USUALUSDT,2026-01-13 06:15:00,10.144927536231885,SILVER 🥈
639,USUALUSDT,2026-01-15 10:45:00,3.2573289902280145,NONE
640,USUALUSDT,2026-01-17 09:30:00,0.31948881789136685,NONE
641,USUALUSDT,2026-01-24 14:30:00,0.0,NONE
642,ANKRUSDT,2026-01-01 16:00:00,6.853582554517135,BRONZE 🥉
643,ANKRUSDT,2026-01-04 00:30:00,7.070707070707072,BRONZE 🥉
644,ANKRUSDT,2026-01-05 14:45:00,5.431754874651817,BRONZE 🥉
645,ANKRUSDT,2026-01-05 15:00:00,4.993065187239942,NONE
646,ANKRUSDT,2026-01-08 03:15:00,2.27576974564927,NONE
647,ANKRUSDT,2026-01-11 00:30:00,0.9575923392612928,NONE
648,ANKRUSDT,2026-01-16 16:30:00,6.906474820143882,BRONZE 🥉
649,ANKRUSDT,2026-01-21 19:15:00,7.582938388625604,BRONZE 🥉
650,ANKRUSDT,2026-01-21 19:30:00,6.572769953051649,BRONZE 🥉
651,ANKRUSDT,2026-01-21 21:30:00,3.8109756097560954,NONE
652,ANKRUSDT,2026-01-21 21:45:00,3.8109756097560954,NONE
653,ANKRUSDT,2026-01-25 07:00:00,1.2799999999999923,NONE
654,BIFIUSDT,2026-01-07 04:30:00,0.14695077149156077,NONE
655,BIFIUSDT,2026-01-09 08:00:00,103.40909090909088,DIAMOND 💎
656,BIFIUSDT,2026-01-09 08:15:00,103.92405063291137,DIAMOND 💎
657,BIFIUSDT,2026-01-09 08:30:00,79.29883138564273,DIAMOND 💎
658,BIFIUSDT,2026-01-09 08:45:00,77.4229074889868,DIAMOND 💎
659,BIFIUSDT,2026-01-09 10:15:00,59.980139026812296,DIAMOND 💎
660,BIFIUSDT,2026-01-18 06:45:00,10.038610038610042,SILVER 🥈
661,BIFIUSDT,2026-01-18 07:00:00,4.300091491308322,NONE
662,BIFIUSDT,2026-01-18 07:15:00,3.5892776010904237,NONE
663,BIFIUSDT,2026-01-30 11:00:00,2.8507546115148052,NONE
664,BERAUSDT,2026-01-11 09:00:00,0.8417508417508435,NONE
665,BERAUSDT,2026-01-13 04:30:00,62.454873646209386,DIAMOND 💎
666,BERAUSDT,2026-01-13 22:30:00,53.06122448979593,DIAMOND 💎
667,BERAUSDT,2026-01-14 00:30:00,32.54786450662739,GOLD 🥇
668,BERAUSDT,2026-01-14 00:45:00,14.649681528662416,SILVER 🥈
669,BERAUSDT,2026-01-17 06:30:00,30.53152039555005,GOLD 🥇
670,BERAUSDT,2026-01-30 02:00:00,10.39182282793869,SILVER 🥈
671,HIVEUSDT,2026-01-05 14:30:00,9.729187562688058,BRONZE 🥉
672,HIVEUSDT,2026-01-07 04:30:00,5.410447761194037,BRONZE 🥉
673,HIVEUSDT,2026-01-10 00:45:00,2.2956841138659367,NONE
674,HIVEUSDT,2026-01-21 19:45:00,1.9628099173553792,NONE
675,HIVEUSDT,2026-01-22 15:45:00,3.731343283582089,NONE
676,HIVEUSDT,2026-01-27 00:30:00,2.11193241816261,NONE
677,HIVEUSDT,2026-01-27 00:45:00,2.0042194092827037,NONE
678,HIVEUSDT,2026-01-27 01:00:00,1.1506276150627492,NONE
679,ENJUSDT,2026-01-01 14:45:00,1.4822134387351804,NONE
680,ENJUSDT,2026-01-17 15:30:00,5.441795231416546,BRONZE 🥉
681,ENJUSDT,2026-01-29 13:45:00,1.9942103570279812,NONE
682,WIFUSDT,2026-01-01 16:00:00,21.071428571428562,GOLD 🥇
683,WIFUSDT,2026-01-01 17:15:00,18.53146853146854,SILVER 🥈
684,WIFUSDT,2026-01-06 12:00:00,12.975391498881429,SILVER 🥈
685,WIFUSDT,2026-01-06 13:15:00,2.020202020202011,NONE
686,WIFUSDT,2026-01-06 13:30:00,0.2004008016031955,NONE
687,WIFUSDT,2026-01-13 22:30:00,2.1077283372365363,NONE
688,WIFUSDT,2026-01-16 16:30:00,3.4482758620689724,NONE
689,WIFUSDT,2026-01-21 14:30:00,2.932551319648069,NONE
690,WIFUSDT,2026-01-21 14:45:00,2.932551319648069,NONE
691,WIFUSDT,2026-01-26 15:00:00,0.5988023952095745,NONE
692,STRAXUSDT,2026-01-02 00:30:00,5.555555555555558,BRONZE 🥉
693,STRAXUSDT,2026-01-07 01:15:00,43.28621908127206,GOLD 🥇
694,STRAXUSDT,2026-01-08 00:45:00,7.452798940046357,BRONZE 🥉
695,STRAXUSDT,2026-01-08 01:00:00,0.12886597938144284,NONE
696,STRAXUSDT,2026-01-20 01:00:00,1.1753643629525135,NONE
697,STRAXUSDT,2026-01-27 00:15:00,3.4068136272545013,NONE
698,PAXGUSDT,2026-01-01 23:30:00,1.2807983482450158,NONE
699,PAXGUSDT,2026-01-05 00:45:00,2.6602575029261777,NONE
700,PAXGUSDT,2026-01-09 15:00:00,0.4520085073506763,NONE
701,PAXGUSDT,2026-01-09 15:45:00,0.1997484321298204,NONE
702,PAXGUSDT,2026-01-16 16:00:00,0.49451277672400984,NONE
703,PAXGUSDT,2026-01-20 05:45:00,3.807836171592349,NONE
704,PAXGUSDT,2026-01-20 06:00:00,3.8174840049257863,NONE
705,PAXGUSDT,2026-01-21 00:15:00,3.306007870065142,NONE
706,PAXGUSDT,2026-01-29 16:00:00,3.104976525821601,NONE
707,MTLUSDT,2026-01-05 05:00:00,7.36842105263158,BRONZE 🥉
708,MTLUSDT,2026-01-12 04:30:00,23.29113924050632,GOLD 🥇
709,MTLUSDT,2026-01-27 00:30:00,0.26109660574411553,NONE
710,ACHUSDT,2026-01-02 05:45:00,17.440401505646186,SILVER 🥈
711,ACHUSDT,2026-01-03 18:30:00,6.0022650056625215,BRONZE 🥉
712,ACHUSDT,2026-01-03 18:45:00,3.4254143646408775,NONE
713,ACHUSDT,2026-01-03 19:00:00,0.6472491909385036,NONE
714,ACHUSDT,2026-01-07 07:45:00,6.0381355932203284,BRONZE 🥉
715,ACHUSDT,2026-01-07 17:15:00,3.1958762886597825,NONE
716,ACHUSDT,2026-01-09 18:00:00,17.500000000000004,SILVER 🥈
717,ACHUSDT,2026-01-10 15:45:00,9.528392685274301,BRONZE 🥉
718,ACHUSDT,2026-01-13 16:30:00,8.371246587807102,BRONZE 🥉
719,ACHUSDT,2026-01-15 10:00:00,8.561020036429866,BRONZE 🥉
720,ACHUSDT,2026-01-15 19:00:00,4.929577464788726,NONE
721,ACHUSDT,2026-01-18 09:45:00,13.69509043927648,SILVER 🥈
722,ACHUSDT,2026-01-18 10:30:00,9.090909090909083,BRONZE 🥉
723,ACHUSDT,2026-01-18 10:45:00,7.404393816110644,BRONZE 🥉
724,ACHUSDT,2026-01-20 14:30:00,0.15432098765433278,NONE
725,ACHUSDT,2026-01-23 17:45:00,2.071713147410348,NONE
726,ACHUSDT,2026-01-25 06:30:00,0.4893964110929794,NONE
727,ACHUSDT,2026-01-25 06:45:00,0.8183306055646433,NONE
728,ACHUSDT,2026-01-27 08:45:00,2.692307692307705,NONE
729,ACHUSDT,2026-01-28 09:30:00,0.0950570342205248,NONE
730,VIRTUALUSDT,2026-01-05 01:45:00,19.220055710306383,SILVER 🥈
731,VIRTUALUSDT,2026-01-09 09:15:00,6.260154831310327,BRONZE 🥉
732,VIRTUALUSDT,2026-01-11 09:00:00,0.22536734877849351,NONE
733,VIRTUALUSDT,2026-01-13 22:30:00,5.676190476190457,BRONZE 🥉
734,VIRTUALUSDT,2026-01-26 15:00:00,3.5037540221666275,NONE
735,BARDUSDT,2026-01-07 03:00:00,-0.012006243246487358,NONE
736,BARDUSDT,2026-01-10 03:30:00,4.441368897835929,NONE
737,BARDUSDT,2026-01-10 03:45:00,3.8144072036017995,NONE
738,BARDUSDT,2026-01-12 02:15:00,2.4814814814814623,NONE
739,BARDUSDT,2026-01-13 18:15:00,17.647794025746787,SILVER 🥈
740,BARDUSDT,2026-01-22 17:00:00,1.2244897959183598,NONE
741,BARDUSDT,2026-01-25 00:30:00,6.885660138976624,BRONZE 🥉
742,BARDUSDT,2026-01-29 21:15:00,2.614118895966011,NONE
743,ATAUSDT,2026-01-01 16:15:00,7.471264367816111,BRONZE 🥉
744,ATAUSDT,2026-01-01 16:30:00,7.471264367816111,BRONZE 🥉
745,ATAUSDT,2026-01-04 15:15:00,2.6737967914438387,NONE
746,ATAUSDT,2026-01-06 06:45:00,1.5789473684210575,NONE
747,ATAUSDT,2026-01-11 10:30:00,0.5555555555555758,NONE
748,ATAUSDT,2026-01-11 23:30:00,9.714285714285698,BRONZE 🥉
749,ATAUSDT,2026-01-12 08:30:00,8.474576271186418,BRONZE 🥉
750,ATAUSDT,2026-01-12 08:45:00,7.2625698324022325,BRONZE 🥉
751,ATAUSDT,2026-01-13 11:00:00,9.090909090909083,BRONZE 🥉
752,ATAUSDT,2026-01-13 22:30:00,0.5235602094240788,NONE
753,ATAUSDT,2026-01-20 12:45:00,6.25,BRONZE 🥉
754,ATAUSDT,2026-01-23 15:15:00,4.046242774566466,NONE
755,C98USDT,2026-01-04 06:15:00,4.115226337448563,NONE
756,C98USDT,2026-01-09 05:30:00,3.125,NONE
757,C98USDT,2026-01-24 14:15:00,0.8968609865470878,NONE
758,C98USDT,2026-01-25 15:00:00,0.4587155963302614,NONE
759,XNOUSDT,2026-01-05 17:00:00,1.708278580814726,NONE
760,XNOUSDT,2026-01-08 15:45:00,1.6666666666666607,NONE
761,XNOUSDT,2026-01-20 12:00:00,2.7397260273972712,NONE
762,XNOUSDT,2026-01-24 09:00:00,2.6315789473684292,NONE
763,XNOUSDT,2026-01-25 20:00:00,7.860262008733621,BRONZE 🥉
764,XNOUSDT,2026-01-26 05:15:00,1.54494382022472,NONE
765,XNOUSDT,2026-01-27 23:30:00,0.2781641168289273,NONE
766,MORPHOUSDT,2026-01-13 16:45:00,6.0830860534124565,BRONZE 🥉
767,MORPHOUSDT,2026-01-17 15:30:00,1.86150409530903,NONE
768,MORPHOUSDT,2026-01-30 18:45:00,0.9876543209876631,NONE
769,FIOUSDT,2026-01-01 15:30:00,4.322527015793853,NONE
770,FIOUSDT,2026-01-03 11:45:00,2.261306532663321,NONE
771,FIOUSDT,2026-01-07 19:30:00,0.7401315789473673,NONE
772,FIOUSDT,2026-01-12 01:15:00,5.54089709762533,BRONZE 🥉
773,FIOUSDT,2026-01-23 15:45:00,4.208600182982614,NONE
774,FIOUSDT,2026-01-29 08:00:00,6.3730084348641025,BRONZE 🥉
775,POWRUSDT,2026-01-21 00:45:00,2.3728813559322104,NONE
776,POWRUSDT,2026-01-31 07:00:00,3.4928848641655907,NONE
777,GLMRUSDT,2026-01-09 11:30:00,2.880658436214012,NONE
778,GLMRUSDT,2026-01-27 13:30:00,14.69194312796207,SILVER 🥈
779,GLMRUSDT,2026-01-27 13:45:00,14.69194312796207,SILVER 🥈
780,GASUSDT,2026-01-03 02:45:00,1.9361084220716362,NONE
781,GASUSDT,2026-01-11 22:45:00,4.567307692307687,NONE
782,GASUSDT,2026-01-13 22:30:00,2.2211938917167995,NONE
783,GASUSDT,2026-01-21 14:30:00,1.8887722980063026,NONE
784,GASUSDT,2026-01-27 00:45:00,0.9337068160597539,NONE
785,NKNUSDT,2026-01-01 16:30:00,7.317073170731714,BRONZE 🥉
786,NKNUSDT,2026-01-04 08:15:00,5.384615384615388,BRONZE 🥉
787,NKNUSDT,2026-01-04 16:15:00,3.7878787878787845,NONE
788,NKNUSDT,2026-01-06 01:15:00,2.2222222222222143,NONE
789,NKNUSDT,2026-01-21 15:00:00,1.5625,NONE
790,NKNUSDT,2026-01-21 19:45:00,0.0,NONE
791,币安人生USDT,2026-01-08 14:45:00,13.423295454545459,SILVER 🥈
792,币安人生USDT,2026-01-12 09:15:00,77.95566502463053,DIAMOND 💎
793,币安人生USDT,2026-01-12 09:30:00,76.32702867602197,DIAMOND 💎
794,币安人生USDT,2026-01-14 02:30:00,0.9206798866855603,NONE
795,币安人生USDT,2026-01-21 09:30:00,13.34093500570126,SILVER 🥈
796,币安人生USDT,2026-01-27 16:30:00,1.355514479359221,NONE
797,DOLOUSDT,2026-01-12 14:15:00,51.51515151515154,DIAMOND 💎
798,DOLOUSDT,2026-01-12 16:45:00,20.758630908282715,GOLD 🥇
799,DOLOUSDT,2026-01-12 17:00:00,19.04761904761907,SILVER 🥈
800,DOLOUSDT,2026-01-15 03:15:00,15.50780180673419,SILVER 🥈
801,DOLOUSDT,2026-01-20 08:00:00,10.855476344782877,SILVER 🥈
802,DOLOUSDT,2026-01-20 08:15:00,7.040050062578196,BRONZE 🥉
803,DOLOUSDT,2026-01-20 08:30:00,6.57320872274143,BRONZE 🥉
804,DOLOUSDT,2026-01-20 08:45:00,3.934376424122732,NONE
805,DOLOUSDT,2026-01-29 07:45:00,0.041762372102738254,NONE
806,LSKUSDT,2026-01-04 10:30:00,4.8309178743961345,NONE
807,LSKUSDT,2026-01-04 10:45:00,4.8309178743961345,NONE
808,LSKUSDT,2026-01-04 14:15:00,0.4629629629629539,NONE
809,LSKUSDT,2026-01-13 02:15:00,8.333333333333348,BRONZE 🥉
810,LSKUSDT,2026-01-13 08:45:00,6.25,BRONZE 🥉
811,LSKUSDT,2026-01-13 14:15:00,3.7558685446009488,NONE
812,LSKUSDT,2026-01-22 16:45:00,3.409090909090917,NONE
813,LSKUSDT,2026-01-29 13:30:00,0.5952380952380931,NONE
814,LSKUSDT,2026-01-30 05:45:00,3.7735849056603765,NONE
815,LUNCUSDT,2026-01-13 22:30:00,1.3217866909753795,NONE
816,LUNCUSDT,2026-01-17 13:30:00,0.6666666666666599,NONE
817,LUNCUSDT,2026-01-24 14:15:00,2.0429273338505194,NONE
818,HOLOUSDT,2026-01-10 19:30:00,2.2486772486772333,NONE
819,HOLOUSDT,2026-01-13 22:30:00,9.871794871794858,BRONZE 🥉
820,HOLOUSDT,2026-01-17 10:45:00,5.208333333333348,BRONZE 🥉
821,HOLOUSDT,2026-01-19 19:30:00,-0.14306151645208098,NONE
822,HOLOUSDT,2026-01-25 10:00:00,2.0501138952163878,NONE
823,IQUSDT,2026-01-02 22:30:00,3.316953316953297,NONE
824,IQUSDT,2026-01-04 00:30:00,2.650602409638547,NONE
825,IQUSDT,2026-01-07 01:15:00,11.501416430594901,SILVER 🥈
826,IQUSDT,2026-01-08 02:15:00,9.211986681465056,BRONZE 🥉
827,IQUSDT,2026-01-09 00:30:00,6.014614952220354,BRONZE 🥉
828,IQUSDT,2026-01-28 23:30:00,1.5473887814313247,NONE
829,ONTUSDT,2026-01-10 08:45:00,2.2026431718061623,NONE
830,ONTUSDT,2026-01-11 18:00:00,3.091190108191655,NONE
831,ONTUSDT,2026-01-13 06:15:00,7.968749999999991,BRONZE 🥉
832,ONTUSDT,2026-01-13 06:30:00,7.298136645962727,BRONZE 🥉
833,ONTUSDT,2026-01-13 06:45:00,7.298136645962727,BRONZE 🥉
834,ONTUSDT,2026-01-13 07:00:00,6.144393241167423,BRONZE 🥉
835,ONTUSDT,2026-01-13 07:15:00,6.307692307692303,BRONZE 🥉
836,ONTUSDT,2026-01-20 23:15:00,3.767123287671237,NONE
837,ONTUSDT,2026-01-27 00:30:00,2.050473186119861,NONE
838,LAYERUSDT,2026-01-17 12:30:00,1.1124845488257096,NONE
839,LAYERUSDT,2026-01-25 09:15:00,14.099216710182771,SILVER 🥈
840,LAYERUSDT,2026-01-25 10:15:00,12.339331619537287,SILVER 🥈
841,LAYERUSDT,2026-01-29 04:45:00,1.0670731707316916,NONE
842,KAIAUSDT,2026-01-03 09:15:00,9.9145299145299,BRONZE 🥉
843,KAIAUSDT,2026-01-04 16:45:00,14.513556618819766,SILVER 🥈
844,KAIAUSDT,2026-01-11 23:30:00,3.459119496855334,NONE
845,KAIAUSDT,2026-01-14 15:15:00,0.6279434850863463,NONE
846,KAIAUSDT,2026-01-19 02:00:00,0.8944543828264706,NONE
847,KAIAUSDT,2026-01-22 00:30:00,37.9962192816635,GOLD 🥇
848,KAIAUSDT,2026-01-23 01:45:00,74.59459459459458,DIAMOND 💎
849,KAIAUSDT,2026-01-23 02:00:00,68.22916666666667,DIAMOND 💎
850,KAIAUSDT,2026-01-23 04:15:00,65.64102564102564,DIAMOND 💎
851,KAIAUSDT,2026-01-23 15:30:00,43.55555555555555,GOLD 🥇
852,KAIAUSDT,2026-01-25 23:45:00,2.9562982005141514,NONE
853,ACXUSDT,2026-01-01 16:00:00,7.355864811133195,BRONZE 🥉
854,ACXUSDT,2026-01-08 20:30:00,12.641509433962273,SILVER 🥈
855,ACXUSDT,2026-01-08 22:00:00,6.227758007117434,BRONZE 🥉
856,ACXUSDT,2026-01-08 23:45:00,3.287197231833927,NONE
857,ACXUSDT,2026-01-11 22:45:00,10.956175298804771,SILVER 🥈
858,ACXUSDT,2026-01-25 00:15:00,1.4583333333333393,NONE
859,ACXUSDT,2026-01-25 02:15:00,1.0373443983402453,NONE
860,ACXUSDT,2026-01-28 06:15:00,1.0775862068965525,NONE
861,ACXUSDT,2026-01-28 18:00:00,0.8714596949890963,NONE
862,ONGUSDT,2026-01-06 01:00:00,3.9087947882736174,NONE
863,ONGUSDT,2026-01-10 08:30:00,0.0,NONE
864,ONGUSDT,2026-01-11 02:15:00,0.3215434083601476,NONE
865,ONGUSDT,2026-01-13 16:00:00,3.9215686274509665,NONE
866,ONGUSDT,2026-01-17 13:45:00,1.0810810810810922,NONE
867,ONGUSDT,2026-01-17 14:00:00,0.9719222462202914,NONE
868,ONGUSDT,2026-01-18 12:15:00,0.10952902519165697,NONE
869,ONGUSDT,2026-01-21 19:45:00,0.24038461538462563,NONE
870,ONGUSDT,2026-01-26 13:15:00,30.902348578491967,GOLD 🥇
871,ONGUSDT,2026-01-27 00:30:00,1.2807881773398977,NONE
872,DEXEUSDT,2026-01-06 06:30:00,1.1122881355932313,NONE
873,DEXEUSDT,2026-01-09 12:30:00,5.114285714285716,BRONZE 🥉
874,DEXEUSDT,2026-01-10 11:30:00,20.603448275862068,GOLD 🥇
875,DEXEUSDT,2026-01-10 11:45:00,18.996314148001137,SILVER 🥈
876,DEXEUSDT,2026-01-10 13:00:00,18.025871766029255,SILVER 🥈
877,DEXEUSDT,2026-01-11 15:45:00,11.385350318471342,SILVER 🥈
878,DEXEUSDT,2026-01-14 07:00:00,1.6661794796843044,NONE
879,DEXEUSDT,2026-01-17 14:45:00,1.7132551848512145,NONE
880,DEXEUSDT,2026-01-28 02:45:00,5.594174114531603,BRONZE 🥉
881,LPTUSDT,2026-01-04 00:00:00,6.384976525821595,BRONZE 🥉
882,LPTUSDT,2026-01-10 19:45:00,0.3686897334089778,NONE
883,KNCUSDT,2026-01-01 16:00:00,3.7791932059447975,NONE
884,KNCUSDT,2026-01-07 04:45:00,0.11578541103822726,NONE
885,KNCUSDT,2026-01-09 15:30:00,2.21386800334169,NONE
886,KNCUSDT,2026-01-13 03:15:00,0.3620273531778073,NONE
887,FRAXUSDT,2026-01-19 14:45:00,1.1642411642411643,NONE
888,FRAXUSDT,2026-01-24 15:30:00,5.7071464267866245,BRONZE 🥉
889,FRAXUSDT,2026-01-27 03:30:00,26.788067569186545,GOLD 🥇
890,FRAXUSDT,2026-01-27 21:30:00,21.699632014719406,GOLD 🥇
891,FRAXUSDT,2026-01-27 21:45:00,20.79671270402923,GOLD 🥇
892,BANANAS31USDT,2026-01-04 13:45:00,7.382399279765939,BRONZE 🥉
893,BANANAS31USDT,2026-01-06 09:15:00,1.995068370320574,NONE
894,BANANAS31USDT,2026-01-13 06:15:00,10.869565217391287,SILVER 🥈
895,BANANAS31USDT,2026-01-13 08:30:00,6.839979808177676,BRONZE 🥉
896,BANANAS31USDT,2026-01-19 09:30:00,5.589756217680364,BRONZE 🥉
897,BANANAS31USDT,2026-01-25 16:30:00,12.726406101048603,SILVER 🥈
898,BANANAS31USDT,2026-01-27 07:45:00,13.783978830887644,SILVER 🥈
899,BANANAS31USDT,2026-01-27 08:00:00,10.95472671827351,SILVER 🥈
900,BANANAS31USDT,2026-01-27 08:30:00,5.698324022346379,BRONZE 🥉
901,BANANAS31USDT,2026-01-27 09:15:00,4.162078837260519,NONE
902,BIOUSDT,2026-01-13 22:30:00,3.03030303030305,NONE
903,BIOUSDT,2026-01-16 20:30:00,16.88596491228069,SILVER 🥈
904,BIOUSDT,2026-01-16 20:45:00,14.13276231263383,SILVER 🥈
905,BIOUSDT,2026-01-18 11:30:00,11.974789915966388,SILVER 🥈
906,BIOUSDT,2026-01-18 20:15:00,0.0,NONE
907,BIOUSDT,2026-01-19 18:15:00,14.470842332613376,SILVER 🥈
908,BIOUSDT,2026-01-19 18:30:00,13.247863247863245,SILVER 🥈
909,BIOUSDT,2026-01-22 10:30:00,12.857142857142856,SILVER 🥈
910,BIOUSDT,2026-01-22 11:45:00,8.431372549019622,BRONZE 🥉
911,BIOUSDT,2026-01-27 19:45:00,0.6607929515418443,NONE
912,BIOUSDT,2026-01-29 15:45:00,1.2562814070351758,NONE
913,BELUSDT,2026-01-06 14:00:00,0.7984031936127733,NONE
914,BELUSDT,2026-01-06 14:15:00,0.0,NONE
915,BELUSDT,2026-01-14 14:45:00,0.9735744089012455,NONE
916,BELUSDT,2026-01-27 16:15:00,3.2874617737002954,NONE
917,GMTUSDT,2026-01-08 02:00:00,28.384798099762463,GOLD 🥇
918,GMTUSDT,2026-01-12 12:15:00,3.94605394605394,NONE
919,GMTUSDT,2026-01-12 12:30:00,0.29097963142581396,NONE
920,GMTUSDT,2026-01-20 02:45:00,0.28169014084507005,NONE
921,GNOUSDT,2026-01-04 00:15:00,3.544816609997836,NONE
922,GNOUSDT,2026-01-16 08:15:00,1.8950837681955601,NONE
923,GNOUSDT,2026-01-28 10:00:00,0.10474128901614144,NONE
924,GNOUSDT,2026-01-29 20:45:00,2.3995200959807894,NONE
925,GNOUSDT,2026-01-29 21:00:00,1.4863258026159398,NONE
926,GNOUSDT,2026-01-29 21:15:00,1.4184923876717326,NONE
927,COMPUSDT,2026-01-06 06:30:00,1.9428152492668493,NONE
928,COMPUSDT,2026-01-15 09:45:00,0.1464664957890882,NONE
929,MANAUSDT,2026-01-13 13:15:00,8.764665286404405,BRONZE 🥉
930,SOPHUSDT,2026-01-03 13:15:00,17.157974300831434,SILVER 🥈
931,SOPHUSDT,2026-01-04 01:15:00,5.585831062670299,BRONZE 🥉
932,SOPHUSDT,2026-01-12 01:15:00,5.929487179487181,BRONZE 🥉
933,SOPHUSDT,2026-01-15 07:15:00,4.782298358315495,NONE
934,SOPHUSDT,2026-01-16 00:30:00,6.222865412445722,BRONZE 🥉
935,SOPHUSDT,2026-01-16 01:00:00,4.3196544276457916,NONE
936,SOPHUSDT,2026-01-16 03:30:00,4.169662113587336,NONE
937,SOPHUSDT,2026-01-23 05:45:00,26.56641604010026,GOLD 🥇
938,SOPHUSDT,2026-01-25 00:00:00,11.97339246119733,SILVER 🥈
939,SOPHUSDT,2026-01-25 00:30:00,10.503282275711157,SILVER 🥈
940,SOPHUSDT,2026-01-25 00:45:00,2.732240437158473,NONE
941,SKLUSDT,2026-01-05 20:00:00,3.080985915492951,NONE
942,SKLUSDT,2026-01-22 08:15:00,19.959677419354847,SILVER 🥈
943,SKLUSDT,2026-01-29 15:45:00,3.875968992248069,NONE
944,AUDIOUSDT,2026-01-02 10:15:00,4.026845637583887,NONE
945,AUDIOUSDT,2026-01-07 10:15:00,9.937888198757761,BRONZE 🥉
946,AUDIOUSDT,2026-01-09 09:15:00,1.2779552715654896,NONE
947,AUDIOUSDT,2026-01-11 16:30:00,3.8461538461538547,NONE
948,AUDIOUSDT,2026-01-13 22:30:00,0.9493670886075778,NONE
949,AUDIOUSDT,2026-01-14 14:45:00,0.3154574132492094,NONE
950,AUDIOUSDT,2026-01-15 21:30:00,4.575163398692816,NONE
951,AUDIOUSDT,2026-01-21 14:45:00,2.0689655172413834,NONE
952,AXSUSDT,2026-01-13 13:15:00,23.28888888888889,GOLD 🥇
953,AXSUSDT,2026-01-20 12:45:00,20.615384615384635,GOLD 🥇
954,DGBUSDT,2026-01-05 16:30:00,2.6315789473684292,NONE
955,DGBUSDT,2026-01-10 13:00:00,0.33444816053511683,NONE
956,DGBUSDT,2026-01-17 20:30:00,13.260530421216842,SILVER 🥈
957,DGBUSDT,2026-01-17 20:45:00,13.260530421216842,SILVER 🥈
958,DGBUSDT,2026-01-17 22:15:00,2.9787234042553123,NONE
959,MLNUSDT,2026-01-01 16:45:00,3.765690376569042,NONE
960,MLNUSDT,2026-01-06 13:30:00,2.895752895752901,NONE
961,MLNUSDT,2026-01-08 15:30:00,0.19723865877712132,NONE
962,MLNUSDT,2026-01-13 10:30:00,6.530612244897949,BRONZE 🥉
963,MLNUSDT,2026-01-13 14:00:00,5.668016194331971,BRONZE 🥉
964,MLNUSDT,2026-01-13 14:15:00,5.454545454545445,BRONZE 🥉
965,MLNUSDT,2026-01-13 21:15:00,4.400000000000004,NONE
966,MLNUSDT,2026-01-14 06:00:00,3.5714285714285587,NONE
967,MLNUSDT,2026-01-24 17:00:00,7.758620689655182,BRONZE 🥉
968,MLNUSDT,2026-01-25 13:15:00,4.384133611691032,NONE
969,MLNUSDT,2026-01-25 15:00:00,2.249488752556239,NONE
970,PROVEUSDT,2026-01-02 12:00:00,5.225483178239099,BRONZE 🥉
971,PROVEUSDT,2026-01-10 08:45:00,1.5050167224080147,NONE
972,PROVEUSDT,2026-01-13 22:30:00,0.24314765694075646,NONE
973,PROVEUSDT,2026-01-17 13:30:00,2.1624219125420563,NONE
974,PROVEUSDT,2026-01-17 13:45:00,1.2863268222963464,NONE
975,PROVEUSDT,2026-01-21 14:30:00,6.19930475086905,BRONZE 🥉
976,PROVEUSDT,2026-01-24 14:00:00,6.499460625674214,BRONZE 🥉
977,PROVEUSDT,2026-01-28 10:15:00,1.7904160084254883,NONE
978,PROVEUSDT,2026-01-29 15:45:00,15.596064814814813,SILVER 🥈
979,BROCCOLI714USDT,2026-01-03 21:45:00,90.24390243902442,DIAMOND 💎
980,BROCCOLI714USDT,2026-01-04 16:15:00,48.78556557945872,GOLD 🥇
981,BROCCOLI714USDT,2026-01-06 09:15:00,7.533914728682167,BRONZE 🥉
982,BROCCOLI714USDT,2026-01-08 17:00:00,2.4970622796709696,NONE
983,BROCCOLI714USDT,2026-01-16 06:30:00,8.657314629258517,BRONZE 🥉
984,BROCCOLI714USDT,2026-01-16 06:45:00,5.363389040031086,BRONZE 🥉
985,BROCCOLI714USDT,2026-01-16 07:00:00,3.8299502106472483,NONE
986,LQTYUSDT,2026-01-25 13:45:00,4.491017964071853,NONE
987,LQTYUSDT,2026-01-27 19:45:00,1.1627906976744207,NONE
988,CVXUSDT,2026-01-02 17:00:00,53.16961736150772,DIAMOND 💎
989,CVXUSDT,2026-01-03 16:30:00,51.183765501691084,DIAMOND 💎
990,CVXUSDT,2026-01-03 16:45:00,47.20087815587266,GOLD 🥇
991,CVXUSDT,2026-01-03 17:00:00,42.73549760510911,GOLD 🥇
992,CVXUSDT,2026-01-03 17:15:00,30.51094890510948,GOLD 🥇
993,CVXUSDT,2026-01-03 18:15:00,21.30257801899593,GOLD 🥇
994,CVXUSDT,2026-01-13 16:00:00,5.168210628961467,BRONZE 🥉
995,CVXUSDT,2026-01-15 09:30:00,2.700096432015431,NONE
996,CVXUSDT,2026-01-20 17:15:00,14.83007209062821,SILVER 🥈
997,CVXUSDT,2026-01-24 11:15:00,7.238358690640845,BRONZE 🥉
998,CVXUSDT,2026-01-24 11:30:00,5.63124432334241,BRONZE 🥉
999,CVXUSDT,2026-01-28 10:15:00,7.457156090782768,BRONZE 🥉
1000,CVXUSDT,2026-01-28 11:15:00,4.929895974672083,NONE
1001,AMPUSDT,2026-01-05 22:00:00,26.291512915129168,GOLD 🥇
1002,AMPUSDT,2026-01-07 12:45:00,20.298769771529003,GOLD 🥇
1003,AMPUSDT,2026-01-07 13:00:00,19.095258808177483,SILVER 🥈
1004,AMPUSDT,2026-01-07 13:30:00,11.80073499387506,SILVER 🥈
1005,AMPUSDT,2026-01-07 14:00:00,1.9133151112846525,NONE
1006,ALTUSDT,2026-01-04 17:45:00,5.347985347985351,BRONZE 🥉
1007,ALTUSDT,2026-01-10 19:15:00,0.45977011494251485,NONE
1008,ALTUSDT,2026-01-14 15:00:00,1.3293943870014813,NONE
1009,ALTUSDT,2026-01-16 07:30:00,2.5287356321838983,NONE
1010,ALTUSDT,2026-01-21 14:30:00,2.368866328257191,NONE
1011,ALTUSDT,2026-01-25 00:30:00,3.252710592160124,NONE
1012,EURUSDT,2026-01-05 15:15:00,0.401915512228479,NONE
1013,EURUSDT,2026-01-18 14:30:00,1.4230271668822736,NONE
1014,EURUSDT,2026-01-18 23:30:00,1.1264941095536996,NONE
1015,EURUSDT,2026-01-19 00:30:00,1.0656583018219257,NONE
1016,EURUSDT,2026-01-27 21:15:00,0.04976775049767568,NONE
1017,EURUSDT,2026-01-29 03:30:00,0.11672502918125272,NONE
1018,DATAUSDT,2026-01-03 11:15:00,1.655629139072845,NONE
1019,DATAUSDT,2026-01-22 06:30:00,2.0270270270270174,NONE
1020,DATAUSDT,2026-01-23 08:00:00,4.0609137055837685,NONE
1021,DATAUSDT,2026-01-27 07:30:00,17.910447761194035,SILVER 🥈
1022,DATAUSDT,2026-01-27 08:00:00,7.9726651480637845,BRONZE 🥉
1023,GTCUSDT,2026-01-17 13:15:00,4.166666666666674,NONE
1024,GTCUSDT,2026-01-30 18:45:00,1.680672268907557,NONE
1025,TFUELUSDT,2026-01-02 17:15:00,4.86725663716816,NONE
1026,TFUELUSDT,2026-01-06 04:15:00,6.6214807090719585,BRONZE 🥉
1027,TFUELUSDT,2026-01-18 00:30:00,2.215799614643532,NONE
1028,TREEUSDT,2026-01-02 08:15:00,6.369426751592355,BRONZE 🥉
1029,TREEUSDT,2026-01-03 09:30:00,2.0408163265306145,NONE
1030,TREEUSDT,2026-01-03 09:45:00,2.313167259786475,NONE
1031,TREEUSDT,2026-01-07 04:30:00,11.19724375538329,SILVER 🥈
1032,TREEUSDT,2026-01-12 01:15:00,3.470919324577859,NONE
1033,TREEUSDT,2026-01-21 14:30:00,9.518828451882833,BRONZE 🥉
1034,TREEUSDT,2026-01-22 10:30:00,12.943632567849694,SILVER 🥈
1035,TREEUSDT,2026-01-23 05:45:00,28.815261044176708,GOLD 🥇
1036,TREEUSDT,2026-01-23 06:00:00,27.408142999006955,GOLD 🥇
1037,TREEUSDT,2026-01-23 06:15:00,26.279527559055115,GOLD 🥇
1038,TREEUSDT,2026-01-23 06:30:00,23.96135265700483,GOLD 🥇
1039,NTRNUSDT,2026-01-13 16:00:00,4.166666666666674,NONE
1040,NTRNUSDT,2026-01-17 12:45:00,1.7985611510791477,NONE
1041,NTRNUSDT,2026-01-25 14:00:00,6.113537117903922,BRONZE 🥉
1042,NTRNUSDT,2026-01-29 15:45:00,2.2471910112359605,NONE
1043,CATIUSDT,2026-01-02 16:45:00,2.6186579378068897,NONE
1044,CATIUSDT,2026-01-09 22:15:00,0.8264462809917328,NONE
1045,CATIUSDT,2026-01-10 17:30:00,0.9983361064891838,NONE
1046,CATIUSDT,2026-01-13 17:45:00,1.3114754098360715,NONE
1047,CATIUSDT,2026-01-15 23:45:00,4.492512479201327,NONE
1048,CATIUSDT,2026-01-16 00:00:00,4.492512479201327,NONE
1049,CATIUSDT,2026-01-16 00:15:00,4.492512479201327,NONE
1050,CATIUSDT,2026-01-19 00:45:00,1.830282861896837,NONE
1051,CATIUSDT,2026-01-19 01:15:00,1.661129568106312,NONE
1052,CATIUSDT,2026-01-20 07:15:00,2.8813559322034,NONE
1053,CATIUSDT,2026-01-24 10:30:00,0.5042016806722671,NONE
1054,CATIUSDT,2026-01-25 15:45:00,0.8460236886632888,NONE
1055,CATIUSDT,2026-01-26 18:30:00,1.016949152542379,NONE
1056,CATIUSDT,2026-01-29 15:45:00,0.723327305605781,NONE
1057,IOSTUSDT,2026-01-28 12:15:00,3.2953105196451116,NONE
1058,YGGUSDT,2026-01-02 05:45:00,6.78466076696167,BRONZE 🥉
1059,YGGUSDT,2026-01-11 17:00:00,3.493449781659397,NONE
1060,YGGUSDT,2026-01-13 13:45:00,6.169296987087525,BRONZE 🥉
1061,YGGUSDT,2026-01-20 03:00:00,1.9786910197869156,NONE
1062,BREVUSDT,2026-01-13 07:30:00,11.006289308176086,SILVER 🥈
1063,BREVUSDT,2026-01-13 07:45:00,8.64881502000614,BRONZE 🥉
1064,BREVUSDT,2026-01-13 08:00:00,6.80786686838124,BRONZE 🥉
1065,BREVUSDT,2026-01-13 08:15:00,5.3416890480453505,BRONZE 🥉
1066,BREVUSDT,2026-01-13 08:30:00,4.037724727379888,NONE
1067,BREVUSDT,2026-01-13 08:45:00,2.0821283979178595,NONE
1068,BREVUSDT,2026-01-13 09:00:00,0.42674253200569723,NONE
1069,BREVUSDT,2026-01-17 07:15:00,5.471698113207535,BRONZE 🥉
1070,BREVUSDT,2026-01-17 07:45:00,5.07518796992481,BRONZE 🥉
1071,BREVUSDT,2026-01-20 06:00:00,4.485109436670265,NONE
1072,BREVUSDT,2026-01-20 06:15:00,2.4270137179036366,NONE
1073,BREVUSDT,2026-01-20 06:30:00,1.2955182072829086,NONE
1074,BREVUSDT,2026-01-20 06:45:00,0.5910987482614649,NONE
1075,BREVUSDT,2026-01-20 07:00:00,0.5910987482614649,NONE
1076,BREVUSDT,2026-01-24 00:30:00,1.4307811291569994,NONE
1077,IMXUSDT,2026-01-01 23:30:00,12.156862745098017,SILVER 🥈
1078,IMXUSDT,2026-01-13 14:00:00,9.747292418772545,BRONZE 🥉
1079,IMXUSDT,2026-01-16 12:15:00,12.318840579710134,SILVER 🥈
1080,ASTERUSDT,2026-01-02 10:15:00,5.3497942386831365,BRONZE 🥉
1081,ASTERUSDT,2026-01-19 01:30:00,2.180685358255463,NONE
1082,ASTERUSDT,2026-01-23 18:00:00,1.9667170953101332,NONE
1083,ASTERUSDT,2026-01-27 07:45:00,7.239819004524883,BRONZE 🥉
1084,ASTERUSDT,2026-01-29 15:45:00,2.2471910112359605,NONE
1085,ACMUSDT,2026-01-15 00:30:00,3.1971580817051537,NONE
1086,ACMUSDT,2026-01-19 15:30:00,0.7299270072992803,NONE
1087,ACMUSDT,2026-01-25 21:15:00,4.8289738430583595,NONE
1088,ACMUSDT,2026-01-27 18:15:00,0.7782101167315147,NONE
1089,DYDXUSDT,2026-01-09 15:30:00,4.720194647201947,NONE
1090,DUSKUSDT,2026-01-05 20:45:00,8.781362007168457,BRONZE 🥉
1091,DUSKUSDT,2026-01-05 21:00:00,8.586762075134157,BRONZE 🥉
1092,DUSKUSDT,2026-01-08 10:15:00,3.3707865168539186,NONE
1093,DUSKUSDT,2026-01-10 10:30:00,14.828209764918633,SILVER 🥈
1094,DUSKUSDT,2026-01-10 23:00:00,30.232558139534895,GOLD 🥇
1095,DUSKUSDT,2026-01-12 18:45:00,13.758865248226959,SILVER 🥈
1096,DUSKUSDT,2026-01-16 02:45:00,106.68740279937792,DIAMOND 💎
1097,DUSKUSDT,2026-01-16 09:00:00,87.1830985915493,DIAMOND 💎
1098,DUSKUSDT,2026-01-16 12:15:00,100.84235860409146,DIAMOND 💎
1099,DUSKUSDT,2026-01-18 11:45:00,108.13880126182967,DIAMOND 💎
1100,DUSKUSDT,2026-01-25 01:30:00,36.90105787181081,GOLD 🥇
1101,DUSKUSDT,2026-01-29 13:30:00,1.823092505064139,NONE
1102,TLMUSDT,2026-01-07 10:45:00,0.10775862068965747,NONE
1103,TLMUSDT,2026-01-20 05:30:00,34.030249110320284,GOLD 🥇
1104,TLMUSDT,2026-01-20 15:00:00,9.294512877939543,BRONZE 🥉
1105,TLMUSDT,2026-01-20 15:45:00,1.6894320632638182,NONE
1106,TLMUSDT,2026-01-28 03:00:00,17.016423357664245,SILVER 🥈
1107,SEIUSDT,2026-01-13 22:30:00,0.7031249999999822,NONE
1108,COOKIEUSDT,2026-01-17 05:15:00,3.8147138964577554,NONE
1109,COOKIEUSDT,2026-01-18 19:30:00,0.574712643678188,NONE
1110,AWEUSDT,2026-01-03 04:00:00,0.31152647975076775,NONE
1111,AWEUSDT,2026-01-10 04:45:00,3.2208060626937485,NONE
1112,AWEUSDT,2026-01-10 08:30:00,1.079440040478996,NONE
1113,AWEUSDT,2026-01-12 00:30:00,4.80057751308427,NONE
1114,AWEUSDT,2026-01-17 06:30:00,0.18050541516245744,NONE
1115,AWEUSDT,2026-01-18 03:45:00,0.3629764065335772,NONE
1116,AWEUSDT,2026-01-27 09:15:00,2.8974309445624957,NONE
1117,AWEUSDT,2026-01-29 08:30:00,4.074572362098783,NONE
1118,AWEUSDT,2026-01-29 12:15:00,4.307044410413474,NONE
1119,AWEUSDT,2026-01-31 02:30:00,15.310534591194958,SILVER 🥈
1120,AWEUSDT,2026-01-31 05:30:00,12.094000764233858,SILVER 🥈
1121,AWEUSDT,2026-01-31 06:45:00,10.199098422238917,SILVER 🥈
1122,AVAUSDT,2026-01-10 08:00:00,2.339532093581287,NONE
1123,AVAUSDT,2026-01-15 13:15:00,11.153064188207962,SILVER 🥈
1124,2ZUSDT,2026-01-13 09:30:00,8.148760330578519,BRONZE 🥉
1125,2ZUSDT,2026-01-15 15:00:00,4.10635155096013,NONE
1126,2ZUSDT,2026-01-16 20:45:00,2.6582186293787835,NONE
1127,2ZUSDT,2026-01-23 14:00:00,11.388444185708057,SILVER 🥈
1128,2ZUSDT,2026-01-29 18:30:00,4.470415168355668,NONE
1129,SUPERUSDT,2026-01-03 18:15:00,3.4728406055209327,NONE
1130,SUPERUSDT,2026-01-13 22:30:00,1.8526886579304014,NONE
1131,SUPERUSDT,2026-01-25 00:30:00,5.166051660516602,BRONZE 🥉
1132,SUPERUSDT,2026-01-28 21:15:00,0.8994708994709111,NONE
1133,XLMUSDT,2026-01-01 17:30:00,8.735083532219567,BRONZE 🥉
1134,XLMUSDT,2026-01-11 23:30:00,7.809013833110234,BRONZE 🥉
1135,XLMUSDT,2026-01-13 22:30:00,3.21503131524008,NONE
1136,XLMUSDT,2026-01-21 06:00:00,1.2098650535132593,NONE
1137,XLMUSDT,2026-01-27 19:15:00,3.111327175498313,NONE
1138,SCRTUSDT,2026-01-03 13:15:00,2.7447392497712775,NONE
1139,SCRTUSDT,2026-01-08 10:30:00,4.287045666356004,NONE
1140,SCRTUSDT,2026-01-10 06:45:00,2.785515320334264,NONE
1141,SCRTUSDT,2026-01-13 03:00:00,23.117338003502642,GOLD 🥇
1142,SCRTUSDT,2026-01-17 07:45:00,29.281767955801108,GOLD 🥇
1143,CVCUSDT,2026-01-07 01:00:00,33.53808353808354,GOLD 🥇
1144,CVCUSDT,2026-01-07 01:15:00,31.704361873990305,GOLD 🥇
1145,CVCUSDT,2026-01-08 02:45:00,34.36341161928307,GOLD 🥇
1146,CVCUSDT,2026-01-10 00:30:00,3.421052631578947,NONE
1147,CVCUSDT,2026-01-10 00:45:00,0.12043356081894441,NONE
1148,CVCUSDT,2026-01-12 01:15:00,4.379242391066329,NONE
1149,CVCUSDT,2026-01-18 11:15:00,0.6592939174819179,NONE
1150,CVCUSDT,2026-01-21 14:30:00,2.8181818181818308,NONE
1151,CVCUSDT,2026-01-27 00:30:00,1.524601524601521,NONE
1152,CVCUSDT,2026-01-27 00:45:00,0.9880514705882248,NONE
1153,HEIUSDT,2026-01-04 16:45:00,2.841781874039917,NONE
1154,HEIUSDT,2026-01-07 18:00:00,0.5388760585065544,NONE
1155,HEIUSDT,2026-01-13 07:00:00,3.4403669724770714,NONE
1156,HEIUSDT,2026-01-14 16:00:00,1.4242878560719818,NONE
1157,HEIUSDT,2026-01-21 02:15:00,7.643758765778386,BRONZE 🥉
1158,HEIUSDT,2026-01-29 07:00:00,1.524601524601521,NONE
1159,NILUSDT,2026-01-06 17:30:00,3.1704095112285335,NONE
1160,NILUSDT,2026-01-10 07:15:00,1.9914651493598834,NONE
1161,NILUSDT,2026-01-12 11:30:00,3.7921348314606584,NONE
1162,NILUSDT,2026-01-13 12:00:00,2.046384720327432,NONE
1163,NILUSDT,2026-01-16 12:00:00,4.806408544726315,NONE
1164,NILUSDT,2026-01-16 13:15:00,2.8833551769331445,NONE
1165,NILUSDT,2026-01-16 13:30:00,2.7486910994764413,NONE
1166,NILUSDT,2026-01-23 19:45:00,8.310249307479234,BRONZE 🥉
1167,NILUSDT,2026-01-25 00:45:00,5.248990578734869,BRONZE 🥉
1168,NILUSDT,2026-01-25 01:45:00,3.4391534391534417,NONE
1169,NILUSDT,2026-01-29 12:15:00,1.2364760432766797,NONE
1170,WINUSDT,2026-01-02 17:30:00,4.572846508330386,NONE
1171,WINUSDT,2026-01-07 03:45:00,0.465425531914887,NONE
1172,WINUSDT,2026-01-11 10:45:00,0.7644197359277349,NONE
1173,WINUSDT,2026-01-12 15:45:00,7.975679542203151,BRONZE 🥉
1174,WINUSDT,2026-01-14 21:45:00,0.13788348845227283,NONE
1175,NEOUSDT,2026-01-27 00:30:00,0.939226519337022,NONE
1176,NEOUSDT,2026-01-27 00:45:00,0.0,NONE
1177,PYRUSDT,2026-01-05 01:15:00,3.7623762376237657,NONE
1178,PYRUSDT,2026-01-12 14:45:00,11.040339702760104,SILVER 🥈
1179,PYRUSDT,2026-01-13 13:45:00,9.414225941422604,BRONZE 🥉
1180,PYRUSDT,2026-01-13 14:15:00,9.185803757828825,BRONZE 🥉
1181,PYRUSDT,2026-01-15 07:00:00,4.373757455268401,NONE
1182,PYRUSDT,2026-01-23 01:45:00,1.9522776572667988,NONE
1183,PYRUSDT,2026-01-23 02:00:00,1.9522776572667988,NONE
1184,PYRUSDT,2026-01-24 03:00:00,0.6507592190889477,NONE
1185,PYRUSDT,2026-01-24 03:15:00,0.43290043290042934,NONE
1186,PYRUSDT,2026-01-24 03:30:00,0.43290043290042934,NONE
1187,PYRUSDT,2026-01-27 16:30:00,1.1627906976744207,NONE
1188,PYRUSDT,2026-01-28 17:15:00,0.47281323877068626,NONE
1189,BLURUSDT,2026-01-14 01:30:00,25.852272727272705,GOLD 🥇
1190,USDEUSDT,2026-01-08 04:30:00,0.0,NONE
1191,USDEUSDT,2026-01-11 07:30:00,0.009995002498741634,NONE
1192,USDEUSDT,2026-01-12 16:45:00,0.04998500449864274,NONE
1193,USDEUSDT,2026-01-12 17:00:00,0.04998500449864274,NONE
1194,USDEUSDT,2026-01-12 17:45:00,0.029985007496247107,NONE
1195,USDEUSDT,2026-01-12 18:00:00,0.029985007496247107,NONE
1196,USDEUSDT,2026-01-13 14:30:00,0.03998400639744215,NONE
1197,USDEUSDT,2026-01-14 07:15:00,0.0199880071956704,NONE
1198,USDEUSDT,2026-01-15 16:15:00,0.03999600039996665,NONE
1199,USDEUSDT,2026-01-16 15:00:00,0.009996001599366089,NONE
1200,USDEUSDT,2026-01-23 06:15:00,0.009999000099991662,NONE
1201,USDEUSDT,2026-01-24 07:30:00,0.0,NONE
1202,USDEUSDT,2026-01-28 21:15:00,0.03999600039996665,NONE
1203,USDEUSDT,2026-01-28 21:45:00,0.03999600039996665,NONE
1204,KGSTUSDT,2026-01-16 19:00:00,0.4389815627743543,NONE
1205,KGSTUSDT,2026-01-20 16:30:00,0.5272407732864748,NONE
1206,KGSTUSDT,2026-01-23 12:15:00,0.4389815627743543,NONE
1207,KGSTUSDT,2026-01-27 11:15:00,0.0,NONE
1208,KGSTUSDT,2026-01-28 07:30:00,0.17513134851139256,NONE
1209,KGSTUSDT,2026-01-29 11:30:00,0.17513134851139256,NONE
1210,WAXPUSDT,2026-01-01 16:00:00,3.792667509481662,NONE
1211,WAXPUSDT,2026-01-02 14:45:00,2.8606965174129195,NONE
1212,WAXPUSDT,2026-01-07 15:45:00,10.000000000000009,SILVER 🥈
1213,WAXPUSDT,2026-01-09 21:15:00,2.4202420242024125,NONE
1214,WAXPUSDT,2026-01-17 13:15:00,0.8519701810436375,NONE
1215,WAXPUSDT,2026-01-18 00:30:00,0.10570824524311906,NONE
1216,WAXPUSDT,2026-01-21 19:45:00,14.3719806763285,SILVER 🥈
1217,TUTUSDT,2026-01-04 11:15:00,22.455089820359287,GOLD 🥇
1218,TUTUSDT,2026-01-04 11:30:00,22.455089820359287,GOLD 🥇
1219,TUTUSDT,2026-01-04 18:30:00,2.6835443037974693,NONE
1220,TUTUSDT,2026-01-06 09:15:00,1.7259414225941239,NONE
1221,TUTUSDT,2026-01-09 11:30:00,3.779069767441867,NONE
1222,TUTUSDT,2026-01-10 18:15:00,2.645198389879244,NONE
1223,TUTUSDT,2026-01-11 02:45:00,2.468427095292758,NONE
1224,TUTUSDT,2026-01-17 14:45:00,6.5998821449617,BRONZE 🥉
1225,TUTUSDT,2026-01-17 15:00:00,6.725663716814156,BRONZE 🥉
1226,TUTUSDT,2026-01-18 10:30:00,8.193779904306208,BRONZE 🥉
1227,TUTUSDT,2026-01-20 07:00:00,2.145922746781115,NONE
1228,TUTUSDT,2026-01-25 23:15:00,4.304160688665726,NONE
1229,TUTUSDT,2026-01-26 12:00:00,1.5363128491620248,NONE
1230,TUTUSDT,2026-01-29 15:45:00,2.108433734939741,NONE
1231,SAGAUSDT,2026-01-11 23:30:00,13.76306620209058,SILVER 🥈
1232,ACAUSDT,2026-01-03 11:15:00,1.0638297872340274,NONE
1233,ACAUSDT,2026-01-09 08:45:00,3.529411764705892,NONE
1234,AVNTUSDT,2026-01-02 01:00:00,0.8086253369272267,NONE
1235,AVNTUSDT,2026-01-03 00:30:00,1.775956284153013,NONE
1236,AVNTUSDT,2026-01-12 23:45:00,7.5109993714644885,BRONZE 🥉
1237,AVNTUSDT,2026-01-13 00:00:00,6.275240757999367,BRONZE 🥉
1238,AVNTUSDT,2026-01-13 00:15:00,5.651636812847438,BRONZE 🥉
1239,AVNTUSDT,2026-01-13 00:30:00,5.651636812847438,BRONZE 🥉
1240,AVNTUSDT,2026-01-16 00:30:00,0.2579812963560135,NONE
1241,AVNTUSDT,2026-01-21 00:45:00,0.46561604584527405,NONE
1242,AVNTUSDT,2026-01-24 08:15:00,32.36914600550964,GOLD 🥇
1243,AVNTUSDT,2026-01-25 00:30:00,18.131530424093413,SILVER 🥈
1244,AVNTUSDT,2026-01-25 00:45:00,15.922798552472873,SILVER 🥈
1245,AVNTUSDT,2026-01-25 01:00:00,13.459268004722569,SILVER 🥈
1246,AVNTUSDT,2026-01-27 01:15:00,10.096153846153854,SILVER 🥈
1247,AVNTUSDT,2026-01-28 00:45:00,9.709358032577464,BRONZE 🥉
1248,AVNTUSDT,2026-01-28 01:00:00,8.462267129775825,BRONZE 🥉
1249,COWUSDT,2026-01-01 16:00:00,6.476449275362328,BRONZE 🥉
1250,COWUSDT,2026-01-08 07:30:00,1.2597741094700243,NONE
1251,COWUSDT,2026-01-11 16:15:00,10.479573712255764,SILVER 🥈
1252,COWUSDT,2026-01-12 16:00:00,25.783664459161137,GOLD 🥇
1253,COWUSDT,2026-01-13 07:45:00,21.337308347529806,GOLD 🥇
1254,COWUSDT,2026-01-13 08:15:00,19.705882352941174,SILVER 🥈
1255,COWUSDT,2026-01-13 09:15:00,16.238270093839247,SILVER 🥈
1256,COWUSDT,2026-01-17 14:15:00,2.300674335581121,NONE
1257,COWUSDT,2026-01-21 10:15:00,2.358276643990931,NONE
1258,COWUSDT,2026-01-25 00:30:00,0.32497678737231084,NONE
1259,COWUSDT,2026-01-26 14:45:00,1.8673218673218805,NONE
1260,COWUSDT,2026-01-27 06:15:00,1.4449427005480908,NONE
1261,PUNDIXUSDT,2026-01-08 02:00:00,2.499023818820789,NONE
1262,PUNDIXUSDT,2026-01-10 18:30:00,0.31923383878691425,NONE
1263,PUNDIXUSDT,2026-01-11 16:30:00,-0.08103727714747766,NONE
1264,PUNDIXUSDT,2026-01-12 22:45:00,7.439076528430966,BRONZE 🥉
1265,PUNDIXUSDT,2026-01-13 01:45:00,5.278592375366586,BRONZE 🥉
1266,PUNDIXUSDT,2026-01-13 02:00:00,4.970760233918137,NONE
1267,PUNDIXUSDT,2026-01-13 02:15:00,4.926931106471821,NONE
1268,PUNDIXUSDT,2026-01-13 02:30:00,4.31714404317145,NONE
1269,PUNDIXUSDT,2026-01-13 16:00:00,2.320846905537466,NONE
1270,PUNDIXUSDT,2026-01-14 12:15:00,0.683829444891404,NONE
1271,PUNDIXUSDT,2026-01-17 08:45:00,0.9426229508196604,NONE
1272,PUNDIXUSDT,2026-01-18 15:30:00,0.5806719203649946,NONE
1273,PUNDIXUSDT,2026-01-27 14:15:00,1.9453450671607087,NONE
1274,PUNDIXUSDT,2026-01-29 09:30:00,0.04823926676313928,NONE
1275,PUNDIXUSDT,2026-01-31 03:30:00,1.1651469098277634,NONE
1276,EIGENUSDT,2026-01-03 16:30:00,3.0660377358490587,NONE
1277,EIGENUSDT,2026-01-11 09:45:00,3.3816425120772875,NONE
1278,EIGENUSDT,2026-01-16 15:00:00,5.19801980198018,BRONZE 🥉
1279,EIGENUSDT,2026-01-21 14:45:00,2.3054755043227626,NONE
1280,EIGENUSDT,2026-01-23 17:30:00,0.5780346820809301,NONE
1281,EIGENUSDT,2026-01-27 16:30:00,3.6144578313252795,NONE
1282,EIGENUSDT,2026-01-29 15:45:00,2.310231023102305,NONE
1283,EIGENUSDT,2026-01-30 19:15:00,0.0,NONE
1284,CITYUSDT,2026-01-15 09:30:00,1.1747430249632762,NONE
1285,CITYUSDT,2026-01-25 18:15:00,29.883138564273803,GOLD 🥇
1286,CITYUSDT,2026-01-27 18:15:00,1.7426273458445163,NONE
1287,ACTUSDT,2026-01-15 08:00:00,3.703703703703698,NONE
1288,ACTUSDT,2026-01-25 02:15:00,1.2987012987013102,NONE
1289,ACTUSDT,2026-01-29 15:45:00,1.0152284263959421,NONE
1290,SPKUSDT,2026-01-03 03:30:00,3.5518285990253418,NONE
1291,SPKUSDT,2026-01-03 08:30:00,4.316674038036261,NONE
1292,SPKUSDT,2026-01-06 18:30:00,18.125749528867562,SILVER 🥈
1293,SPKUSDT,2026-01-06 18:45:00,10.981449438654378,SILVER 🥈
1294,SPKUSDT,2026-01-20 03:45:00,0.7284356400461878,NONE
1295,SPKUSDT,2026-01-20 04:00:00,0.9616240762176265,NONE
1296,SPKUSDT,2026-01-21 14:15:00,10.034717268274118,SILVER 🥈
1297,SPKUSDT,2026-01-21 19:45:00,9.841435624762628,BRONZE 🥉
1298,SPKUSDT,2026-01-24 17:00:00,1.2139474817046914,NONE
1299,QKCUSDT,2026-01-04 00:30:00,3.0406171999092235,NONE
1300,QKCUSDT,2026-01-05 01:45:00,9.560542309490438,BRONZE 🥉
1301,QKCUSDT,2026-01-07 01:30:00,14.942528735632198,SILVER 🥈
1302,QKCUSDT,2026-01-07 04:45:00,14.967462039045554,SILVER 🥈
1303,QKCUSDT,2026-01-12 00:30:00,3.51999999999999,NONE
1304,QKCUSDT,2026-01-12 01:15:00,2.7450090744101763,NONE
1305,QKCUSDT,2026-01-31 02:00:00,51.937199290959725,DIAMOND 💎
1306,QKCUSDT,2026-01-31 07:00:00,37.45704467353952,GOLD 🥇
1307,QKCUSDT,2026-01-31 07:15:00,39.2434439545138,GOLD 🥇
1308,HOOKUSDT,2026-01-10 07:45:00,11.557788944723612,SILVER 🥈
1309,HOOKUSDT,2026-01-13 17:15:00,2.4570024570024662,NONE
1310,HOOKUSDT,2026-01-29 15:45:00,2.4464831804281495,NONE
1311,XAIUSDT,2026-01-12 14:15:00,9.275184275184278,BRONZE 🥉
1312,XAIUSDT,2026-01-12 14:45:00,8.541793776693108,BRONZE 🥉
1313,XAIUSDT,2026-01-30 19:15:00,0.0,NONE
1314,CHESSUSDT,2026-01-13 02:15:00,4.863221884498481,NONE
1315,CHESSUSDT,2026-01-13 02:30:00,5.040595399188108,BRONZE 🥉
1316,CHESSUSDT,2026-01-26 15:30:00,2.10098271772281,NONE
1317,CHESSUSDT,2026-01-26 15:45:00,1.7905405405405306,NONE
1318,USDPUSDT,2026-01-05 01:15:00,0.009995002498741634,NONE
1319,USDPUSDT,2026-01-05 01:30:00,0.009995002498741634,NONE
1320,USDPUSDT,2026-01-05 18:30:00,0.05998200539838461,NONE
1321,USDPUSDT,2026-01-06 14:30:00,0.14000000000000679,NONE
1322,USDPUSDT,2026-01-07 09:00:00,0.10996700989704955,NONE
1323,USDPUSDT,2026-01-07 09:15:00,0.10996700989704955,NONE
1324,USDPUSDT,2026-01-09 13:15:00,0.02996703626010344,NONE
1325,USDPUSDT,2026-01-19 05:30:00,0.07997600719784614,NONE
1326,USDPUSDT,2026-01-20 08:15:00,0.059964021587055605,NONE
1327,USDPUSDT,2026-01-21 07:30:00,0.0,NONE
1328,USDPUSDT,2026-01-26 13:15:00,0.03995604834681199,NONE
1329,USDPUSDT,2026-01-30 21:15:00,0.0,NONE
1330,USDPUSDT,2026-01-30 21:30:00,-0.009980039920154393,NONE
1331,USD1USDT,2026-01-20 15:00:00,0.10005002501249916,NONE
1332,USD1USDT,2026-01-23 01:30:00,0.01996207206307332,NONE
1333,USD1USDT,2026-01-23 01:45:00,0.01996207206307332,NONE
1334,VTHOUSDT,2026-01-06 12:30:00,2.0689655172413834,NONE
1335,VTHOUSDT,2026-01-11 21:45:00,2.6474127557160054,NONE
1336,VTHOUSDT,2026-01-13 06:15:00,5.6422569027611225,BRONZE 🥉
1337,VTHOUSDT,2026-01-21 00:30:00,2.7237354085603016,NONE
1338,VTHOUSDT,2026-01-29 15:45:00,1.54494382022472,NONE
1339,MOVRUSDT,2026-01-25 15:30:00,7.619457597933699,BRONZE 🥉
1340,MOVEUSDT,2026-01-05 13:15:00,1.025641025641022,NONE
1341,MOVEUSDT,2026-01-12 01:15:00,7.871720116618075,BRONZE 🥉
1342,MOVEUSDT,2026-01-17 08:45:00,27.29591836734695,GOLD 🥇
1343,MOVEUSDT,2026-01-18 10:45:00,20.531400966183575,GOLD 🥇
1344,MOVEUSDT,2026-01-18 11:15:00,0.0,NONE
1345,ENAUSDT,2026-01-01 17:45:00,14.299197734780545,SILVER 🥈
1346,ENAUSDT,2026-01-08 07:30:00,3.2437046521553548,NONE
1347,ENAUSDT,2026-01-09 09:30:00,3.2437046521553548,NONE
1348,ENAUSDT,2026-01-12 14:45:00,14.72448057813911,SILVER 🥈
1349,ENAUSDT,2026-01-13 22:30:00,4.354971240755967,NONE
1350,ENAUSDT,2026-01-21 14:30:00,2.505567928730512,NONE
1351,COTIUSDT,2026-01-17 07:45:00,2.927927927927909,NONE
1352,COTIUSDT,2026-01-19 20:00:00,1.380500431406384,NONE
1353,ALGOUSDT,2026-01-13 22:30:00,0.49964311206280865,NONE
1354,HEMIUSDT,2026-01-15 06:45:00,3.409090909090917,NONE
1355,HEMIUSDT,2026-01-22 11:15:00,5.755395683453246,BRONZE 🥉
1356,HEMIUSDT,2026-01-23 06:30:00,10.4895104895105,SILVER 🥈
1357,HEMIUSDT,2026-01-24 04:15:00,8.965517241379306,BRONZE 🥉
1358,HEMIUSDT,2026-01-25 01:00:00,1.2820512820512997,NONE
1359,GMXUSDT,2026-01-20 18:00:00,5.3221288515406195,BRONZE 🥉
1360,PIVXUSDT,2026-01-03 02:00:00,-0.2859185132237152,NONE
1361,PIVXUSDT,2026-01-06 20:15:00,3.056147832267242,NONE
1362,PIVXUSDT,2026-01-12 03:30:00,15.956622773044149,SILVER 🥈
1363,PIVXUSDT,2026-01-13 04:15:00,14.909090909090894,SILVER 🥈
1364,PIVXUSDT,2026-01-13 04:30:00,13.669064748201421,SILVER 🥈
1365,PIVXUSDT,2026-01-15 08:00:00,19.32162325863114,SILVER 🥈
1366,PIVXUSDT,2026-01-16 02:45:00,16.63706335109534,SILVER 🥈
1367,PIVXUSDT,2026-01-19 06:30:00,16.45833333333333,SILVER 🥈
1368,PIVXUSDT,2026-01-19 06:45:00,8.571428571428562,BRONZE 🥉
1369,PIVXUSDT,2026-01-19 07:00:00,6.36132315521627,BRONZE 🥉
1370,PROMUSDT,2026-01-13 22:30:00,9.38592810183243,BRONZE 🥉
1371,AEVOUSDT,2026-01-24 10:45:00,4.232804232804233,NONE
1372,AVAXUSDT,2026-01-01 15:45:00,15.015974440894574,SILVER 🥈
1373,AVAXUSDT,2026-01-01 16:00:00,15.015974440894574,SILVER 🥈
1374,AVAXUSDT,2026-01-01 16:15:00,14.924181963288108,SILVER 🥈
1375,AVAXUSDT,2026-01-01 16:30:00,14.649681528662416,SILVER 🥈
1376,AVAXUSDT,2026-01-01 18:30:00,11.627906976744185,SILVER 🥈
1377,AVAXUSDT,2026-01-01 18:45:00,11.282843894899553,SILVER 🥈
1378,AVAXUSDT,2026-01-01 19:00:00,10.091743119266061,SILVER 🥈
1379,AVAXUSDT,2026-01-01 19:30:00,7.86516853932584,BRONZE 🥉
1380,AVAXUSDT,2026-01-01 20:00:00,5.726872246696035,BRONZE 🥉
1381,AVAXUSDT,2026-01-06 18:15:00,2.00138026224983,NONE
1382,AVAXUSDT,2026-01-09 09:15:00,2.7456647398844014,NONE
1383,AVAXUSDT,2026-01-13 16:00:00,3.0323914541695363,NONE
1384,AVAXUSDT,2026-01-13 16:30:00,2.890571231933925,NONE
1385,AVAXUSDT,2026-01-13 22:30:00,1.3559322033898313,NONE
1386,AVAXUSDT,2026-01-21 14:30:00,3.8336052202283977,NONE
1387,AVAXUSDT,2026-01-27 16:30:00,2.931323283082077,NONE
1388,IOUSDT,2026-01-03 16:00:00,5.847953216374258,BRONZE 🥉
1389,IOUSDT,2026-01-11 23:15:00,1.7751479289940697,NONE
1390,IOUSDT,2026-01-22 07:15:00,12.337662337662337,SILVER 🥈
1391,IOUSDT,2026-01-28 11:45:00,0.5988023952095745,NONE
1392,0GUSDT,2026-01-03 03:00:00,0.8555133079847899,NONE
1393,0GUSDT,2026-01-04 00:45:00,1.5873015873015817,NONE
1394,0GUSDT,2026-01-07 20:00:00,0.924024640657084,NONE
1395,0GUSDT,2026-01-22 14:15:00,43.13725490196079,GOLD 🥇
1396,0GUSDT,2026-01-23 08:00:00,23.11507936507937,GOLD 🥇
1397,0GUSDT,2026-01-23 08:15:00,18.416030534351147,SILVER 🥈
1398,TONUSDT,2026-01-08 15:00:00,2.149382052659865,NONE
1399,TONUSDT,2026-01-13 01:15:00,4.904789382573571,NONE
1400,TONUSDT,2026-01-21 14:30:00,1.8494897959183687,NONE
1401,TONUSDT,2026-01-23 21:15:00,1.437908496732021,NONE
1402,QIUSDT,2026-01-04 12:30:00,3.142857142857136,NONE
1403,QIUSDT,2026-01-08 08:30:00,2.1276595744680993,NONE
1404,QIUSDT,2026-01-08 09:45:00,1.866666666666661,NONE
1405,QIUSDT,2026-01-13 16:30:00,4.046242774566466,NONE
1406,QIUSDT,2026-01-23 16:00:00,1.6233766233766378,NONE
1407,MEMEUSDT,2026-01-02 14:00:00,5.5463576158940375,BRONZE 🥉
1408,MEMEUSDT,2026-01-13 22:30:00,0.24232633279481774,NONE
1409,MEMEUSDT,2026-01-20 05:45:00,9.188361408882063,BRONZE 🥉
1410,MEMEUSDT,2026-01-20 06:00:00,7.703927492447127,BRONZE 🥉
1411,MEMEUSDT,2026-01-20 06:15:00,4.622157006603067,NONE
1412,MEMEUSDT,2026-01-20 06:30:00,0.635144671841914,NONE
1413,MEMEUSDT,2026-01-21 15:15:00,2.716468590831922,NONE
1414,MEMEUSDT,2026-01-26 16:30:00,3.588290840415498,NONE
1415,SFPUSDT,2026-01-02 13:00:00,4.795144157814857,NONE
1416,SFPUSDT,2026-01-03 13:00:00,6.447831184056274,BRONZE 🥉
1417,SFPUSDT,2026-01-06 12:30:00,0.9028727770177936,NONE
1418,SFPUSDT,2026-01-19 00:45:00,4.379562043795615,NONE
1419,SFPUSDT,2026-01-29 23:15:00,0.5480242284395809,NONE
1420,PARTIUSDT,2026-01-11 01:30:00,7.877461706783362,BRONZE 🥉
1421,PARTIUSDT,2026-01-11 01:45:00,7.290533188248083,BRONZE 🥉
1422,PARTIUSDT,2026-01-12 10:30:00,22.86324786324787,GOLD 🥇
1423,PARTIUSDT,2026-01-23 10:00:00,2.8888888888888964,NONE
1424,PARTIUSDT,2026-01-26 09:30:00,3.563218390804601,NONE
1425,PARTIUSDT,2026-01-26 09:45:00,3.801843317972353,NONE
1426,PARTIUSDT,2026-01-26 10:00:00,2.736602052451542,NONE
1427,PARTIUSDT,2026-01-26 15:00:00,0.7829977628635465,NONE
1428,PARTIUSDT,2026-01-28 05:00:00,1.1534025374855927,NONE
1429,PLUMEUSDT,2026-01-19 16:30:00,0.49813200498132204,NONE
1430,PLUMEUSDT,2026-01-25 00:30:00,10.7958050586058,SILVER 🥈
1431,PLUMEUSDT,2026-01-25 00:45:00,10.387215734480648,SILVER 🥈
1432,PLUMEUSDT,2026-01-26 15:15:00,1.3906447534765887,NONE
1433,PLUMEUSDT,2026-01-29 15:45:00,2.6870007262164153,NONE
1434,XTZUSDT,2026-01-02 22:15:00,7.202904088651141,BRONZE 🥉
1435,XTZUSDT,2026-01-06 17:15:00,1.7826825127334578,NONE
1436,XTZUSDT,2026-01-13 16:30:00,3.5126421177668288,NONE
1437,XTZUSDT,2026-01-13 22:30:00,1.2448132780082943,NONE
1438,XTZUSDT,2026-01-19 16:30:00,5.82028029678483,BRONZE 🥉
1439,AXLUSDT,2026-01-01 17:15:00,5.042016806722671,BRONZE 🥉
1440,AXLUSDT,2026-01-04 15:45:00,6.6242038216560495,BRONZE 🥉
1441,AXLUSDT,2026-01-09 16:15:00,0.0,NONE
1442,AXLUSDT,2026-01-12 01:15:00,7.422969187675066,BRONZE 🥉
1443,AXLUSDT,2026-01-14 12:00:00,1.5421115065243018,NONE
1444,AXLUSDT,2026-01-20 18:00:00,1.2084592145015227,NONE
1445,AXLUSDT,2026-01-23 05:45:00,10.914454277286145,SILVER 🥈
1446,AXLUSDT,2026-01-25 06:15:00,26.45161290322582,GOLD 🥇
1447,OXTUSDT,2026-01-01 15:30:00,8.05084745762712,BRONZE 🥉
1448,OXTUSDT,2026-01-10 08:30:00,0.390625,NONE
1449,OXTUSDT,2026-01-14 15:00:00,0.7692307692307887,NONE
1450,OXTUSDT,2026-01-17 08:45:00,1.9685039370078705,NONE
1451,OXTUSDT,2026-01-17 15:30:00,0.3891050583657574,NONE
1452,OXTUSDT,2026-01-24 19:45:00,1.8433179723502446,NONE
1453,OXTUSDT,2026-01-27 08:00:00,1.8957345971563955,NONE
1454,DIAUSDT,2026-01-02 10:15:00,11.178939336131254,SILVER 🥈
1455,DIAUSDT,2026-01-02 15:00:00,8.102189781021906,BRONZE 🥉
1456,DIAUSDT,2026-01-06 12:15:00,1.956204379562032,NONE
1457,DIAUSDT,2026-01-15 05:45:00,2.086729703293133,NONE
1458,DIAUSDT,2026-01-15 06:00:00,2.3871811641595686,NONE
1459,DIAUSDT,2026-01-23 17:30:00,0.14695077149156077,NONE
1460,DIAUSDT,2026-01-25 10:30:00,0.37551633496057946,NONE
1461,DIAUSDT,2026-01-27 14:30:00,2.9757243539545897,NONE
1462,HFTUSDT,2026-01-30 20:15:00,1.6260162601626105,NONE
1463,BIGTIMEUSDT,2026-01-05 00:30:00,0.04306632213608719,NONE
1464,BIGTIMEUSDT,2026-01-09 01:15:00,11.620795107033643,SILVER 🥈
1465,RVNUSDT,2026-01-11 17:45:00,3.5582822085889587,NONE
1466,RVNUSDT,2026-01-26 13:00:00,3.4759358288770192,NONE
1467,RVNUSDT,2026-01-26 13:15:00,0.923482849604218,NONE
1468,EPICUSDT,2026-01-10 10:45:00,0.29197080291971655,NONE
1469,EPICUSDT,2026-01-21 14:15:00,0.5067567567567544,NONE
1470,EPICUSDT,2026-01-21 18:00:00,1.7391304347826209,NONE
1471,EPICUSDT,2026-01-27 06:00:00,5.9171597633136175,BRONZE 🥉
1472,USDCUSDT,2026-01-02 15:30:00,0.009995002498741634,NONE
1473,USDCUSDT,2026-01-07 19:45:00,0.039968025579550925,NONE
1474,USDCUSDT,2026-01-19 00:30:00,0.0899820035992871,NONE
1475,USDCUSDT,2026-01-20 06:00:00,0.03997201958629848,NONE
1476,USDCUSDT,2026-01-20 06:45:00,0.029976019184663194,NONE
1477,USDCUSDT,2026-01-23 07:15:00,0.04994506043352054,NONE
1478,YFIUSDT,2026-01-05 18:15:00,1.3199577613516311,NONE
1479,YFIUSDT,2026-01-13 22:30:00,0.7698652735771194,NONE
1480,YFIUSDT,2026-01-14 15:15:00,0.4405286343612369,NONE
1481,YFIUSDT,2026-01-30 18:45:00,0.6064474944142972,NONE
1482,SIGNUSDT,2026-01-03 16:45:00,13.497899159663863,SILVER 🥈
1483,SIGNUSDT,2026-01-11 08:15:00,4.577898104848632,NONE
1484,SIGNUSDT,2026-01-12 10:15:00,6.999255398361881,BRONZE 🥉
1485,SIGNUSDT,2026-01-21 11:00:00,4.84076433121019,NONE
1486,SIGNUSDT,2026-01-22 16:00:00,5.330330330330324,BRONZE 🥉
1487,SIGNUSDT,2026-01-22 16:15:00,4.753608760577399,NONE
1488,SIGNUSDT,2026-01-25 09:00:00,1.7614853606284342,NONE
1489,SIGNUSDT,2026-01-29 15:45:00,6.039901612462439,BRONZE 🥉
1490,LRCUSDT,2026-01-04 15:30:00,2.941176470588247,NONE
1491,LRCUSDT,2026-01-13 05:15:00,8.429118773946342,BRONZE 🥉
1492,LRCUSDT,2026-01-13 14:00:00,4.621072088724576,NONE
1493,LRCUSDT,2026-01-20 02:30:00,4.761904761904767,NONE
1494,LRCUSDT,2026-01-23 01:30:00,0.19880715705766772,NONE
1495,LRCUSDT,2026-01-29 04:30:00,4.9676025917926525,NONE
1496,LRCUSDT,2026-01-30 04:45:00,1.5350877192982448,NONE
1497,ILVUSDT,2026-01-08 04:30:00,0.8305647840531671,NONE
1498,ILVUSDT,2026-01-11 12:30:00,1.520270270270263,NONE
1499,ILVUSDT,2026-01-13 13:30:00,6.312292358803995,BRONZE 🥉
1500,ILVUSDT,2026-01-14 10:00:00,0.31347962382446415,NONE
1501,ILVUSDT,2026-01-17 07:45:00,9.197080291970817,BRONZE 🥉
1502,ILVUSDT,2026-01-17 09:00:00,9.677419354838701,BRONZE 🥉
1503,ILVUSDT,2026-01-20 05:15:00,4.882154882154888,NONE
1504,ILVUSDT,2026-01-20 12:45:00,2.635914332784184,NONE
1505,ILVUSDT,2026-01-23 15:00:00,5.084745762711851,BRONZE 🥉
1506,MINAUSDT,2026-01-10 07:45:00,3.0303030303030276,NONE
1507,MINAUSDT,2026-01-10 08:00:00,2.4333719582850577,NONE
1508,MINAUSDT,2026-01-24 14:00:00,3.4482758620689724,NONE
1509,MINAUSDT,2026-01-26 02:45:00,0.8695652173912993,NONE
1510,MINAUSDT,2026-01-29 15:45:00,2.091503267973871,NONE
1511,BEAMXUSDT,2026-01-11 17:00:00,1.5964240102171123,NONE
1512,MITOUSDT,2026-01-09 20:30:00,2.172153264975707,NONE
1513,MITOUSDT,2026-01-18 01:30:00,0.6531678641410688,NONE
1514,MITOUSDT,2026-01-21 14:30:00,2.393136664659834,NONE
1515,MITOUSDT,2026-01-24 07:00:00,9.749960685642423,BRONZE 🥉
1516,ZBTUSDT,2026-01-07 11:15:00,6.2641509433962295,BRONZE 🥉
1517,ZBTUSDT,2026-01-10 16:30:00,1.4984227129337668,NONE
1518,ZBTUSDT,2026-01-20 01:45:00,0.19267822736031004,NONE
1519,ZBTUSDT,2026-01-23 08:15:00,3.1221303948576695,NONE
1520,ZBTUSDT,2026-01-29 15:45:00,7.6834862385321,BRONZE 🥉
1521,XVSUSDT,2026-01-09 05:15:00,18.10344827586208,SILVER 🥈
1522,XVSUSDT,2026-01-21 11:00:00,6.792452830188678,BRONZE 🥉
1523,XVSUSDT,2026-01-21 13:00:00,2.5782688766114337,NONE
1524,XVSUSDT,2026-01-27 21:45:00,0.18867924528300772,NONE
1525,MMTUSDT,2026-01-22 16:15:00,32.2548531607765,GOLD 🥇
1526,PORTOUSDT,2026-01-13 03:30:00,3.839441535776622,NONE
1527,PORTOUSDT,2026-01-17 18:15:00,2.1207177814029476,NONE
1528,MBLUSDT,2026-01-07 15:45:00,8.266276517922467,BRONZE 🥉
1529,COSUSDT,2026-01-01 15:15:00,38.2306477093207,GOLD 🥇
1530,COSUSDT,2026-01-01 15:30:00,37.147335423197504,GOLD 🥇
1531,COSUSDT,2026-01-01 15:45:00,25.26843235504652,GOLD 🥇
1532,COSUSDT,2026-01-19 00:45:00,10.590943975441292,SILVER 🥈
1533,ACEUSDT,2026-01-07 07:15:00,4.513888888888884,NONE
1534,ACEUSDT,2026-01-07 07:30:00,4.513888888888884,NONE
1535,ACEUSDT,2026-01-07 10:00:00,2.7303754266211566,NONE
1536,ACEUSDT,2026-01-16 16:30:00,23.684210526315795,GOLD 🥇
1537,ACEUSDT,2026-01-17 07:00:00,19.202898550724633,SILVER 🥈
1538,ACEUSDT,2026-01-17 07:30:00,17.081850533807817,SILVER 🥈
1539,ACEUSDT,2026-01-17 10:15:00,14.634146341463428,SILVER 🥈
1540,ACEUSDT,2026-01-17 10:30:00,13.840830449827003,SILVER 🥈
1541,ACEUSDT,2026-01-24 20:45:00,3.658536585365857,NONE
1542,ACEUSDT,2026-01-29 16:15:00,4.8034934497816595,NONE
1543,PIXELUSDT,2026-01-13 11:45:00,19.079685746352414,SILVER 🥈
1544,PIXELUSDT,2026-01-13 13:00:00,15.200868621064068,SILVER 🥈
1545,PIXELUSDT,2026-01-13 13:15:00,11.449579831932756,SILVER 🥈
1546,PIXELUSDT,2026-01-15 13:30:00,9.236947791164663,BRONZE 🥉
1547,PIXELUSDT,2026-01-15 13:45:00,7.9365079365079305,BRONZE 🥉
1548,PIXELUSDT,2026-01-20 12:45:00,4.432432432432432,NONE
1549,JSTUSDT,2026-01-17 12:30:00,5.788423153692612,BRONZE 🥉
1550,JSTUSDT,2026-01-17 13:30:00,5.920559580314766,BRONZE 🥉
1551,JSTUSDT,2026-01-19 00:45:00,7.294529103172609,BRONZE 🥉
1552,JSTUSDT,2026-01-19 05:00:00,6.5127582017010965,BRONZE 🥉
1553,STRKUSDT,2026-01-06 08:45:00,2.6652452025586415,NONE
1554,STRKUSDT,2026-01-06 09:00:00,1.7970401691331794,NONE
1555,STRKUSDT,2026-01-13 11:45:00,10.718492343934027,SILVER 🥈
1556,STRKUSDT,2026-01-13 12:00:00,10.328638497652577,SILVER 🥈
1557,STRKUSDT,2026-01-20 06:30:00,1.4906832298136496,NONE
1558,STRKUSDT,2026-01-24 11:00:00,0.6868131868131844,NONE
1559,FETUSDT,2026-01-04 00:00:00,19.71153846153848,SILVER 🥈
1560,FETUSDT,2026-01-11 12:45:00,9.097222222222223,BRONZE 🥉
1561,FETUSDT,2026-01-21 14:30:00,2.480363786688722,NONE
1562,HOMEUSDT,2026-01-02 17:45:00,9.445488721804507,BRONZE 🥉
1563,HOMEUSDT,2026-01-02 20:00:00,0.6482281763180664,NONE
1564,HOMEUSDT,2026-01-12 16:15:00,3.3045977011494365,NONE
1565,HOMEUSDT,2026-01-12 16:30:00,2.8980322003577808,NONE
1566,HOMEUSDT,2026-01-12 16:45:00,2.640970735189163,NONE
1567,HOMEUSDT,2026-01-13 10:30:00,4.202898550724643,NONE
1568,HOMEUSDT,2026-01-23 17:00:00,0.6325110689437086,NONE
1569,HOMEUSDT,2026-01-27 16:00:00,3.0700351774864076,NONE
1570,HOMEUSDT,2026-01-28 16:45:00,0.6244146113018934,NONE
1571,HOMEUSDT,2026-01-28 17:15:00,0.31133250311330407,NONE
1572,SSVUSDT,2026-01-01 19:15:00,5.02026114362899,BRONZE 🥉
1573,SSVUSDT,2026-01-13 14:30:00,3.049797474386473,NONE
1574,SSVUSDT,2026-01-20 14:15:00,21.385144065556428,GOLD 🥇
1575,SSVUSDT,2026-01-23 15:15:00,3.5818005808325504,NONE
1576,SSVUSDT,2026-01-25 23:30:00,16.73066374108614,SILVER 🥈
1577,SSVUSDT,2026-01-26 13:00:00,4.455324357405144,NONE
1578,SSVUSDT,2026-01-28 17:30:00,11.711095921622228,SILVER 🥈
1579,AGLDUSDT,2026-01-25 00:45:00,41.025641025641036,GOLD 🥇
1580,AGLDUSDT,2026-01-25 01:00:00,40.575079872204476,GOLD 🥇
1581,AGLDUSDT,2026-01-25 01:15:00,37.93103448275863,GOLD 🥇
1582,AGLDUSDT,2026-01-25 02:30:00,37.93103448275863,GOLD 🥇
1583,AGLDUSDT,2026-01-25 14:45:00,14.583333333333325,SILVER 🥈
1584,AGLDUSDT,2026-01-25 15:00:00,1.0152284263959421,NONE
1585,AGLDUSDT,2026-01-29 15:45:00,1.5037593984962516,NONE
1586,1INCHUSDT,2026-01-03 23:30:00,3.7579617834394785,NONE
1587,1INCHUSDT,2026-01-12 01:15:00,12.450592885375489,SILVER 🥈
1588,1INCHUSDT,2026-01-16 21:30:00,0.3037667071688954,NONE
1589,1INCHUSDT,2026-01-25 07:30:00,0.7022471910112404,NONE
1590,METISUSDT,2026-01-14 17:15:00,13.240418118466902,SILVER 🥈
1591,METISUSDT,2026-01-24 14:00:00,1.2295081967213184,NONE
1592,GNSUSDT,2026-01-02 14:45:00,2.3457862728062384,NONE
1593,GNSUSDT,2026-01-08 15:15:00,1.1937557392103004,NONE
1594,GNSUSDT,2026-01-21 03:30:00,2.6881720430107503,NONE
1595,GNSUSDT,2026-01-29 15:45:00,2.5343189017951406,NONE
1596,NXPCUSDT,2026-01-17 13:30:00,3.925044315016457,NONE
1597,NXPCUSDT,2026-01-17 13:45:00,4.056795131845847,NONE
1598,EULUSDT,2026-01-05 20:15:00,4.893867924528306,NONE
1599,EULUSDT,2026-01-07 10:45:00,1.8900343642611617,NONE
1600,EULUSDT,2026-01-08 07:30:00,0.7198748043818481,NONE
1601,EULUSDT,2026-01-19 15:45:00,8.398058252427187,BRONZE 🥉
1602,EULUSDT,2026-01-24 13:30:00,35.69594247560348,GOLD 🥇
1603,EULUSDT,2026-01-24 20:45:00,2.7897838899803684,NONE
1604,EULUSDT,2026-01-24 21:00:00,1.0200078462142104,NONE
1605,ETHUSDT,2026-01-05 01:15:00,3.8350618988593155,NONE
1606,ETHUSDT,2026-01-05 01:30:00,3.052141793787344,NONE
1607,ETHUSDT,2026-01-11 23:30:00,7.91085904706974,BRONZE 🥉
1608,ETHUSDT,2026-01-17 15:45:00,1.1672847940659814,NONE
1609,ETHUSDT,2026-01-27 16:30:00,1.7780703542440213,NONE
1610,ETHUSDT,2026-01-30 18:45:00,0.7732814649651365,NONE
1611,RADUSDT,2026-01-04 12:45:00,0.3225806451612856,NONE
1612,RADUSDT,2026-01-07 09:00:00,22.012578616352197,GOLD 🥇
1613,RADUSDT,2026-01-07 09:15:00,14.117647058823524,SILVER 🥈
1614,RADUSDT,2026-01-07 10:00:00,5.1490514905149,BRONZE 🥉
1615,RADUSDT,2026-01-07 10:15:00,1.333333333333342,NONE
1616,RADUSDT,2026-01-11 16:15:00,-0.3076923076923088,NONE
1617,RADUSDT,2026-01-20 17:15:00,0.0,NONE
1618,RADUSDT,2026-01-27 12:45:00,4.710144927536208,NONE
1619,RADUSDT,2026-01-27 13:00:00,4.710144927536208,NONE
1620,RADUSDT,2026-01-27 15:15:00,0.7042253521126751,NONE
1621,RLCUSDT,2026-01-05 14:45:00,6.000000000000005,BRONZE 🥉
1622,RLCUSDT,2026-01-05 20:00:00,3.6312849162011274,NONE
1623,RLCUSDT,2026-01-09 07:15:00,0.8438818565400741,NONE
1624,RLCUSDT,2026-01-11 08:30:00,5.31468531468533,BRONZE 🥉
1625,RLCUSDT,2026-01-11 08:45:00,5.16759776536313,BRONZE 🥉
1626,RLCUSDT,2026-01-21 14:30:00,1.6286644951140072,NONE
1627,RLCUSDT,2026-01-24 13:00:00,-0.4823151125401881,NONE
1628,RLCUSDT,2026-01-25 14:45:00,0.6666666666666599,NONE
1629,RLCUSDT,2026-01-26 14:45:00,2.2146507666098936,NONE
1630,RLCUSDT,2026-01-28 15:45:00,1.8835616438356073,NONE
1631,GUNUSDT,2026-01-03 12:15:00,19.342507645259953,SILVER 🥈
1632,GUNUSDT,2026-01-03 12:30:00,9.69782150386509,BRONZE 🥉
1633,GUNUSDT,2026-01-03 12:45:00,5.6241426611796985,BRONZE 🥉
1634,GUNUSDT,2026-01-06 09:45:00,45.56962025316453,GOLD 🥇
1635,GUNUSDT,2026-01-06 10:00:00,44.381669805398616,GOLD 🥇
1636,GUNUSDT,2026-01-07 12:45:00,71.95571955719555,DIAMOND 💎
1637,GUNUSDT,2026-01-14 03:30:00,23.603115475787327,GOLD 🥇
1638,GUNUSDT,2026-01-21 13:15:00,38.79610299234517,GOLD 🥇
1639,GUNUSDT,2026-01-23 13:45:00,4.505229283990353,NONE
1640,ORCAUSDT,2026-01-05 00:30:00,1.9475655430711614,NONE
1641,ORCAUSDT,2026-01-08 17:15:00,3.0125523012552335,NONE
1642,ORCAUSDT,2026-01-13 14:00:00,3.8525963149078857,NONE
1643,ORCAUSDT,2026-01-14 15:00:00,0.32414910858995505,NONE
1644,ORCAUSDT,2026-01-25 00:30:00,2.258355916892496,NONE
1645,ORCAUSDT,2026-01-25 00:45:00,1.1617515638963294,NONE
1646,ORCAUSDT,2026-01-26 01:00:00,0.09199632014720294,NONE
1647,ORCAUSDT,2026-01-28 12:00:00,0.18165304268846771,NONE
1648,GLMUSDT,2026-01-03 14:15:00,5.6242011077972,BRONZE 🥉
1649,GLMUSDT,2026-01-04 00:30:00,5.477759472817145,BRONZE 🥉
1650,GLMUSDT,2026-01-05 18:45:00,7.314195831694836,BRONZE 🥉
1651,GLMUSDT,2026-01-06 08:00:00,15.650806134486794,SILVER 🥈
1652,GLMUSDT,2026-01-08 02:00:00,2.689486552567222,NONE
1653,GLMUSDT,2026-01-09 14:45:00,6.6124469589816215,BRONZE 🥉
1654,GLMUSDT,2026-01-21 18:45:00,1.2140833670578832,NONE
1655,GLMUSDT,2026-01-26 09:30:00,7.27668845315903,BRONZE 🥉
1656,GLMUSDT,2026-01-26 09:45:00,7.417102966841194,BRONZE 🥉
1657,HAEDALUSDT,2026-01-02 12:30:00,8.037825059101667,BRONZE 🥉
1658,HAEDALUSDT,2026-01-03 12:45:00,4.212860310421274,NONE
1659,HAEDALUSDT,2026-01-04 13:15:00,6.194690265486735,BRONZE 🥉
1660,HAEDALUSDT,2026-01-04 13:30:00,5.494505494505497,BRONZE 🥉
1661,HAEDALUSDT,2026-01-09 00:30:00,6.550218340611358,BRONZE 🥉
1662,HAEDALUSDT,2026-01-09 05:00:00,2.092050209205021,NONE
1663,HAEDALUSDT,2026-01-10 06:15:00,0.4237288135593209,NONE
1664,HAEDALUSDT,2026-01-16 08:30:00,6.479481641468676,BRONZE 🥉
1665,HAEDALUSDT,2026-01-17 12:45:00,7.468879668049788,BRONZE 🥉
1666,HAEDALUSDT,2026-01-17 20:30:00,6.804123711340204,BRONZE 🥉
1667,HAEDALUSDT,2026-01-18 10:00:00,0.0,NONE
1668,HAEDALUSDT,2026-01-21 14:30:00,1.2048192771084265,NONE
1669,HAEDALUSDT,2026-01-27 15:15:00,0.24937655860350905,NONE
1670,WLFIUSDT,2026-01-08 15:15:00,2.893013100436681,NONE
1671,WLFIUSDT,2026-01-08 15:45:00,0.48025613660618305,NONE
1672,WLFIUSDT,2026-01-17 15:45:00,0.11587485515642815,NONE
1673,WLFIUSDT,2026-01-21 04:00:00,4.84633569739954,NONE
1674,WLFIUSDT,2026-01-27 13:00:00,6.14420062695924,BRONZE 🥉
1675,WLFIUSDT,2026-01-29 15:45:00,2.303262955854124,NONE
1676,WLFIUSDT,2026-01-29 16:15:00,0.8832807570977819,NONE
1677,AEURUSDT,2026-01-07 13:15:00,0.23035577169183696,NONE
1678,AEURUSDT,2026-01-07 13:30:00,0.256016385048663,NONE
1679,AEURUSDT,2026-01-09 10:15:00,0.43256337053378946,NONE
1680,AEURUSDT,2026-01-13 10:45:00,1.7002081887578013,NONE
1681,AEURUSDT,2026-01-17 08:00:00,0.7970198388633776,NONE
1682,AEURUSDT,2026-01-19 16:15:00,0.15525271692253817,NONE
1683,AEURUSDT,2026-01-21 18:00:00,0.15610094527795937,NONE
1684,AEURUSDT,2026-01-22 07:00:00,0.025985275010831366,NONE
1685,AEURUSDT,2026-01-22 07:15:00,0.043316295590400955,NONE
1686,AEURUSDT,2026-01-23 05:00:00,0.3740106114638486,NONE
1687,AEURUSDT,2026-01-23 05:15:00,0.3740106114638486,NONE
1688,AEURUSDT,2026-01-27 08:00:00,7.399723374827105,BRONZE 🥉
1689,AEURUSDT,2026-01-28 08:45:00,0.1935483870967758,NONE
1690,AEURUSDT,2026-01-28 09:00:00,0.1935483870967758,NONE
1691,AEURUSDT,2026-01-29 17:30:00,2.500208350695887,NONE
1692,AEURUSDT,2026-01-31 07:30:00,0.09078154658743731,NONE
1693,INJUSDT,2026-01-13 22:30:00,0.2596503375454251,NONE
1694,INJUSDT,2026-01-29 15:45:00,2.518337408312954,NONE
1695,TURBOUSDT,2026-01-01 23:30:00,23.1296402055968,GOLD 🥇
1696,TURBOUSDT,2026-01-01 23:45:00,22.63936291240045,GOLD 🥇
1697,TURBOUSDT,2026-01-09 09:15:00,3.0721966205837115,NONE
1698,TURBOUSDT,2026-01-13 22:30:00,1.7266896891958483,NONE
1699,TURBOUSDT,2026-01-21 14:30:00,2.2292993630573354,NONE
1700,FFUSDT,2026-01-13 03:30:00,7.365339578454311,BRONZE 🥉
1701,FFUSDT,2026-01-16 13:30:00,3.825387708213679,NONE
1702,FFUSDT,2026-01-25 10:45:00,6.465375779455207,BRONZE 🥉
1703,FFUSDT,2026-01-26 10:30:00,6.453730037190986,BRONZE 🥉
1704,FFUSDT,2026-01-28 01:00:00,2.6544773653486065,NONE
1705,ATMUSDT,2026-01-03 02:00:00,-0.10070493454179541,NONE
1706,ATMUSDT,2026-01-05 11:15:00,2.6014568158168494,NONE
1707,ATMUSDT,2026-01-08 07:30:00,2.728226652675758,NONE
1708,ATMUSDT,2026-01-08 11:45:00,3.3790918690602023,NONE
1709,ATMUSDT,2026-01-11 06:30:00,1.2108980827446825,NONE
1710,ATMUSDT,2026-01-15 09:30:00,6.756756756756754,BRONZE 🥉
1711,ATMUSDT,2026-01-25 14:45:00,2.136752136752129,NONE
1712,ATMUSDT,2026-01-27 18:30:00,2.378490175801451,NONE
1713,MAVUSDT,2026-01-08 16:00:00,1.16026105873821,NONE
1714,MAVUSDT,2026-01-08 16:15:00,0.17985611510791255,NONE
1715,MAVUSDT,2026-01-13 22:30:00,1.4774774774774846,NONE
1716,MAVUSDT,2026-01-18 12:15:00,6.339845189826754,BRONZE 🥉
1717,MAVUSDT,2026-01-18 22:00:00,4.7186932849364815,NONE
1718,MAVUSDT,2026-01-19 14:45:00,10.578765810655423,SILVER 🥈
1719,MAVUSDT,2026-01-19 15:15:00,9.197577592732786,BRONZE 🥉
1720,MAVUSDT,2026-01-22 20:15:00,2.426810477657937,NONE
1721,MAVUSDT,2026-01-22 20:30:00,2.3873700423565625,NONE
1722,MAVUSDT,2026-01-24 11:15:00,2.229911572472121,NONE
1723,MAVUSDT,2026-01-30 18:30:00,4.0016849199663085,NONE
1724,MAVUSDT,2026-01-30 18:45:00,2.703826955074873,NONE
1725,XVGUSDT,2026-01-08 10:15:00,8.52591036414565,BRONZE 🥉
1726,XVGUSDT,2026-01-10 06:45:00,8.003472222222218,BRONZE 🥉
1727,XVGUSDT,2026-01-17 07:45:00,7.601797990481218,BRONZE 🥉
1728,XVGUSDT,2026-01-21 06:15:00,6.737299646835115,BRONZE 🥉
1729,XVGUSDT,2026-01-21 22:30:00,1.0675241157556359,NONE
1730,DENTUSDT,2026-01-02 22:00:00,9.004739336492884,BRONZE 🥉
1731,INITUSDT,2026-01-09 15:00:00,14.486486486486472,SILVER 🥈
1732,INITUSDT,2026-01-11 02:30:00,2.7272727272727115,NONE
1733,INITUSDT,2026-01-14 14:15:00,16.466739367502736,SILVER 🥈
1734,INITUSDT,2026-01-14 14:30:00,15.835140997830809,SILVER 🥈
1735,INITUSDT,2026-01-14 14:45:00,14.962325080731986,SILVER 🥈
1736,INITUSDT,2026-01-15 05:00:00,7.552870090634456,BRONZE 🥉
1737,INITUSDT,2026-01-18 12:15:00,4.507337526205446,NONE
1738,INITUSDT,2026-01-28 09:00:00,2.9471544715447218,NONE
1739,INITUSDT,2026-01-30 16:00:00,17.894736842105274,SILVER 🥈
1740,INITUSDT,2026-01-30 16:15:00,17.221693625118938,SILVER 🥈
1741,INITUSDT,2026-01-31 06:15:00,2.5359256128486996,NONE
1742,ZECUSDT,2026-01-12 01:45:00,1.9650336028051107,NONE
1743,ZECUSDT,2026-01-12 02:00:00,1.1546730439403685,NONE
1744,ZECUSDT,2026-01-26 01:30:00,17.73358916216059,SILVER 🥈
1745,ZECUSDT,2026-01-27 07:30:00,5.4690348455648685,BRONZE 🥉
1746,ZECUSDT,2026-01-30 19:15:00,0.4035205707769274,NONE
1747,ARUSDT,2026-01-01 15:15:00,9.485094850948506,BRONZE 🥉
1748,ARUSDT,2026-01-11 23:30:00,13.858695652173925,SILVER 🥈
1749,ARUSDT,2026-01-25 09:45:00,0.5698005698005604,NONE
1750,SYSUSDT,2026-01-01 14:30:00,7.291666666666674,BRONZE 🥉
1751,SYSUSDT,2026-01-01 14:45:00,5.045625335480408,BRONZE 🥉
1752,SYSUSDT,2026-01-02 08:00:00,6.209850107066384,BRONZE 🥉
1753,SYSUSDT,2026-01-24 14:30:00,-0.050454086781026586,NONE
1754,SYSUSDT,2026-01-25 20:15:00,5.497526113249029,BRONZE 🥉
1755,ALICEUSDT,2026-01-03 22:30:00,4.028697571743933,NONE
1756,ALICEUSDT,2026-01-20 03:15:00,9.710391822827935,BRONZE 🥉
1757,ALICEUSDT,2026-01-20 12:45:00,8.722566122678677,BRONZE 🥉
1758,ALICEUSDT,2026-01-20 15:30:00,3.542234332425065,NONE
1759,ALICEUSDT,2026-01-23 17:00:00,3.790412486064665,NONE
1760,TURTLEUSDT,2026-01-04 10:30:00,3.750000000000009,NONE
1761,TURTLEUSDT,2026-01-18 12:00:00,8.265802269043764,BRONZE 🥉
1762,TURTLEUSDT,2026-01-18 12:15:00,7.741935483870965,BRONZE 🥉
1763,TURTLEUSDT,2026-01-18 12:30:00,6.539074960127578,BRONZE 🥉
1764,TURTLEUSDT,2026-01-22 06:30:00,7.194244604316546,BRONZE 🥉
1765,TURTLEUSDT,2026-01-22 06:45:00,7.181328545780974,BRONZE 🥉
1766,TURTLEUSDT,2026-01-27 10:15:00,11.428571428571432,SILVER 🥈
1767,CAKEUSDT,2026-01-03 04:00:00,2.996070726915523,NONE
1768,CAKEUSDT,2026-01-13 22:30:00,5.707317073170737,BRONZE 🥉
1769,CAKEUSDT,2026-01-15 13:30:00,1.827553889409561,NONE
1770,CAKEUSDT,2026-01-15 14:00:00,0.6484483557202436,NONE
1771,CAKEUSDT,2026-01-17 10:00:00,1.2109920819748599,NONE
1772,CAKEUSDT,2026-01-24 17:45:00,0.31282586027112647,NONE
1773,EURIUSDT,2026-01-12 00:45:00,0.2741368971129976,NONE
1774,EURIUSDT,2026-01-12 07:15:00,0.1111871365035988,NONE
1775,EURIUSDT,2026-01-14 10:45:00,0.017152658662089593,NONE
1776,EURIUSDT,2026-01-17 11:15:00,0.3793103448276103,NONE
1777,EURIUSDT,2026-01-18 09:15:00,1.2507547658069385,NONE
1778,EURIUSDT,2026-01-18 23:30:00,1.1179910560715323,NONE
1779,EURIUSDT,2026-01-20 04:00:00,0.8318326044078672,NONE
1780,GPSUSDT,2026-01-03 18:30:00,12.267657992565063,SILVER 🥈
1781,GPSUSDT,2026-01-09 09:30:00,48.08013355592655,GOLD 🥇
1782,GPSUSDT,2026-01-09 10:45:00,44.22764227642275,GOLD 🥇
1783,GPSUSDT,2026-01-09 19:00:00,24.57865168539326,GOLD 🥇
1784,GPSUSDT,2026-01-09 19:30:00,17.328042328042326,SILVER 🥈
1785,GPSUSDT,2026-01-09 19:45:00,12.563451776649748,SILVER 🥈
1786,GPSUSDT,2026-01-09 20:00:00,8.567931456548328,BRONZE 🥉
1787,GPSUSDT,2026-01-09 20:15:00,5.369928400954649,BRONZE 🥉
1788,GPSUSDT,2026-01-09 20:30:00,2.1377672209025977,NONE
1789,GPSUSDT,2026-01-16 15:00:00,7.614213197969533,BRONZE 🥉
1790,GPSUSDT,2026-01-16 16:15:00,5.298013245033117,BRONZE 🥉
1791,GPSUSDT,2026-01-16 16:30:00,4.950495049504955,NONE
1792,GPSUSDT,2026-01-18 17:30:00,19.58762886597938,SILVER 🥈
1793,GPSUSDT,2026-01-18 17:45:00,17.510853835021713,SILVER 🥈
1794,GPSUSDT,2026-01-19 14:15:00,22.289156626506035,GOLD 🥇
1795,GPSUSDT,2026-01-25 05:45:00,15.84553928095871,SILVER 🥈
1796,GPSUSDT,2026-01-25 20:30:00,4.191616766467066,NONE
1797,GPSUSDT,2026-01-28 22:45:00,3.5248041775456818,NONE
1798,GPSUSDT,2026-01-29 15:30:00,8.038147138964579,BRONZE 🥉
1799,EDUUSDT,2026-01-05 04:45:00,4.387019230769229,NONE
1800,EDUUSDT,2026-01-06 18:15:00,6.760909649661939,BRONZE 🥉
1801,EDUUSDT,2026-01-10 07:45:00,1.2426422498364786,NONE
1802,EDUUSDT,2026-01-10 08:00:00,-0.12987012987013546,NONE
1803,EDUUSDT,2026-01-12 10:00:00,15.739484396200808,SILVER 🥈
1804,EDUUSDT,2026-01-13 22:15:00,3.738317757009346,NONE
1805,EDUUSDT,2026-01-14 15:30:00,2.7143738433066167,NONE
1806,EDUUSDT,2026-01-20 04:15:00,7.950872656755004,BRONZE 🥉
1807,EDUUSDT,2026-01-22 17:30:00,0.4176610978520401,NONE
1808,NEIROUSDT,2026-01-13 22:30:00,1.0722191477587018,NONE
1809,NEIROUSDT,2026-01-16 16:15:00,5.63643441027637,BRONZE 🥉
1810,NEIROUSDT,2026-01-21 14:30:00,8.666557858658397,BRONZE 🥉
1811,NEIROUSDT,2026-01-21 14:45:00,8.586805838701771,BRONZE 🥉
1812,GIGGLEUSDT,2026-01-04 11:00:00,0.035988483685223116,NONE
1813,GIGGLEUSDT,2026-01-10 15:45:00,4.167938931297721,NONE
1814,GIGGLEUSDT,2026-01-16 08:15:00,1.5772870662460692,NONE
1815,GIGGLEUSDT,2026-01-29 15:45:00,7.042253521126751,BRONZE 🥉
1816,QTUMUSDT,2026-01-05 01:30:00,14.124293785310748,SILVER 🥈
1817,QTUMUSDT,2026-01-08 07:30:00,2.859087814840011,NONE
1818,QTUMUSDT,2026-01-13 22:30:00,13.058186738836275,SILVER 🥈
1819,QTUMUSDT,2026-01-14 08:00:00,6.909788867562394,BRONZE 🥉
1820,QTUMUSDT,2026-01-14 08:15:00,6.773162939297128,BRONZE 🥉
1821,QTUMUSDT,2026-01-14 08:30:00,6.365372374283895,BRONZE 🥉
1822,QTUMUSDT,2026-01-27 00:30:00,0.8371385083713712,NONE
1823,QTUMUSDT,2026-01-28 05:15:00,1.6840417000801855,NONE
1824,QTUMUSDT,2026-01-31 02:00:00,1.8087855297157507,NONE
1825,VANAUSDT,2026-01-01 14:30:00,5.407725321888401,BRONZE 🥉
1826,VANAUSDT,2026-01-18 11:00:00,0.5731753916698556,NONE
1827,VANAUSDT,2026-01-25 01:00:00,31.41025641025641,GOLD 🥇
1828,VANAUSDT,2026-01-25 11:45:00,27.612272120942638,GOLD 🥇
1829,FORTHUSDT,2026-01-16 14:30:00,8.610792192881744,BRONZE 🥉
1830,FORTHUSDT,2026-01-17 20:00:00,3.1624863685932203,NONE
1831,FORTHUSDT,2026-01-29 15:45:00,1.904761904761898,NONE
1832,ARKUSDT,2026-01-02 14:45:00,5.067064083457495,BRONZE 🥉
1833,ARKUSDT,2026-01-02 19:00:00,3.145574250182892,NONE
1834,ARKUSDT,2026-01-12 14:45:00,9.226298583363612,BRONZE 🥉
1835,ARKUSDT,2026-01-13 01:15:00,5.992245329573498,BRONZE 🥉
1836,ARKUSDT,2026-01-20 18:15:00,4.952456418383533,NONE
1837,ARKUSDT,2026-01-24 19:30:00,3.469785575048734,NONE
1838,ARKUSDT,2026-01-27 00:45:00,-0.07552870090633546,NONE
1839,YBUSDT,2026-01-03 10:00:00,14.047619047619042,SILVER 🥈
1840,YBUSDT,2026-01-04 15:30:00,3.0329103032910254,NONE
1841,YBUSDT,2026-01-05 07:30:00,4.289135641193109,NONE
1842,YBUSDT,2026-01-07 20:00:00,3.6871508379888285,NONE
1843,YBUSDT,2026-01-13 14:30:00,3.3429533429533587,NONE
1844,YBUSDT,2026-01-23 05:30:00,5.775638652350978,BRONZE 🥉
1845,YBUSDT,2026-01-23 05:45:00,4.042243262927903,NONE
1846,LUMIAUSDT,2026-01-04 07:30:00,3.9682539682539764,NONE
1847,LUMIAUSDT,2026-01-06 06:30:00,9.23076923076922,BRONZE 🥉
1848,LUMIAUSDT,2026-01-06 08:45:00,5.970149253731338,BRONZE 🥉
1849,LUMIAUSDT,2026-01-06 12:00:00,4.411764705882337,NONE
1850,LUMIAUSDT,2026-01-08 04:00:00,3.076923076923088,NONE
1851,LUMIAUSDT,2026-01-11 06:00:00,10.526315789473673,SILVER 🥈
1852,LUMIAUSDT,2026-01-11 07:30:00,6.521739130434767,BRONZE 🥉
1853,LUMIAUSDT,2026-01-12 09:00:00,5.755395683453224,BRONZE 🥉
1854,LUMIAUSDT,2026-01-15 16:00:00,0.78125,NONE
1855,LUMIAUSDT,2026-01-17 11:45:00,3.937007874015741,NONE
1856,LUMIAUSDT,2026-01-18 07:00:00,0.7633587786259444,NONE
1857,LUMIAUSDT,2026-01-20 12:30:00,1.81818181818183,NONE
1858,LUMIAUSDT,2026-01-23 16:00:00,4.672897196261694,NONE
1859,LUMIAUSDT,2026-01-24 08:00:00,0.9009009009008917,NONE
1860,LUMIAUSDT,2026-01-29 10:15:00,0.21074815595363283,NONE
1861,BTTCUSDT,2026-01-04 04:15:00,19.047619047619047,SILVER 🥈
1862,BTTCUSDT,2026-01-04 15:30:00,19.047619047619047,SILVER 🥈
1863,BTTCUSDT,2026-01-05 04:45:00,13.636363636363624,SILVER 🥈
1864,BTTCUSDT,2026-01-05 05:00:00,13.636363636363624,SILVER 🥈
1865,BTTCUSDT,2026-01-05 10:15:00,0.0,NONE
1866,BTTCUSDT,2026-01-06 00:30:00,2.083333333333326,NONE
1867,BTTCUSDT,2026-01-08 01:15:00,6.818181818181812,BRONZE 🥉
1868,BTTCUSDT,2026-01-13 05:45:00,7.14285714285714,BRONZE 🥉
1869,BTTCUSDT,2026-01-13 23:15:00,2.2727272727272707,NONE
1870,BTTCUSDT,2026-01-22 12:00:00,2.4390243902439046,NONE
1871,BTTCUSDT,2026-01-24 20:00:00,0.0,NONE
1872,BTTCUSDT,2026-01-29 15:45:00,0.0,NONE
1873,OSMOUSDT,2026-01-09 20:45:00,5.363321799307963,BRONZE 🥉
1874,CHRUSDT,2026-01-02 00:30:00,0.44345898004434225,NONE
1875,SXTUSDT,2026-01-06 14:30:00,0.34602076124568004,NONE
1876,SXTUSDT,2026-01-16 16:00:00,3.237410071942448,NONE
1877,SXTUSDT,2026-01-20 14:15:00,62.68656716417911,DIAMOND 💎
1878,SXTUSDT,2026-01-20 15:30:00,55.714285714285715,DIAMOND 💎
1879,SXTUSDT,2026-01-20 15:45:00,55.160142348754434,DIAMOND 💎
1880,SXTUSDT,2026-01-21 05:15:00,25.287356321839095,GOLD 🥇
1881,SXTUSDT,2026-01-29 15:30:00,18.021201413427555,SILVER 🥈
1882,OMUSDT,2026-01-02 14:30:00,4.575163398692816,NONE
1883,OMUSDT,2026-01-04 05:30:00,6.242038216560508,BRONZE 🥉
1884,OMUSDT,2026-01-11 17:15:00,3.717948717948727,NONE
1885,LAUSDT,2026-01-14 04:30:00,17.103235747303547,SILVER 🥈
1886,LAUSDT,2026-01-17 13:15:00,2.087946852261946,NONE
1887,LAUSDT,2026-01-17 17:00:00,2.184927169094353,NONE
1888,LAUSDT,2026-01-29 15:45:00,4.704633887513254,NONE
1889,MEUSDT,2026-01-04 14:00:00,3.3054208902600246,NONE
1890,MEUSDT,2026-01-04 14:45:00,2.612102742707889,NONE
1891,MEUSDT,2026-01-10 09:30:00,2.593917710196769,NONE
1892,MEUSDT,2026-01-13 22:15:00,19.269406392694055,SILVER 🥈
1893,MEUSDT,2026-01-18 02:15:00,38.39767538397674,GOLD 🥇
1894,MEUSDT,2026-01-18 10:30:00,18.436944937833033,SILVER 🥈
1895,MEUSDT,2026-01-18 10:45:00,8.563985672419406,BRONZE 🥉
1896,SHIBUSDT,2026-01-01 16:00:00,15.256588072122067,SILVER 🥈
1897,SHIBUSDT,2026-01-05 16:30:00,0.6128702757916438,NONE
1898,SHIBUSDT,2026-01-13 22:30:00,0.773480662983439,NONE
1899,SHIBUSDT,2026-01-14 15:00:00,2.3728813559322104,NONE
1900,DODOUSDT,2026-01-07 09:15:00,0.9803921568627416,NONE
1901,DODOUSDT,2026-01-09 09:15:00,1.5706806282722585,NONE
1902,DODOUSDT,2026-01-14 15:30:00,1.0309278350515427,NONE
1903,DODOUSDT,2026-01-17 11:00:00,17.616580310880824,SILVER 🥈
1904,DODOUSDT,2026-01-17 11:30:00,15.816326530612246,SILVER 🥈
1905,DODOUSDT,2026-01-17 12:45:00,11.822660098522174,SILVER 🥈
1906,DODOUSDT,2026-01-17 13:00:00,11.822660098522174,SILVER 🥈
1907,DODOUSDT,2026-01-17 13:15:00,8.095238095238088,BRONZE 🥉
1908,DODOUSDT,2026-01-25 06:15:00,35.08771929824561,GOLD 🥇
1909,DODOUSDT,2026-01-26 06:45:00,5.47945205479452,BRONZE 🥉
1910,DODOUSDT,2026-01-29 06:00:00,14.795918367346928,SILVER 🥈
1911,DODOUSDT,2026-01-30 11:15:00,0.4950495049504955,NONE
1912,RDNTUSDT,2026-01-04 11:30:00,4.807692307692313,NONE
1913,RDNTUSDT,2026-01-08 07:30:00,1.4691478942213454,NONE
1914,RDNTUSDT,2026-01-08 10:30:00,1.9685039370078705,NONE
1915,RDNTUSDT,2026-01-12 01:15:00,5.794205794205798,BRONZE 🥉
1916,RDNTUSDT,2026-01-12 02:00:00,5.37313432835822,BRONZE 🥉
1917,RDNTUSDT,2026-01-13 22:30:00,1.0496183206107013,NONE
1918,LAZIOUSDT,2026-01-12 15:00:00,9.282296650717692,BRONZE 🥉
1919,LAZIOUSDT,2026-01-13 03:00:00,3.7238873751135326,NONE
1920,ARDRUSDT,2026-01-04 00:30:00,3.3616242303211807,NONE
1921,ARDRUSDT,2026-01-04 00:45:00,3.001658374792693,NONE
1922,ARDRUSDT,2026-01-04 01:00:00,2.9675066312997433,NONE
1923,ARDRUSDT,2026-01-07 01:15:00,5.50261297264063,BRONZE 🥉
1924,ARDRUSDT,2026-01-10 00:30:00,0.2693282636248462,NONE
1925,ARDRUSDT,2026-01-19 01:00:00,1.2748597654258065,NONE
1926,ARDRUSDT,2026-01-19 01:30:00,1.343765946589559,NONE
1927,ARDRUSDT,2026-01-21 00:30:00,2.3235800344234114,NONE
1928,UNIUSDT,2026-01-07 14:45:00,0.3448870494912937,NONE
1929,UNIUSDT,2026-01-08 07:30:00,0.5711226128859437,NONE
1930,UNIUSDT,2026-01-13 22:30:00,1.088270858524809,NONE
1931,HUMAUSDT,2026-01-22 15:30:00,1.7564870259481058,NONE
1932,EGLDUSDT,2026-01-09 16:45:00,8.823529411764719,BRONZE 🥉
1933,DASHUSDT,2026-01-11 12:30:00,79.71014492753623,DIAMOND 💎
1934,DASHUSDT,2026-01-12 02:00:00,76.22739018087854,DIAMOND 💎
1935,DASHUSDT,2026-01-12 02:15:00,76.59243915069914,DIAMOND 💎
1936,DASHUSDT,2026-01-13 03:45:00,98.40914183284784,DIAMOND 💎
1937,DASHUSDT,2026-01-17 09:15:00,21.354372123602914,GOLD 🥇
1938,DASHUSDT,2026-01-23 09:45:00,2.4568299873648725,NONE
1939,ALPINEUSDT,2026-01-07 14:45:00,0.8347245409014992,NONE
1940,ALPINEUSDT,2026-01-10 19:30:00,4.013377926421402,NONE
1941,ALPINEUSDT,2026-01-11 06:45:00,0.8143322475570036,NONE
1942,ALPINEUSDT,2026-01-15 09:15:00,0.4838709677419395,NONE
1943,ALPINEUSDT,2026-01-15 09:30:00,0.8090614886731462,NONE
1944,ALPINEUSDT,2026-01-16 14:30:00,1.7973856209150263,NONE
1945,ALPINEUSDT,2026-01-29 15:45:00,0.6000000000000005,NONE
1946,ENSOUSDT,2026-01-03 08:00:00,3.7735849056603765,NONE
1947,ENSOUSDT,2026-01-12 01:15:00,4.504504504504481,NONE
1948,ENSOUSDT,2026-01-13 22:30:00,3.1791907514450823,NONE
1949,ENSOUSDT,2026-01-22 10:15:00,111.1658456486043,DIAMOND 💎
1950,ENSOUSDT,2026-01-22 14:00:00,137.37864077669903,DIAMOND 💎
1951,ENSOUSDT,2026-01-23 06:15:00,175.28089887640454,DIAMOND 💎
1952,ENSOUSDT,2026-01-25 00:30:00,4.393673110720564,NONE
1953,ENSOUSDT,2026-01-30 11:45:00,34.37278525868177,GOLD 🥇
1954,ENSOUSDT,2026-01-30 12:00:00,19.84829329962072,SILVER 🥈
1955,HMSTRUSDT,2026-01-04 16:15:00,0.5811700891127591,NONE
1956,HMSTRUSDT,2026-01-08 01:00:00,5.652535328345798,BRONZE 🥉
1957,HMSTRUSDT,2026-01-13 16:00:00,5.392156862745101,BRONZE 🥉
1958,HMSTRUSDT,2026-01-13 16:15:00,4.495747266099626,NONE
1959,HMSTRUSDT,2026-01-15 09:00:00,4.855161158710741,NONE
1960,HMSTRUSDT,2026-01-30 15:45:00,2.8243178554332227,NONE
1961,RSRUSDT,2026-01-06 12:15:00,2.9641693811075065,NONE
1962,RSRUSDT,2026-01-12 14:45:00,14.887960501329278,SILVER 🥈
1963,RSRUSDT,2026-01-15 04:15:00,1.3595706618962478,NONE
1964,WOOUSDT,2026-01-06 05:00:00,0.5970149253731405,NONE
1965,WOOUSDT,2026-01-13 12:15:00,25.539568345323758,GOLD 🥇
1966,WOOUSDT,2026-01-13 12:30:00,25.539568345323758,GOLD 🥇
1967,WOOUSDT,2026-01-13 12:45:00,25.08960573476702,GOLD 🥇
1968,NOMUSDT,2026-01-03 11:45:00,2.3153252480705655,NONE
1969,NOMUSDT,2026-01-10 09:15:00,11.495673671199015,SILVER 🥈
1970,NOMUSDT,2026-01-11 03:00:00,5.12820512820511,BRONZE 🥉
1971,NOMUSDT,2026-01-11 03:15:00,4.761904761904767,NONE
1972,NOMUSDT,2026-01-13 09:00:00,9.021601016518431,BRONZE 🥉
1973,NOMUSDT,2026-01-21 19:30:00,6.5982404692082275,BRONZE 🥉
1974,NOMUSDT,2026-01-23 05:45:00,111.09530583214794,DIAMOND 💎
1975,NOMUSDT,2026-01-23 06:00:00,118.61777150916785,DIAMOND 💎
1976,NOMUSDT,2026-01-23 06:30:00,118.90756302521011,DIAMOND 💎
1977,NOMUSDT,2026-01-24 00:30:00,172.47956403269754,DIAMOND 💎
1978,NOMUSDT,2026-01-24 00:45:00,171.37042062415196,DIAMOND 💎
1979,NOMUSDT,2026-01-25 00:45:00,58.353127474267616,DIAMOND 💎
1980,NOMUSDT,2026-01-25 01:30:00,40.54813773717498,GOLD 🥇
1981,NOMUSDT,2026-01-30 12:00:00,8.852140077821025,BRONZE 🥉
1982,NOMUSDT,2026-01-30 12:45:00,0.363636363636366,NONE
1983,ARPAUSDT,2026-01-01 19:15:00,1.789883268482484,NONE
1984,ARPAUSDT,2026-01-04 13:00:00,5.04898266767142,BRONZE 🥉
1985,ARPAUSDT,2026-01-06 14:15:00,-0.07153075822603494,NONE
1986,ARPAUSDT,2026-01-08 07:30:00,1.761102603369058,NONE
1987,ARPAUSDT,2026-01-09 13:45:00,3.884234577303891,NONE
1988,ARPAUSDT,2026-01-10 08:30:00,0.3679175864606199,NONE
1989,ARPAUSDT,2026-01-14 15:15:00,0.5235602094240788,NONE
1990,ARPAUSDT,2026-01-16 20:45:00,5.440613026819907,BRONZE 🥉
1991,ARPAUSDT,2026-01-19 07:00:00,74.4360902255639,DIAMOND 💎
1992,ARPAUSDT,2026-01-19 09:30:00,54.87316421895861,DIAMOND 💎
1993,ARPAUSDT,2026-01-19 09:45:00,45.82023884349464,GOLD 🥇
1994,ARPAUSDT,2026-01-19 10:15:00,41.5497254423429,GOLD 🥇
1995,ARPAUSDT,2026-01-29 10:00:00,10.169491525423723,SILVER 🥈
1996,ARPAUSDT,2026-01-30 07:30:00,7.85498489425982,BRONZE 🥉
1997,ARPAUSDT,2026-01-31 06:45:00,0.0,NONE
1998,NMRUSDT,2026-01-04 21:00:00,0.5581395348837281,NONE
1999,NMRUSDT,2026-01-05 10:15:00,0.09293680297397522,NONE
2000,NMRUSDT,2026-01-10 21:30:00,2.7002700270027047,NONE
2001,NMRUSDT,2026-01-10 21:45:00,0.9009009009008917,NONE
2002,NMRUSDT,2026-01-21 14:30:00,2.3182297154900056,NONE
2003,NMRUSDT,2026-01-22 06:45:00,1.3569937369519947,NONE
2004,NMRUSDT,2026-01-22 15:45:00,2.2175290390707314,NONE
2005,NMRUSDT,2026-01-30 14:15:00,4.3346774193548265,NONE
2006,XECUSDT,2026-01-05 01:15:00,6.456820016142051,BRONZE 🥉
2007,XECUSDT,2026-01-05 04:15:00,2.255054432348369,NONE
2008,XECUSDT,2026-01-05 04:30:00,0.0,NONE
2009,XECUSDT,2026-01-12 01:15:00,2.8380634390651194,NONE
2010,XECUSDT,2026-01-12 01:30:00,3.8785834738617186,NONE
2011,XECUSDT,2026-01-12 21:45:00,5.029838022165389,BRONZE 🥉
2012,XECUSDT,2026-01-12 22:00:00,4.761904761904767,NONE
2013,XECUSDT,2026-01-13 17:00:00,2.752293577981657,NONE
2014,XECUSDT,2026-01-17 08:00:00,1.9097222222222099,NONE
2015,XECUSDT,2026-01-27 21:00:00,1.9230769230769162,NONE
2016,TSTUSDT,2026-01-04 11:15:00,22.752634841909504,GOLD 🥇
2017,TSTUSDT,2026-01-06 09:15:00,1.7543859649122862,NONE
2018,TSTUSDT,2026-01-10 18:00:00,6.332757628094421,BRONZE 🥉
2019,TSTUSDT,2026-01-13 10:00:00,6.279620853080581,BRONZE 🥉
2020,TSTUSDT,2026-01-16 07:00:00,1.4916467780429654,NONE
2021,TSTUSDT,2026-01-24 10:15:00,1.0603048376408353,NONE
2022,TSTUSDT,2026-01-29 15:45:00,4.290171606864268,NONE
2023,TSTUSDT,2026-01-30 19:00:00,0.3044140030441511,NONE
2024,TSTUSDT,2026-01-30 19:15:00,-0.07610350076104888,NONE
2025,JUPUSDT,2026-01-03 06:00:00,4.75968268782081,NONE
2026,JUPUSDT,2026-01-12 00:00:00,8.388312912346851,BRONZE 🥉
2027,JUPUSDT,2026-01-13 22:30:00,8.134394341290886,BRONZE 🥉
2028,JUPUSDT,2026-01-21 14:30:00,2.9713114754098324,NONE
2029,JUPUSDT,2026-01-28 11:30:00,2.1024967148488782,NONE
2030,JUPUSDT,2026-01-28 11:45:00,2.192021043402015,NONE
2031,SNXUSDT,2026-01-01 16:00:00,4.231625835189323,NONE
2032,SNXUSDT,2026-01-06 12:30:00,6.818181818181812,BRONZE 🥉
2033,SNXUSDT,2026-01-06 13:15:00,0.8944543828264484,NONE
2034,SLPUSDT,2026-01-02 13:00:00,13.603818615751795,SILVER 🥈
2035,SLPUSDT,2026-01-12 01:15:00,6.834532374100721,BRONZE 🥉
2036,SLPUSDT,2026-01-13 13:15:00,6.976744186046524,BRONZE 🥉
2037,SLPUSDT,2026-01-17 07:45:00,21.311475409836067,GOLD 🥇
2038,SLPUSDT,2026-01-17 08:30:00,16.078431372549005,SILVER 🥈
2039,SLPUSDT,2026-01-20 12:45:00,23.560209424083766,GOLD 🥇
2040,SLPUSDT,2026-01-28 11:45:00,0.0,NONE
2041,CFXUSDT,2026-01-01 17:15:00,5.8503401360544105,BRONZE 🥉
2042,CFXUSDT,2026-01-17 14:00:00,3.8557213930348277,NONE
2043,CFXUSDT,2026-01-29 15:45:00,2.2187004754358197,NONE
2044,DCRUSDT,2026-01-04 15:45:00,2.7605633802816776,NONE
2045,DCRUSDT,2026-01-06 08:30:00,0.44345898004436446,NONE
2046,DCRUSDT,2026-01-12 01:45:00,40.530536705737205,GOLD 🥇
2047,DCRUSDT,2026-01-15 07:15:00,11.197916666666675,SILVER 🥈
2048,DCRUSDT,2026-01-26 15:45:00,15.577889447236192,SILVER 🥈
2049,DCRUSDT,2026-01-26 16:00:00,13.468179575727678,SILVER 🥈
2050,DCRUSDT,2026-01-26 16:15:00,12.745098039215685,SILVER 🥈
2051,DCRUSDT,2026-01-31 08:00:00,2.5540275049115824,NONE
2052,FARMUSDT,2026-01-03 02:00:00,0.2516356316054402,NONE
2053,FARMUSDT,2026-01-06 13:15:00,0.0,NONE
2054,FARMUSDT,2026-01-09 08:45:00,1.2745098039215863,NONE
2055,FARMUSDT,2026-01-17 11:30:00,1.126472094214015,NONE
2056,FUNUSDT,2026-01-04 14:00:00,15.102040816326534,SILVER 🥈
2057,FUNUSDT,2026-01-06 17:00:00,10.77844311377245,SILVER 🥈
2058,FUNUSDT,2026-01-10 15:45:00,0.6363191385217792,NONE
2059,FUNUSDT,2026-01-17 03:00:00,2.355350742447504,NONE
2060,FUNUSDT,2026-01-17 08:00:00,0.8577194752775075,NONE
2061,FUNUSDT,2026-01-28 12:00:00,15.01501501501501,SILVER 🥈
2062,ADAUSDT,2026-01-13 22:30:00,1.2799241526428196,NONE
2063,ADAUSDT,2026-01-20 05:30:00,1.8246187363834432,NONE
2064,ADAUSDT,2026-01-20 05:45:00,1.6308779559663034,NONE
2065,ADAUSDT,2026-01-21 14:30:00,3.6308203991130883,NONE
2066,ADAUSDT,2026-01-26 15:00:00,2.1836506159014446,NONE
2067,ADAUSDT,2026-01-27 16:45:00,2.0979020979021046,NONE
2068,ATUSDT,2026-01-08 08:15:00,3.7561576354679937,NONE
2069,ATUSDT,2026-01-12 21:15:00,0.0,NONE
2070,ATUSDT,2026-01-27 00:15:00,0.6740196078431238,NONE
2071,SOMIUSDT,2026-01-03 00:30:00,1.953274607430111,NONE
2072,SOMIUSDT,2026-01-05 01:30:00,14.506405425772417,SILVER 🥈
2073,SOMIUSDT,2026-01-13 22:15:00,0.5485893416927956,NONE
2074,SOMIUSDT,2026-01-21 19:45:00,5.007743933918429,BRONZE 🥉
2075,SOMIUSDT,2026-01-23 05:15:00,116.62404092071608,DIAMOND 💎
2076,SOMIUSDT,2026-01-23 05:30:00,115.08379888268156,DIAMOND 💎
2077,SOMIUSDT,2026-01-23 05:45:00,111.96196196196193,DIAMOND 💎
2078,SOMIUSDT,2026-01-24 06:30:00,49.69954047366561,GOLD 🥇
2079,SOMIUSDT,2026-01-24 06:45:00,49.85845718329793,GOLD 🥇
2080,SOMIUSDT,2026-01-28 07:30:00,7.888275015346835,BRONZE 🥉
2081,SOMIUSDT,2026-01-30 00:30:00,16.343595591030024,SILVER 🥈
2082,API3USDT,2026-01-04 07:30:00,2.2175290390707536,NONE
2083,API3USDT,2026-01-11 09:45:00,6.699604743083021,BRONZE 🥉
2084,API3USDT,2026-01-11 10:00:00,1.8487077909828287,NONE
2085,FDUSDUSDT,2026-01-05 00:15:00,0.12004801920766361,NONE
2086,FDUSDUSDT,2026-01-09 12:45:00,0.019998000199983323,NONE
2087,FDUSDUSDT,2026-01-19 00:45:00,0.07004202521512237,NONE
2088,FDUSDUSDT,2026-01-20 06:45:00,0.06003001500749505,NONE
2089,FDUSDUSDT,2026-01-25 08:00:00,0.06007810153199067,NONE
2090,FDUSDUSDT,2026-01-26 15:00:00,0.24036054081120195,NONE
2091,FDUSDUSDT,2026-01-27 03:00:00,0.17013610888709785,NONE
2092,ALLOUSDT,2026-01-09 06:00:00,0.44286979627989886,NONE
2093,ALLOUSDT,2026-01-16 16:15:00,4.80863591756624,NONE
2094,ALLOUSDT,2026-01-22 15:15:00,9.631391200951267,BRONZE 🥉
2095,ALLOUSDT,2026-01-30 19:15:00,0.5050505050504972,NONE
2096,LINKUSDT,2026-01-02 04:00:00,3.7065637065637036,NONE
2097,LINKUSDT,2026-01-08 15:00:00,2.1260440394836655,NONE
2098,LINKUSDT,2026-01-13 22:30:00,1.8387553041018467,NONE
2099,LINKUSDT,2026-01-21 14:30:00,2.2617124394184174,NONE
2100,LINKUSDT,2026-01-27 16:45:00,0.16474464579900872,NONE
2101,SPELLUSDT,2026-01-05 15:30:00,17.56373937677054,SILVER 🥈
2102,SPELLUSDT,2026-01-05 22:00:00,5.063291139240511,BRONZE 🥉
2103,SPELLUSDT,2026-01-07 08:45:00,1.2684264655468125,NONE
2104,SPELLUSDT,2026-01-27 20:15:00,0.496277915632759,NONE
2105,SPELLUSDT,2026-01-29 21:15:00,4.244741873804969,NONE
2106,SPELLUSDT,2026-01-29 21:30:00,1.490256018341607,NONE
2107,UMAUSDT,2026-01-04 17:00:00,10.608020698576958,SILVER 🥈
2108,UMAUSDT,2026-01-06 14:30:00,3.0120481927710774,NONE
2109,UMAUSDT,2026-01-06 15:15:00,1.0663507109004655,NONE
2110,UMAUSDT,2026-01-09 10:45:00,1.5815085158150888,NONE
2111,UMAUSDT,2026-01-09 11:00:00,1.4580801944106936,NONE
2112,UMAUSDT,2026-01-17 08:30:00,0.9987515605493158,NONE
2113,UMAUSDT,2026-01-19 13:15:00,0.6720430107526987,NONE
2114,UMAUSDT,2026-01-21 19:45:00,0.688705234159781,NONE
2115,WBTCUSDT,2026-01-01 22:15:00,2.7299120379661312,NONE
2116,WBTCUSDT,2026-01-02 22:30:00,1.5418136296786011,NONE
2117,WBTCUSDT,2026-01-05 00:45:00,2.5973027988553277,NONE
2118,WBTCUSDT,2026-01-05 11:45:00,1.8214564961409385,NONE
2119,WBTCUSDT,2026-01-14 13:30:00,2.96156320199108,NONE
2120,WBTCUSDT,2026-01-14 14:30:00,2.129598312582903,NONE
2121,WBTCUSDT,2026-01-14 14:45:00,1.4446723983868814,NONE
2122,WBTCUSDT,2026-01-14 15:00:00,0.9823794415508402,NONE
2123,WBTCUSDT,2026-01-18 09:45:00,0.2818004720941625,NONE
2124,WBTCUSDT,2026-01-21 14:15:00,1.0593886613405656,NONE
2125,WBTCUSDT,2026-01-25 23:45:00,3.4119786751622083,NONE
2126,WBTCUSDT,2026-01-26 01:45:00,2.2024425546878446,NONE
2127,WBTCUSDT,2026-01-28 06:15:00,1.5293204305033559,NONE
2128,REZUSDT,2026-01-04 11:00:00,8.15602836879432,BRONZE 🥉
2129,REZUSDT,2026-01-05 18:15:00,5.719237435008684,BRONZE 🥉
2130,REZUSDT,2026-01-05 18:30:00,5.354058721934374,BRONZE 🥉
2131,REZUSDT,2026-01-11 12:45:00,14.492753623188403,SILVER 🥈
2132,REZUSDT,2026-01-21 13:00:00,3.586497890295348,NONE
2133,REZUSDT,2026-01-25 08:45:00,4.338394793926237,NONE
2134,REZUSDT,2026-01-25 11:00:00,-0.2123142250530674,NONE
2135,REZUSDT,2026-01-29 16:00:00,5.72792362768495,BRONZE 🥉
2136,REZUSDT,2026-01-30 18:45:00,3.9906103286384997,NONE
2137,RPLUSDT,2026-01-06 15:30:00,4.602510460251041,NONE
2138,RPLUSDT,2026-01-15 08:45:00,4.186046511627928,NONE
2139,RPLUSDT,2026-01-21 14:15:00,1.9230769230769162,NONE
2140,RPLUSDT,2026-01-29 15:30:00,3.1746031746031855,NONE
2141,RPLUSDT,2026-01-29 15:45:00,2.0942408376963373,NONE
2142,CYBERUSDT,2026-01-03 03:15:00,0.8793969849246297,NONE
2143,CYBERUSDT,2026-01-23 01:30:00,15.912208504801107,SILVER 🥈
2144,CYBERUSDT,2026-01-23 06:15:00,15.066666666666674,SILVER 🥈
2145,PNUTUSDT,2026-01-04 16:45:00,1.7291066282420609,NONE
2146,PNUTUSDT,2026-01-06 13:00:00,1.7509727626459082,NONE
2147,PNUTUSDT,2026-01-06 13:15:00,0.3891050583657574,NONE
2148,PNUTUSDT,2026-01-11 09:15:00,2.2248243559718883,NONE
2149,PNUTUSDT,2026-01-13 22:30:00,0.9793253536452662,NONE
2150,PNUTUSDT,2026-01-21 14:30:00,3.1463748290013527,NONE
2151,SHELLUSDT,2026-01-08 21:00:00,0.4098360655737654,NONE
2152,SHELLUSDT,2026-01-19 14:30:00,8.566433566433563,BRONZE 🥉
2153,SHELLUSDT,2026-01-21 15:00:00,0.3809523809523707,NONE
2154,SHELLUSDT,2026-01-24 06:30:00,25.278810408921927,GOLD 🥇
2155,SAPIENUSDT,2026-01-01 13:00:00,32.889200561009815,GOLD 🥇
2156,SAPIENUSDT,2026-01-01 13:15:00,30.330123796423656,GOLD 🥇
2157,SAPIENUSDT,2026-01-06 14:15:00,0.1210653753026536,NONE
2158,SAPIENUSDT,2026-01-12 19:15:00,5.824561403508777,BRONZE 🥉
2159,SAPIENUSDT,2026-01-12 19:30:00,4.576976421636614,NONE
2160,SAPIENUSDT,2026-01-23 10:00:00,4.065676309616872,NONE
2161,SAPIENUSDT,2026-01-30 19:00:00,1.221640488656206,NONE
2162,TRUUSDT,2026-01-08 16:30:00,3.8461538461538547,NONE
2163,TRUUSDT,2026-01-24 09:00:00,0.0,NONE
2164,TRBUSDT,2026-01-11 09:15:00,0.7386888273314796,NONE
2165,TRBUSDT,2026-01-13 13:30:00,9.14549653579677,BRONZE 🥉
2166,TRBUSDT,2026-01-13 17:30:00,2.8733130169786625,NONE
2167,TRBUSDT,2026-01-13 17:45:00,2.4273948851321947,NONE
2168,TRBUSDT,2026-01-13 18:00:00,0.29711375212224667,NONE
2169,TRBUSDT,2026-01-16 16:15:00,6.645569620253156,BRONZE 🥉
2170,SXPUSDT,2026-01-08 00:45:00,12.771739130434788,SILVER 🥈
2171,SXPUSDT,2026-01-12 00:30:00,0.3906250000000222,NONE
2172,SXPUSDT,2026-01-17 12:30:00,2.3494860499265746,NONE
2173,SXPUSDT,2026-01-23 06:30:00,0.9600000000000053,NONE
2174,SXPUSDT,2026-01-26 10:00:00,13.1175468483816,SILVER 🥈
2175,NEXOUSDT,2026-01-04 14:00:00,8.947368421052637,BRONZE 🥉
2176,NEXOUSDT,2026-01-05 12:00:00,7.365145228215764,BRONZE 🥉
2177,NEXOUSDT,2026-01-07 20:00:00,1.7418032786885362,NONE
2178,NEXOUSDT,2026-01-25 12:45:00,0.8474576271186418,NONE
2179,BOMEUSDT,2026-01-02 23:30:00,30.56379821958457,GOLD 🥇
2180,BOMEUSDT,2026-01-04 03:00:00,23.42215988779803,GOLD 🥇
2181,BOMEUSDT,2026-01-04 03:45:00,19.891008174386936,SILVER 🥈
2182,BOMEUSDT,2026-01-04 04:00:00,19.241192411924125,SILVER 🥈
2183,BOMEUSDT,2026-01-13 22:30:00,1.1984021304926706,NONE
2184,BOMEUSDT,2026-01-22 16:00:00,4.222972972972983,NONE
2185,BOMEUSDT,2026-01-26 15:00:00,6.206896551724128,BRONZE 🥉
2186,BOMEUSDT,2026-01-29 15:45:00,5.009276437847876,BRONZE 🥉
2187,BOMEUSDT,2026-01-29 16:00:00,5.794392523364489,BRONZE 🥉
2188,APEUSDT,2026-01-05 16:30:00,4.964539007092195,NONE
2189,APEUSDT,2026-01-13 22:30:00,3.4327748263179414,NONE
2190,APEUSDT,2026-01-17 12:30:00,8.131487889273359,BRONZE 🥉
2191,APEUSDT,2026-01-22 13:00:00,2.082248828735045,NONE
2192,BANDUSDT,2026-01-21 19:45:00,0.6329113924050667,NONE
2193,BANDUSDT,2026-01-25 05:45:00,0.33783783783782884,NONE
2194,POLYXUSDT,2026-01-27 00:30:00,1.3913043478260834,NONE
2195,MBOXUSDT,2026-01-11 07:30:00,0.5988023952095745,NONE
2196,MBOXUSDT,2026-01-14 15:15:00,0.291545189504383,NONE
2197,MBOXUSDT,2026-01-17 09:00:00,6.865671641791038,BRONZE 🥉
2198,MBOXUSDT,2026-01-20 11:45:00,4.6052631578947345,NONE
2199,MBOXUSDT,2026-01-26 15:00:00,0.34965034965035446,NONE
2200,SOLUSDT,2026-01-21 14:30:00,2.409731907639845,NONE
2201,SOLUSDT,2026-01-25 20:30:00,7.996947082767969,BRONZE 🥉
2202,SOLUSDT,2026-01-29 16:15:00,2.180579216354328,NONE
2203,BONKUSDT,2026-01-07 08:00:00,1.4014839241549781,NONE
2204,ZRXUSDT,2026-01-05 14:45:00,1.8084393837910273,NONE
2205,ZRXUSDT,2026-01-12 00:30:00,8.370370370370384,BRONZE 🥉
2206,ZRXUSDT,2026-01-13 11:30:00,6.381486676016834,BRONZE 🥉
2207,ZRXUSDT,2026-01-23 10:15:00,5.766192733017372,BRONZE 🥉
2208,AIXBTUSDT,2026-01-08 09:30:00,8.947368421052637,BRONZE 🥉
2209,AIXBTUSDT,2026-01-08 09:45:00,6.976744186046524,BRONZE 🥉
2210,AIXBTUSDT,2026-01-11 04:30:00,2.1220159151193796,NONE
2211,AIXBTUSDT,2026-01-13 23:00:00,0.5102040816326481,NONE
2212,AIXBTUSDT,2026-01-18 13:45:00,3.2544378698224907,NONE
2213,AIXBTUSDT,2026-01-21 14:30:00,7.0234113712374535,BRONZE 🥉
2214,AIXBTUSDT,2026-01-23 07:15:00,7.16612377850161,BRONZE 🥉
2215,AIXBTUSDT,2026-01-23 07:45:00,5.448717948717952,BRONZE 🥉
2216,AIXBTUSDT,2026-01-24 07:00:00,7.516339869281041,BRONZE 🥉
2217,AIXBTUSDT,2026-01-24 11:45:00,4.113924050632889,NONE
2218,AIXBTUSDT,2026-01-24 12:15:00,2.492211838006231,NONE
2219,EDENUSDT,2026-01-08 10:45:00,4.545454545454541,NONE
2220,EDENUSDT,2026-01-10 14:30:00,10.407876230661039,SILVER 🥈
2221,EDENUSDT,2026-01-10 14:45:00,9.33147632311977,BRONZE 🥉
2222,EDENUSDT,2026-01-30 12:00:00,-0.2024291497975783,NONE
2223,DOGEUSDT,2026-01-01 16:00:00,15.872762148337593,SILVER 🥈
2224,DOGEUSDT,2026-01-02 15:00:00,15.20585817828588,SILVER 🥈
2225,DOGEUSDT,2026-01-04 03:30:00,2.691745314369265,NONE
2226,DOGEUSDT,2026-01-09 09:15:00,2.6183211523451266,NONE
2227,DOGEUSDT,2026-01-13 22:30:00,1.1293771718791756,NONE
2228,DOGEUSDT,2026-01-14 15:15:00,1.4548136229552089,NONE
2229,DOGEUSDT,2026-01-16 12:15:00,1.4416111272095078,NONE
2230,DOGEUSDT,2026-01-21 14:30:00,2.677717564552129,NONE
2231,DOGEUSDT,2026-01-26 15:00:00,3.34924358870643,NONE
2232,CTSIUSDT,2026-01-05 16:00:00,5.6022408963585235,BRONZE 🥉
2233,CTSIUSDT,2026-01-11 09:15:00,2.5787965616045794,NONE
2234,CTSIUSDT,2026-01-14 19:30:00,0.0,NONE
2235,CTSIUSDT,2026-01-15 16:15:00,10.89385474860336,SILVER 🥈
2236,CTSIUSDT,2026-01-22 15:45:00,4.142011834319548,NONE
2237,PUMPUSDT,2026-01-09 17:45:00,3.36203362033618,NONE
2238,PUMPUSDT,2026-01-09 18:00:00,3.702180172768399,NONE
2239,PUMPUSDT,2026-01-13 14:15:00,14.264150943396213,SILVER 🥈
2240,PUMPUSDT,2026-01-24 20:45:00,2.4078803356439193,NONE
2241,WLDUSDT,2026-01-05 18:45:00,2.459016393442637,NONE
2242,WLDUSDT,2026-01-13 14:00:00,7.896995708154497,BRONZE 🥉
2243,WLDUSDT,2026-01-13 22:30:00,0.3833253473885856,NONE
2244,WLDUSDT,2026-01-28 21:45:00,19.368382621394687,SILVER 🥈
2245,WLDUSDT,2026-01-28 22:00:00,19.107468123861572,SILVER 🥈
2246,WLDUSDT,2026-01-28 22:15:00,11.377959461761211,SILVER 🥈
2247,WLDUSDT,2026-01-28 22:45:00,3.5799144622208345,NONE
2248,WLDUSDT,2026-01-28 23:00:00,3.2528027790936553,NONE
2249,PYTHUSDT,2026-01-10 08:15:00,0.14388489208632116,NONE
2250,PYTHUSDT,2026-01-16 21:00:00,3.0120481927710774,NONE
2251,TNSRUSDT,2026-01-01 20:30:00,3.0000000000000027,NONE
2252,TNSRUSDT,2026-01-12 15:00:00,7.902298850574718,BRONZE 🥉
2253,TNSRUSDT,2026-01-18 11:15:00,12.651413189771187,SILVER 🥈
2254,TNSRUSDT,2026-01-29 15:45:00,5.360443622920519,BRONZE 🥉
2255,BNTUSDT,2026-01-08 10:30:00,1.0915002322340994,NONE
2256,BNTUSDT,2026-01-08 10:45:00,0.2995391705069128,NONE
2257,BNTUSDT,2026-01-13 22:30:00,2.249212775528564,NONE
2258,BNTUSDT,2026-01-19 19:30:00,0.04682744088035928,NONE
2259,BNTUSDT,2026-01-21 00:45:00,2.5615518527729364,NONE
2260,BNTUSDT,2026-01-27 14:15:00,3.9958752255735863,NONE
2261,BNBUSDT,2026-01-08 07:30:00,3.038330050487903,NONE
2262,BNBUSDT,2026-01-19 01:00:00,1.4161504184327711,NONE
2263,ARKMUSDT,2026-01-28 22:45:00,6.486486486486487,BRONZE 🥉
2264,ARKMUSDT,2026-01-28 23:00:00,1.5957446808510634,NONE
2265,ROSEUSDT,2026-01-14 07:15:00,8.626887131560036,BRONZE 🥉
2266,ROSEUSDT,2026-01-14 07:30:00,8.548850574712642,BRONZE 🥉
2267,ROSEUSDT,2026-01-25 06:30:00,9.115281501340489,BRONZE 🥉
2268,IDEXUSDT,2026-01-04 23:30:00,10.675808031341806,SILVER 🥈
2269,IDEXUSDT,2026-01-04 23:45:00,3.290676416819016,NONE
2270,IDEXUSDT,2026-01-09 08:30:00,18.711656441717793,SILVER 🥈
2271,IDEXUSDT,2026-01-16 21:00:00,3.8000000000000034,NONE
2272,IDEXUSDT,2026-01-18 13:00:00,1.0763209393346518,NONE
2273,IDEXUSDT,2026-01-20 17:00:00,15.064695009242147,SILVER 🥈
2274,IDEXUSDT,2026-01-20 17:15:00,7.512953367875652,BRONZE 🥉
2275,RESOLVUSDT,2026-01-03 01:30:00,20.923913043478247,GOLD 🥇
2276,RESOLVUSDT,2026-01-03 01:45:00,19.463087248322154,SILVER 🥈
2277,RESOLVUSDT,2026-01-04 02:00:00,16.644823066841408,SILVER 🥈
2278,RESOLVUSDT,2026-01-08 12:30:00,11.505681818181813,SILVER 🥈
2279,RESOLVUSDT,2026-01-11 18:30:00,7.984293193717296,BRONZE 🥉
2280,RESOLVUSDT,2026-01-13 07:15:00,11.038107752956638,SILVER 🥈
2281,RESOLVUSDT,2026-01-13 07:30:00,9.88296488946685,BRONZE 🥉
2282,RESOLVUSDT,2026-01-13 07:45:00,9.173126614987082,BRONZE 🥉
2283,RESOLVUSDT,2026-01-19 03:15:00,38.973162193698954,GOLD 🥇
2284,RESOLVUSDT,2026-01-19 03:30:00,32.92410714285714,GOLD 🥇
2285,RESOLVUSDT,2026-01-19 03:45:00,32.92410714285714,GOLD 🥇
2286,RESOLVUSDT,2026-01-19 04:00:00,29.035752979414966,GOLD 🥇
2287,RESOLVUSDT,2026-01-19 04:15:00,27.652733118971074,GOLD 🥇
2288,RESOLVUSDT,2026-01-19 04:30:00,27.516059957173454,GOLD 🥇
2289,RESOLVUSDT,2026-01-19 04:45:00,26.972281449893387,GOLD 🥇
2290,RESOLVUSDT,2026-01-19 20:15:00,13.753581661891111,SILVER 🥈
2291,RESOLVUSDT,2026-01-22 16:15:00,10.547263681592046,SILVER 🥈
2292,RESOLVUSDT,2026-01-26 08:15:00,6.125461254612552,BRONZE 🥉
2293,RESOLVUSDT,2026-01-26 09:45:00,7.957957957957951,BRONZE 🥉
2294,RESOLVUSDT,2026-01-28 17:15:00,3.953712632594031,NONE
2295,DOGSUSDT,2026-01-04 09:15:00,6.5606361829025905,BRONZE 🥉
2296,DOGSUSDT,2026-01-13 07:30:00,16.17312072892938,SILVER 🥈
2297,LTCUSDT,2026-01-01 16:00:00,4.901836605446475,NONE
2298,LTCUSDT,2026-01-09 14:45:00,2.080753034431515,NONE
2299,LTCUSDT,2026-01-09 15:00:00,2.080753034431515,NONE
2300,TUSDUSDT,2026-01-02 17:00:00,0.5810458825886711,NONE
2301,TUSDUSDT,2026-01-11 09:15:00,0.4406168636090335,NONE
2302,TUSDUSDT,2026-01-12 14:45:00,0.3903513161845673,NONE
2303,TUSDUSDT,2026-01-17 13:45:00,0.2799440111977525,NONE
2304,TUSDUSDT,2026-01-23 04:15:00,0.04000800160031126,NONE
2305,TUSDUSDT,2026-01-30 02:00:00,0.030015007503747526,NONE
2306,DYMUSDT,2026-01-01 20:30:00,18.930635838150287,SILVER 🥈
2307,DYMUSDT,2026-01-18 11:45:00,6.488011283497874,BRONZE 🥉
2308,DYMUSDT,2026-01-18 13:30:00,1.2145748987854255,NONE
2309,DYMUSDT,2026-01-21 03:15:00,2.535657686212356,NONE
2310,DYMUSDT,2026-01-25 08:00:00,0.6622516556291425,NONE
2311,XUSDUSDT,2026-01-02 04:30:00,0.019978024173417097,NONE
2312,XUSDUSDT,2026-01-06 07:30:00,0.09998000399920048,NONE
2313,XUSDUSDT,2026-01-06 08:15:00,0.08997300809758801,NONE
2314,XUSDUSDT,2026-01-07 07:15:00,0.1399160503697816,NONE
2315,XUSDUSDT,2026-01-07 08:30:00,0.1299090636554423,NONE
2316,XUSDUSDT,2026-01-07 08:45:00,0.1299090636554423,NONE
2317,XUSDUSDT,2026-01-10 03:00:00,0.009987016878065802,NONE
2318,XUSDUSDT,2026-01-10 03:15:00,-0.009986019572594262,NONE
2319,XUSDUSDT,2026-01-12 03:15:00,0.009987016878065802,NONE
2320,XUSDUSDT,2026-01-16 03:00:00,0.059976009596152124,NONE
2321,XUSDUSDT,2026-01-23 02:30:00,0.05994604855632524,NONE
2322,XUSDUSDT,2026-01-23 02:45:00,0.05994604855632524,NONE
2323,XUSDUSDT,2026-01-24 00:45:00,0.049950049950076014,NONE
2324,XUSDUSDT,2026-01-27 07:30:00,0.07992007992010386,NONE
2325,XUSDUSDT,2026-01-28 09:15:00,0.9788254095085769,NONE
2326,XUSDUSDT,2026-01-29 02:30:00,0.96874063717165,NONE
2327,XUSDUSDT,2026-01-29 02:45:00,0.948577134298545,NONE
2328,XUSDUSDT,2026-01-30 02:45:00,0.948577134298545,NONE
2329,XUSDUSDT,2026-01-30 03:45:00,0.009985022466296734,NONE
2330,JUVUSDT,2026-01-10 13:45:00,3.1830238726790583,NONE
2331,JUVUSDT,2026-01-13 22:30:00,5.444887118193886,BRONZE 🥉
2332,JUVUSDT,2026-01-17 04:30:00,0.8303677342823335,NONE
2333,JUVUSDT,2026-01-20 07:45:00,4.939919893190936,NONE
2334,JUVUSDT,2026-01-20 08:30:00,1.2886597938144284,NONE
2335,DEGOUSDT,2026-01-01 15:30:00,10.821643286573156,SILVER 🥈
2336,DEGOUSDT,2026-01-02 17:15:00,6.756756756756754,BRONZE 🥉
2337,DEGOUSDT,2026-01-07 10:15:00,2.434456928838946,NONE
2338,DEGOUSDT,2026-01-10 20:00:00,0.0,NONE
2339,DEGOUSDT,2026-01-25 15:00:00,0.4576659038901587,NONE
2340,DEGOUSDT,2026-01-27 16:30:00,1.6627078384798155,NONE
2341,NEWTUSDT,2026-01-10 08:30:00,6.666666666666665,BRONZE 🥉
2342,NEWTUSDT,2026-01-11 01:15:00,3.7442922374429255,NONE
2343,NEWTUSDT,2026-01-11 01:45:00,1.24777183600715,NONE
2344,NEWTUSDT,2026-01-22 08:45:00,9.564293304994687,BRONZE 🥉
2345,NEWTUSDT,2026-01-23 05:45:00,23.854166666666664,GOLD 🥇
2346,NEWTUSDT,2026-01-23 06:15:00,22.577319587628875,GOLD 🥇
2347,NEWTUSDT,2026-01-23 06:30:00,22.073921971252574,GOLD 🥇
2348,NEWTUSDT,2026-01-28 02:15:00,9.962049335863377,BRONZE 🥉
2349,NEWTUSDT,2026-01-29 00:30:00,10.275927687916276,SILVER 🥈
2350,NEWTUSDT,2026-01-29 01:30:00,7.314814814814818,BRONZE 🥉
2351,NEWTUSDT,2026-01-29 01:45:00,6.038426349496806,BRONZE 🥉
2352,NEWTUSDT,2026-01-29 02:00:00,5.1724137931034475,BRONZE 🥉
2353,ZKUSDT,2026-01-06 08:00:00,5.217819345311359,BRONZE 🥉
2354,ZKUSDT,2026-01-06 08:15:00,4.3701171875,NONE
2355,ZKUSDT,2026-01-06 08:30:00,1.7857142857142794,NONE
2356,ZKUSDT,2026-01-29 15:45:00,2.474062250598563,NONE
