,time,gain,t0_vol_ratio,symbol
843,2025-12-24 17:30:00+00:00,6635.950044603034,6.020179798410161,BIFIUSDT
842,2025-12-24 17:15:00+00:00,6489.005235602094,12.876976961870215,BIFIUSDT
841,2025-12-23 19:45:00+00:00,5940.8,5.71045261577603,BIFIUSDT
840,2025-12-23 19:30:00+00:00,5758.029480217223,20.72519218257191,BIFIUSDT
838,2025-12-23 19:00:00+00:00,5535.074626865671,29.12602954514576,BIFIUSDT
839,2025-12-23 19:15:00+00:00,4715.688775510204,37.70903738344469,BIFIUSDT
844,2025-12-24 20:45:00+00:00,1825.4421768707484,34.41956621211592,BIFIUSDT
1323,2025-12-30 03:15:00+00:00,1210.4013104013104,5.079496307387503,BROCCOLI714USDT
1325,2025-12-30 14:30:00+00:00,1189.2828364222403,5.278181567891465,BROCCOLI714USDT
1324,2025-12-30 04:00:00+00:00,1188.244766505636,9.239636168707513,BROCCOLI714USDT
1328,2025-12-31 08:15:00+00:00,1183.0793905372896,6.7946348098159755,BROCCOLI714USDT
1327,2025-12-31 06:30:00+00:00,1168.8342585249802,12.056698023292798,BROCCOLI714USDT
1326,2025-12-30 17:15:00+00:00,1150.9773260359657,5.690034316427869,BROCCOLI714USDT
1329,2025-12-31 16:15:00+00:00,1123.2415902140674,9.110450331815308,BROCCOLI714USDT
1330,2025-12-31 16:30:00+00:00,1111.2036336109009,18.902361694037193,BROCCOLI714USDT
1331,2025-12-31 16:45:00+00:00,1089.5910780669146,10.56083778372318,BROCCOLI714USDT
1332,2025-12-31 18:45:00+00:00,1026.7605633802816,6.548753515122628,BROCCOLI714USDT
2951,2025-11-18 23:45:00+00:00,964.1399416909621,5.564171226338983,TNSRUSDT
2952,2025-11-19 00:00:00+00:00,957.9710144927535,5.943158909554595,TNSRUSDT
1333,2025-12-31 19:00:00+00:00,900.0,22.367446671339078,BROCCOLI714USDT
1091,2025-10-10 21:30:00+00:00,799.829874106839,37.650213261831915,WBETHUSDT
2953,2025-11-19 01:00:00+00:00,756.8075117370892,6.845997712479857,TNSRUSDT
1599,2025-10-10 21:15:00+00:00,640.2597402597404,39.59437777836503,TUTUSDT
2954,2025-11-19 12:30:00+00:00,554.1218637992831,11.621717151471545,TNSRUSDT
133,2025-07-08 16:30:00+00:00,532.2306238185256,9.267546136253669,HYPERUSDT
134,2025-07-08 16:45:00+00:00,520.5009276437848,6.123453080534819,HYPERUSDT
135,2025-07-08 17:00:00+00:00,513.6697247706422,8.386300349004895,HYPERUSDT
136,2025-07-08 17:15:00+00:00,512.5457875457876,6.449251167861845,HYPERUSDT
138,2025-07-08 18:30:00+00:00,506.98729582577135,10.265295494272538,HYPERUSDT
137,2025-07-08 18:15:00+00:00,498.3005366726298,11.942193917384946,HYPERUSDT
140,2025-07-09 06:45:00+00:00,491.1739502999143,6.125351613747244,HYPERUSDT
2950,2025-11-18 12:00:00+00:00,489.67391304347825,9.68058698168934,TNSRUSDT
139,2025-07-09 06:15:00+00:00,488.65187713310576,9.013527010220171,HYPERUSDT
141,2025-07-09 07:15:00+00:00,484.66101694915255,9.28938194756531,HYPERUSDT
2949,2025-11-18 11:45:00+00:00,457.7464788732395,8.196739116154333,TNSRUSDT
2955,2025-11-19 12:45:00+00:00,455.5555555555556,10.372329147236842,TNSRUSDT
2245,2025-11-04 09:45:00+00:00,416.27510420613874,7.11543174104341,GIGGLEUSDT
2956,2025-11-19 13:00:00+00:00,404.8409405255878,14.485061012665067,TNSRUSDT
1104,2025-10-10 21:15:00+00:00,402.6061057334326,43.49027470721835,DEXEUSDT
2957,2025-11-19 13:15:00+00:00,386.0186418109188,5.37643548315446,TNSRUSDT
142,2025-07-10 02:15:00+00:00,372.2108145106091,36.251428724653195,HYPERUSDT
2246,2025-11-04 10:15:00+00:00,368.1958762886598,5.3482618356153395,GIGGLEUSDT
143,2025-07-10 02:30:00+00:00,366.14864864864865,12.420631302659055,HYPERUSDT
144,2025-07-10 02:45:00+00:00,355.07915567282316,6.358231232382253,HYPERUSDT
2393,2025-10-10 21:15:00+00:00,353.1410916580844,9.5191763789734,RDNTUSDT
2958,2025-11-19 13:45:00+00:00,347.3039215686274,5.55115439004222,TNSRUSDT
1638,2025-07-21 16:15:00+00:00,342.72735233591663,5.207242409654199,SPKUSDT
2247,2025-11-04 10:30:00+00:00,331.5647766867279,5.1605498645039445,GIGGLEUSDT
1639,2025-07-21 20:00:00+00:00,321.9081198364349,5.666112982434957,SPKUSDT
2959,2025-11-19 14:30:00+00:00,316.1915621436716,6.387669835952256,TNSRUSDT
1640,2025-07-21 20:45:00+00:00,310.65061121715473,6.687828037679584,SPKUSDT
871,2025-10-10 21:15:00+00:00,281.4492753623188,21.365280470224512,QUICKUSDT
2666,2025-11-02 07:00:00+00:00,279.8155181768855,6.406715643082025,DCRUSDT
3056,2025-02-14 08:00:00+00:00,273.93410852713174,10.326005025241011,JUVUSDT
2948,2025-11-18 07:45:00+00:00,273.7265415549598,5.509251137613551,TNSRUSDT
583,2025-04-19 14:45:00+00:00,272.5153374233129,6.740553614267228,MAGICUSDT
584,2025-04-19 15:00:00+00:00,265.3429602888087,9.332104429390895,MAGICUSDT
237,2025-10-10 21:15:00+00:00,263.3744855967078,45.7709674921725,SOLVUSDT
1145,2025-07-09 03:15:00+00:00,262.95569402875225,6.024886075249758,BANANAS31USDT
3055,2025-02-13 07:00:00+00:00,260.9915809167446,6.526903974566992,JUVUSDT
2668,2025-11-02 07:30:00+00:00,259.8971722365039,5.9517632389448085,DCRUSDT
845,2025-12-24 21:00:00+00:00,259.1078066914498,22.49748884287005,BIFIUSDT
586,2025-04-19 15:30:00+00:00,254.25904317386227,6.904996042955025,MAGICUSDT
585,2025-04-19 15:15:00+00:00,253.84615384615384,11.515267693124928,MAGICUSDT
2669,2025-11-03 06:45:00+00:00,250.7014028056112,5.061584178429196,DCRUSDT
1890,2025-10-10 21:15:00+00:00,246.96177062374244,14.484580463300688,SIGNUSDT
2667,2025-11-02 07:15:00+00:00,246.19188921859546,17.838358531131952,DCRUSDT
1350,2025-10-10 21:15:00+00:00,243.98496240601503,18.683080569809377,CVXUSDT
2671,2025-11-03 07:15:00+00:00,238.65505563618768,12.411472152446068,DCRUSDT
2402,2025-04-15 00:00:00+00:00,238.34505137912387,5.1189475452722855,ARDRUSDT
1334,2025-12-31 19:15:00+00:00,235.28918692372173,36.086050596550145,BROCCOLI714USDT
587,2025-04-19 15:45:00+00:00,233.26015367727769,17.991796603168865,MAGICUSDT
2670,2025-11-03 07:00:00+00:00,230.50047214353162,16.558085278253742,DCRUSDT
2248,2025-11-04 10:45:00+00:00,230.09085402786192,11.198822423336784,GIGGLEUSDT
2780,2025-10-10 21:15:00+00:00,229.76827094474152,43.45501642168785,IOTXUSDT
991,2025-04-18 14:30:00+00:00,227.86885245901635,18.238926723919096,NKNUSDT
992,2025-04-18 14:45:00+00:00,226.08695652173913,6.685518711944922,NKNUSDT
2535,2026-01-23 05:15:00+00:00,224.0740740740741,6.5890245305659265,ENSOUSDT
2050,2025-03-21 01:45:00+00:00,222.35746316463806,6.433137755580836,ORCAUSDT
715,2025-12-31 16:30:00+00:00,220.47477744807122,7.843015046921838,A2ZUSDT
2049,2025-03-21 00:15:00+00:00,220.10178117048346,5.419448307015676,ORCAUSDT
2048,2025-03-21 00:00:00+00:00,219.8982835346472,6.138045458875838,ORCAUSDT
2251,2025-11-04 11:30:00+00:00,217.62443175195241,6.909381613784943,GIGGLEUSDT
846,2025-12-24 21:15:00+00:00,217.13722915298752,7.607337417242983,BIFIUSDT
1510,2025-10-10 21:15:00+00:00,215.74803149606302,17.082433305338636,AVAUSDT
716,2025-12-31 19:15:00+00:00,215.55880204528853,7.139441403311832,A2ZUSDT
994,2025-04-18 15:15:00+00:00,214.13612565445027,18.94331240226196,NKNUSDT
714,2025-12-31 12:00:00+00:00,213.953488372093,9.145387094398162,A2ZUSDT
712,2025-12-30 20:15:00+00:00,213.72549019607843,5.675835726093241,A2ZUSDT
2394,2025-10-10 21:30:00+00:00,213.16725978647685,5.128118191175864,RDNTUSDT
718,2025-12-31 19:45:00+00:00,212.36442516268986,8.229965079103174,A2ZUSDT
713,2025-12-31 11:45:00+00:00,211.23919308357353,5.049863009846881,A2ZUSDT
1699,2025-08-08 00:15:00+00:00,210.55900621118013,11.116616136725714,GMXUSDT
1701,2025-08-08 01:15:00+00:00,210.3448275862069,14.948274572149398,GMXUSDT
717,2025-12-31 19:30:00+00:00,210.12203876525487,9.910002508590754,A2ZUSDT
719,2025-12-31 20:15:00+00:00,209.89956958393114,6.236916915628069,A2ZUSDT
3065,2025-10-10 21:15:00+00:00,209.54063604240284,24.595603846227956,DEGOUSDT
2406,2025-04-15 05:00:00+00:00,208.8874259381172,5.651713152897595,ARDRUSDT
1322,2025-10-10 21:15:00+00:00,208.17547357926222,8.360958040784345,BROCCOLI714USDT
1700,2025-08-08 01:00:00+00:00,208.0082135523614,13.309973333108136,GMXUSDT
720,2025-12-31 21:15:00+00:00,207.91161796151107,7.79239827629276,A2ZUSDT
1567,2025-11-06 15:45:00+00:00,206.58436213991772,5.314561012791994,PYRUSDT
2536,2026-01-23 05:45:00+00:00,206.25,6.683345194674603,ENSOUSDT
721,2026-01-01 08:00:00+00:00,205.94900849858357,5.169979510236392,A2ZUSDT
766,2025-10-10 21:15:00+00:00,204.95049504950495,15.231658946433026,PORTALUSDT
2598,2025-08-26 13:30:00+00:00,203.19803198031977,7.355922076811674,NMRUSDT
589,2025-04-19 16:15:00+00:00,202.691924227318,8.740034549599534,MAGICUSDT
722,2026-01-01 10:30:00+00:00,202.52100840336135,8.554325013510253,A2ZUSDT
1702,2025-08-09 08:45:00+00:00,202.01342281879192,8.627345625160107,GMXUSDT
588,2025-04-19 16:00:00+00:00,199.4082840236686,22.220973234216423,MAGICUSDT
338,2025-10-10 21:15:00+00:00,198.73786407766988,8.557010631936459,MUBARAKUSDT
1642,2025-07-21 23:15:00+00:00,198.37848205854579,6.510617899038902,SPKUSDT
2036,2025-10-10 21:15:00+00:00,196.38242894056845,13.359450514782857,GUNUSDT
2841,2025-08-10 07:30:00+00:00,196.11111111111111,6.308862654932967,CYBERUSDT
723,2026-01-01 10:45:00+00:00,195.89041095890414,32.73112145335843,A2ZUSDT
1907,2025-10-10 21:15:00+00:00,195.85798816568044,15.028749851921251,MINAUSDT
116,2025-11-05 09:15:00+00:00,195.42097488921715,5.031865218351009,ALCXUSDT
3064,2025-10-10 21:00:00+00:00,193.95973154362417,44.563099937154696,DEGOUSDT
1543,2025-10-10 21:15:00+00:00,193.82716049382714,39.10935004873296,HEIUSDT
2250,2025-11-04 11:15:00+00:00,193.6631102489492,7.7619728700864945,GIGGLEUSDT
1290,2025-10-18 05:45:00+00:00,193.18600368324127,10.140399943970019,MLNUSDT
679,2025-11-07 11:15:00+00:00,192.70633397312858,6.370964563382873,FLUXUSDT
2701,2025-03-28 23:15:00+00:00,192.14375261178435,18.900691793328217,FUNUSDT
3037,2025-11-19 05:00:00+00:00,191.64490861618793,5.128433347561773,DYMUSDT
1289,2025-10-18 05:30:00+00:00,191.57509157509156,12.511159721159835,MLNUSDT
113,2025-11-04 06:00:00+00:00,191.54518950437316,5.180840126924172,ALCXUSDT
2699,2025-03-28 21:00:00+00:00,191.534612176814,8.513329916624286,FUNUSDT
2505,2025-09-25 20:00:00+00:00,191.2593984962406,14.560307149134745,ALPINEUSDT
1641,2025-07-21 23:00:00+00:00,190.08377083512636,14.047794310466214,SPKUSDT
993,2025-04-18 15:00:00+00:00,189.85507246376812,22.724063407116095,NKNUSDT
115,2025-11-05 09:00:00+00:00,189.85507246376812,11.137450734625807,ALCXUSDT
3036,2025-11-18 14:30:00+00:00,189.75356679636835,14.007462515090655,DYMUSDT
431,2025-09-03 14:00:00+00:00,189.60817717206135,6.7904377747072076,REDUSDT
2538,2026-01-24 00:15:00+00:00,189.59810874704493,5.70720173177259,ENSOUSDT
2504,2025-09-25 05:45:00+00:00,189.58837772397098,5.209383178253827,ALPINEUSDT
3040,2025-11-19 14:15:00+00:00,189.57528957528956,6.04772796559649,DYMUSDT
2506,2025-09-25 20:15:00+00:00,189.4908921064923,6.559331297411661,ALPINEUSDT
1600,2025-10-10 21:15:00+00:00,188.92128279883386,10.91091439056517,SAGAUSDT
383,2025-03-09 10:00:00+00:00,188.8446215139442,7.984088930838353,RAREUSDT
382,2025-03-09 09:30:00+00:00,188.8446215139442,11.249103604131784,RAREUSDT
725,2026-01-01 11:15:00+00:00,188.77005347593584,6.1264806872110285,A2ZUSDT
112,2025-11-04 05:45:00+00:00,188.60028860028862,5.803634275717959,ALCXUSDT
2537,2026-01-23 06:00:00+00:00,187.89659224441837,8.326507836692157,ENSOUSDT
724,2026-01-01 11:00:00+00:00,187.61651131824232,24.786846100685448,A2ZUSDT
1674,2025-10-10 21:15:00+00:00,187.45348219032428,17.108663094001418,CHESSUSDT
380,2025-03-09 09:00:00+00:00,187.12871287128706,33.336413759553935,RAREUSDT
111,2025-11-04 05:15:00+00:00,186.94404591104737,9.100717018719019,ALCXUSDT
2672,2025-11-03 16:30:00+00:00,186.76771814829988,5.285900663216816,DCRUSDT
726,2026-01-01 11:45:00+00:00,186.66224286662242,5.216772186701748,A2ZUSDT
1568,2025-11-07 14:45:00+00:00,185.98848368522073,7.073010792922453,PYRUSDT
2700,2025-03-28 22:45:00+00:00,185.58006535947712,5.090728319084012,FUNUSDT
3039,2025-11-19 13:15:00+00:00,185.5329949238579,5.0226434697242865,DYMUSDT
3038,2025-11-19 13:00:00+00:00,185.171102661597,10.5917766300077,DYMUSDT
675,2025-11-07 10:00:00+00:00,185.0467289719626,13.019264899663483,FLUXUSDT
2600,2025-08-26 15:30:00+00:00,184.9710982658959,16.32462333067938,NMRUSDT
435,2025-09-05 02:15:00+00:00,183.7386742966142,9.430867524989907,REDUSDT
1154,2025-10-10 21:15:00+00:00,183.4959349593496,22.104611987708324,BANANAS31USDT
2702,2025-03-29 00:15:00+00:00,183.38062423996755,5.413098521733707,FUNUSDT
110,2025-11-04 05:00:00+00:00,183.28611898017,15.9418473913995,ALCXUSDT
436,2025-09-05 02:30:00+00:00,182.9964328180737,12.327691247049373,REDUSDT
114,2025-11-05 08:45:00+00:00,182.88543140028287,17.1561165473157,ALCXUSDT
1869,2025-07-16 22:15:00+00:00,181.1023622047244,6.4926200239621075,EPICUSDT
1454,2025-10-10 21:15:00+00:00,180.96885813148788,16.729266458984572,ONEUSDT
1495,2025-10-10 21:15:00+00:00,180.77858880778592,9.870721127705725,COOKIEUSDT
2566,2026-01-23 19:45:00+00:00,180.50490883590462,8.809463154579404,NOMUSDT
3042,2025-11-20 01:30:00+00:00,180.19925280199254,7.343701048351541,DYMUSDT
1868,2025-07-16 22:00:00+00:00,179.99999999999997,15.58390006227606,EPICUSDT
384,2025-03-09 10:30:00+00:00,179.9227799227799,5.900414326551959,RAREUSDT
1566,2025-11-06 15:30:00+00:00,179.75460122699388,16.916177988821936,PYRUSDT
2842,2025-08-10 17:15:00+00:00,179.49659150498164,18.129806582448197,CYBERUSDT
2249,2025-11-04 11:00:00+00:00,178.96191646191647,7.127291331143856,GIGGLEUSDT
2354,2025-04-13 19:45:00+00:00,178.8888888888889,13.520955267355413,OMUSDT
437,2025-09-05 02:45:00+00:00,178.16736792893875,13.474242203933125,REDUSDT
117,2025-11-05 10:15:00+00:00,178.16411682892905,7.2287820626176424,ALCXUSDT
324,2025-10-10 21:15:00+00:00,178.16091954022988,10.46331453241627,1000SATSUSDT
2405,2025-04-15 04:45:00+00:00,178.12685240071136,5.98790750079312,ARDRUSDT
3041,2025-11-20 00:00:00+00:00,178.1211372064277,5.792173008306361,DYMUSDT
2601,2025-08-26 15:45:00+00:00,177.90304396843294,9.757248378820364,NMRUSDT
727,2026-01-01 13:30:00+00:00,177.2785622593068,7.112937855954571,A2ZUSDT
590,2025-04-19 16:45:00+00:00,177.2602739726027,11.338600212072077,MAGICUSDT
1582,2025-09-18 17:45:00+00:00,177.09074733096085,6.0850185063745625,TUTUSDT
581,2025-04-19 01:15:00+00:00,176.97201017811705,5.794871724078268,MAGICUSDT
995,2025-04-18 16:00:00+00:00,176.49769585253458,9.07790843422219,NKNUSDT
1870,2025-07-16 23:45:00+00:00,176.20889748549322,6.122107480865404,EPICUSDT
2362,2025-10-10 21:15:00+00:00,176.07361963190183,8.707736430482594,OMUSDT
2886,2025-10-10 21:15:00+00:00,176.02905569007262,22.49740851461105,APEUSDT
2843,2025-08-10 17:30:00+00:00,176.02278612118073,13.243230532885443,CYBERUSDT
2844,2025-08-10 17:45:00+00:00,176.02278612118073,18.0481365144036,CYBERUSDT
1583,2025-09-18 23:45:00+00:00,175.66012686236908,8.500920182673301,TUTUSDT
1106,2025-05-30 00:45:00+00:00,175.46047582501922,13.869453661306421,LPTUSDT
2568,2026-01-24 00:15:00+00:00,174.72527472527472,6.020566019137799,NOMUSDT
1704,2025-08-09 19:45:00+00:00,174.55765710799267,16.455238606531417,GMXUSDT
2567,2026-01-24 00:00:00+00:00,174.34842249657066,9.114033015282352,NOMUSDT
381,2025-03-09 09:15:00+00:00,173.58490566037736,23.912355853176123,RAREUSDT
1570,2025-11-07 16:30:00+00:00,173.394495412844,10.743083527025671,PYRUSDT
990,2025-04-18 04:30:00+00:00,173.0337078651685,6.110608352487661,NKNUSDT
1469,2026-01-17 20:00:00+00:00,172.6446280991736,5.841962732246097,DUSKUSDT
2569,2026-01-24 00:30:00+00:00,172.47956403269754,16.197848596030575,NOMUSDT
1193,2025-10-10 21:15:00+00:00,172.23230490018145,14.52387510965965,BELUSDT
438,2025-09-05 03:45:00+00:00,171.7515414478191,6.013473859582956,REDUSDT
3043,2025-11-20 06:45:00+00:00,171.41133896260556,5.87653214822215,DYMUSDT
1569,2025-11-07 16:15:00+00:00,171.40255009107466,14.757772863029766,PYRUSDT
2623,2025-09-15 15:00:00+00:00,171.27461910070605,7.4015564234459,TSTUSDT
2403,2025-04-15 04:15:00+00:00,171.25307125307128,19.544910835881513,ARDRUSDT
2404,2025-04-15 04:30:00+00:00,170.74437391806114,20.67129774400868,ARDRUSDT
1036,2025-12-04 16:15:00+00:00,170.53419530452535,7.679443344677755,LUNCUSDT
1581,2025-09-18 08:30:00+00:00,170.43415340086833,5.261910799350227,TUTUSDT
1571,2025-11-07 16:45:00+00:00,170.41742286751358,8.000630284420879,PYRUSDT
1335,2025-12-31 19:30:00+00:00,170.27027027027026,13.671970048788241,BROCCOLI714USDT
2407,2025-04-15 09:15:00+00:00,170.12089810017272,6.652745773223647,ARDRUSDT
582,2025-04-19 02:00:00+00:00,170.09925558312653,6.718699827619346,MAGICUSDT
1035,2025-12-04 16:00:00+00:00,169.98302207130732,9.230670811306188,LUNCUSDT
676,2025-11-07 10:15:00+00:00,169.91150442477877,17.67017097297504,FLUXUSDT
800,2025-11-06 17:00:00+00:00,169.9048913043478,7.710522860007853,FILUSDT
2355,2025-04-13 20:00:00+00:00,169.3658536585366,8.684869158191098,OMUSDT
1637,2025-07-21 06:00:00+00:00,169.22894065782077,5.4946943729811615,SPKUSDT
434,2025-09-03 23:00:00+00:00,168.74435411020775,5.441311824737275,REDUSDT
801,2025-11-06 17:15:00+00:00,168.62745098039213,5.4025337192618705,FILUSDT
386,2025-03-09 11:00:00+00:00,168.5185185185185,10.725235310694382,RAREUSDT
848,2026-01-08 11:15:00+00:00,168.5,8.077917940812632,BIFIUSDT
1572,2025-11-07 17:00:00+00:00,168.46846846846844,10.844689700505965,PYRUSDT
1584,2025-09-19 02:15:00+00:00,168.4528085045252,20.01987137076048,TUTUSDT
1574,2025-11-07 17:30:00+00:00,167.98561151079133,11.189864005501928,PYRUSDT
439,2025-09-05 04:00:00+00:00,167.89734353894642,6.249060878800874,REDUSDT
1470,2026-01-18 09:00:00+00:00,167.55879967558803,7.325537563411996,DUSKUSDT
728,2026-01-01 14:30:00+00:00,167.16141001855286,5.533729741282377,A2ZUSDT
677,2025-11-07 10:30:00+00:00,167.07530647985988,12.042715141576167,FLUXUSDT
1573,2025-11-07 17:15:00+00:00,167.02508960573473,15.227673376390918,PYRUSDT
2570,2026-01-24 01:45:00+00:00,167.02269692923898,5.137159508058523,NOMUSDT
1199,2025-10-15 07:15:00+00:00,166.88411358403684,5.017188587545754,BELUSDT
355,2025-10-10 21:15:00+00:00,166.44136532612367,18.002636177544538,FTTUSDT
1585,2025-09-19 02:30:00+00:00,166.23450633993446,6.52568622374008,TUTUSDT
678,2025-11-07 10:45:00+00:00,166.1431064572426,5.954174548298333,FLUXUSDT
2136,2025-10-10 21:15:00+00:00,166.07245543415758,11.169430902040434,MAVUSDT
1703,2025-08-09 19:30:00+00:00,165.95744680851064,43.642574731186464,GMXUSDT
433,2025-09-03 22:45:00+00:00,165.80299307572034,16.10332245390369,REDUSDT
2673,2025-11-03 16:45:00+00:00,165.6546489563567,7.42726122734345,DCRUSDT
847,2026-01-08 11:00:00+00:00,165.62242374278648,7.728934036455294,BIFIUSDT
1636,2025-07-21 05:45:00+00:00,165.34119952291704,7.0703027929535,SPKUSDT
1586,2025-09-19 04:00:00+00:00,165.13904653802496,11.208279408180177,TUTUSDT
1037,2025-12-05 00:00:00+00:00,164.4993498049415,5.8394983818596655,LUNCUSDT
2508,2025-09-26 16:30:00+00:00,164.4400785854617,9.976295028728694,ALPINEUSDT
385,2025-03-09 10:45:00+00:00,164.11657559198542,6.55265004821133,RAREUSDT
3044,2025-11-20 07:30:00+00:00,164.08450704225353,9.90058530986192,DYMUSDT
2845,2025-08-10 18:30:00+00:00,163.4700939199209,8.447422378883966,CYBERUSDT
2960,2025-11-20 06:15:00+00:00,163.15789473684214,7.3318321620891505,TNSRUSDT
243,2025-10-10 21:15:00+00:00,162.90212183436003,11.773537739939725,ORDIUSDT
3003,2025-11-04 20:15:00+00:00,162.8297362110312,8.48526466013761,RESOLVUSDT
2638,2025-10-10 21:15:00+00:00,162.76445698166432,7.940922531129899,SNXUSDT
1659,2025-10-10 21:15:00+00:00,161.53846153846155,14.340073195640397,HOOKUSDT
432,2025-09-03 22:30:00+00:00,161.48099318831024,14.601448646723775,REDUSDT
998,2025-04-19 12:15:00+00:00,160.8695652173913,5.172313812162268,NKNUSDT
2278,2025-04-06 16:00:00+00:00,160.21915197713193,7.86918426733324,FORTHUSDT
1871,2025-07-17 09:15:00+00:00,159.63636363636363,8.652028469633546,EPICUSDT
3046,2025-11-20 08:00:00+00:00,159.5155709342561,8.548534108811227,DYMUSDT
3045,2025-11-20 07:45:00+00:00,159.5155709342561,8.251446697030497,DYMUSDT
2602,2025-08-26 16:00:00+00:00,159.4736842105263,18.856474022127916,NMRUSDT
2675,2025-11-03 17:15:00+00:00,159.25925925925927,5.998561583046085,DCRUSDT
2705,2025-03-29 04:30:00+00:00,159.11786508524833,7.506657307678137,FUNUSDT
2624,2025-09-16 17:15:00+00:00,158.95707697765164,6.523987737908886,TSTUSDT
2621,2025-09-15 13:45:00+00:00,158.1329561527581,7.429662756234023,TSTUSDT
2622,2025-09-15 14:45:00+00:00,158.04171085189114,18.659900340948184,TSTUSDT
440,2025-09-05 05:15:00+00:00,157.79896013864817,5.607093491370522,REDUSDT
334,2025-05-08 04:30:00+00:00,157.1428571428571,7.132390474078841,MUBARAKUSDT
1631,2025-10-10 21:15:00+00:00,157.1428571428571,11.847280674812124,ACTUSDT
1160,2025-11-16 11:45:00+00:00,157.02091335894153,6.314120422964292,BANANAS31USDT
591,2025-04-19 17:30:00+00:00,156.85279187817258,5.2259150914566135,MAGICUSDT
1161,2025-11-16 14:45:00+00:00,156.692242114237,5.17911869669046,BANANAS31USDT
2846,2025-08-10 18:45:00+00:00,156.62012518054888,12.573787378962418,CYBERUSDT
1867,2025-10-10 21:15:00+00:00,156.059009483667,16.885563091682776,ENSUSDT
3085,2025-11-01 04:45:00+00:00,155.98232494901424,6.135212747377403,ZKUSDT
544,2025-10-10 21:15:00+00:00,155.78175895765472,10.400633849988147,THEUSDT
2572,2026-01-24 07:15:00+00:00,155.7544757033248,10.638814907502768,NOMUSDT
1155,2025-11-15 15:00:00+00:00,155.38592027141647,8.86810987418936,BANANAS31USDT
2289,2025-10-10 21:15:00+00:00,154.87122060470324,19.153958281801593,FORTHUSDT
2571,2026-01-24 07:00:00+00:00,154.7770700636943,5.382455844304773,NOMUSDT
2639,2025-10-12 14:45:00+00:00,154.43786982248523,6.779785989770306,SNXUSDT
3004,2025-11-04 20:45:00+00:00,154.292343387471,10.178138573741359,RESOLVUSDT
15,2025-07-23 11:30:00+00:00,153.7158469945355,7.304341560204647,MDTUSDT
2866,2025-10-10 21:15:00+00:00,153.65853658536582,17.86344979419912,TRUUSDT
1159,2025-11-16 10:45:00+00:00,153.4511784511784,5.362892087200995,BANANAS31USDT
76,2025-10-10 21:15:00+00:00,153.25615050651234,12.380002348965121,RENDERUSDT
1873,2025-07-17 09:45:00+00:00,153.19148936170214,5.064144831517158,EPICUSDT
999,2025-04-19 15:00:00+00:00,153.16455696202533,5.532845172596977,NKNUSDT
1633,2025-07-21 00:00:00+00:00,152.95480591957747,6.2633344847493735,SPKUSDT
118,2025-11-05 10:30:00+00:00,152.84450063211125,27.275244443619503,ALCXUSDT
2599,2025-08-26 15:15:00+00:00,152.82051282051282,42.19960799206202,NMRUSDT
1156,2025-11-15 15:30:00+00:00,152.49475890985323,11.136958180549005,BANANAS31USDT
1744,2025-10-10 21:15:00+00:00,152.4752475247525,15.722654063615927,AEVOUSDT
2408,2025-04-15 09:30:00+00:00,152.39376008606783,7.178753784040333,ARDRUSDT
2856,2025-05-08 07:30:00+00:00,152.04747774480714,5.080482633865448,PNUTUSDT
1291,2025-10-18 20:30:00+00:00,151.90615835777126,38.62668274040686,MLNUSDT
1157,2025-11-15 15:45:00+00:00,151.75585284280936,6.959357044338093,BANANAS31USDT
407,2025-10-10 21:15:00+00:00,151.59342502515938,9.607966337397377,ERAUSDT
2706,2025-03-29 05:15:00+00:00,151.47482014388493,5.478756928874375,FUNUSDT
3083,2025-10-10 21:15:00+00:00,151.2562814070352,22.045622384297776,NEWTUSDT
1158,2025-11-15 16:00:00+00:00,150.8121615993336,6.216854602972581,BANANAS31USDT
2625,2025-09-16 17:30:00+00:00,150.60075523515275,7.287447598182289,TSTUSDT
1118,2025-07-10 11:00:00+00:00,150.4145936981758,8.116399082160239,KNCUSDT
249,2025-10-10 21:15:00+00:00,150.14124293785312,10.483234320229553,BANANAUSDT
1846,2025-06-29 16:45:00+00:00,150.0,11.402965617565611,HFTUSDT
1872,2025-07-17 09:30:00+00:00,149.86876640419945,12.84487973726606,EPICUSDT
1117,2025-07-10 09:15:00+00:00,149.58677685950414,14.92009525740663,KNCUSDT
1665,2025-10-10 21:15:00+00:00,149.16666666666666,12.197009890704479,XAIUSDT
2703,2025-03-29 04:00:00+00:00,149.1446899501069,14.481610658832981,FUNUSDT
1818,2025-07-19 03:00:00+00:00,149.0794888455707,10.640712090034183,DIAUSDT
799,2025-10-10 21:15:00+00:00,149.00662251655626,15.355408897146349,FILUSDT
996,2025-04-18 16:45:00+00:00,148.96265560165975,7.601997391335905,NKNUSDT
826,2025-10-10 21:15:00+00:00,148.7012987012987,9.324949100146352,USUALUSDT
849,2026-01-09 07:30:00+00:00,148.22804314329736,10.22381083874969,BIFIUSDT
1754,2025-10-10 21:15:00+00:00,148.19277108433732,34.75630204377709,QIUSDT
997,2025-04-18 17:00:00+00:00,147.93388429752068,6.781166684359098,NKNUSDT
2333,2025-10-10 21:15:00+00:00,147.76119402985074,19.792746119651735,OSMOUSDT
14,2025-07-23 06:30:00+00:00,147.62666666666667,9.04252730134228,MDTUSDT
2392,2025-10-10 21:00:00+00:00,147.32996065205168,7.335073622165224,RDNTUSDT
387,2025-03-09 11:30:00+00:00,147.01873935264052,5.503834313054255,RAREUSDT
2180,2025-10-10 21:15:00+00:00,146.91358024691357,12.503538576654517,ARUSDT
858,2025-04-09 01:15:00+00:00,146.8373958654736,5.012185143682124,BERAUSDT
1040,2025-10-10 21:15:00+00:00,146.20573355817874,9.615233744087602,HOLOUSDT
680,2025-11-07 16:30:00+00:00,145.76954069298952,5.090342328422162,FLUXUSDT
593,2025-04-19 18:00:00+00:00,145.63106796116503,6.671016592332816,MAGICUSDT
1819,2025-07-19 03:15:00+00:00,145.25485178076346,13.726403160581206,DIAUSDT
1815,2025-10-10 21:15:00+00:00,144.70260223048322,15.87005589435365,AXLUSDT
210,2025-10-10 21:15:00+00:00,144.44444444444443,39.07950320503558,KAVAUSDT
1200,2025-10-15 09:00:00+00:00,143.94949140652403,7.199778427134914,BELUSDT
2912,2025-10-10 21:15:00+00:00,143.77104377104376,8.09770564081753,AIXBTUSDT
421,2025-03-02 04:45:00+00:00,143.48333333333335,14.493637223229062,REDUSDT
420,2025-03-01 12:45:00+00:00,143.48333333333335,6.967532154093916,REDUSDT
16,2025-07-24 19:45:00+00:00,143.10602289696365,37.23328992364472,MDTUSDT
1119,2025-07-10 21:15:00+00:00,142.99967814612165,5.9991437289807,KNCUSDT
859,2025-04-09 01:30:00+00:00,142.93956878226538,8.838649668313886,BERAUSDT
802,2025-11-06 18:30:00+00:00,142.84841075794623,5.644952462724714,FILUSDT
271,2025-10-10 21:15:00+00:00,142.83632831471587,21.5195098017379,CHZUSDT
1981,2025-10-10 21:15:00+00:00,142.58654474199872,11.67623471031808,SSVUSDT
1201,2025-10-15 09:30:00+00:00,142.33449477351917,7.211976374334226,BELUSDT
1292,2025-10-18 20:45:00+00:00,142.31311706629057,24.694624578747025,MLNUSDT
1587,2025-09-19 16:30:00+00:00,141.7464424320828,5.2171589524407915,TUTUSDT
1238,2025-08-12 12:30:00+00:00,141.49496885481554,9.309105576825697,SKLUSDT
388,2025-03-09 11:45:00+00:00,141.2645590682196,10.491831209427561,RAREUSDT
2597,2025-08-25 08:00:00+00:00,140.99756690997563,6.724497778827202,NMRUSDT
2707,2025-03-29 06:00:00+00:00,140.81984154323112,6.406046381787746,FUNUSDT
497,2025-07-06 11:30:00+00:00,140.61078622482134,5.614442242050739,VICUSDT
2769,2025-08-18 01:15:00+00:00,140.4392764857881,5.2947161237561025,API3USDT
2635,2025-10-10 21:15:00+00:00,140.35747883349012,14.696176971250704,TSTUSDT
1575,2025-11-08 14:45:00+00:00,140.3225806451613,5.675347841504105,PYRUSDT
2534,2026-01-22 13:30:00+00:00,140.0981996726678,8.161921592709731,ENSOUSDT
2411,2025-04-15 10:15:00+00:00,140.09210694639887,7.624727309759365,ARDRUSDT
2168,2025-09-30 09:45:00+00:00,139.93783993783998,10.85110576498678,ZECUSDT
2574,2026-01-24 13:30:00+00:00,139.52095808383237,6.952664732690835,NOMUSDT
2674,2025-11-03 17:00:00+00:00,138.98941618299762,7.7224299488142965,DCRUSDT
1162,2025-11-16 16:15:00+00:00,138.87346291154304,30.63967467747174,BANANAS31USDT
1163,2025-11-16 16:30:00+00:00,138.4006334125099,5.637178512450841,BANANAS31USDT
1336,2025-12-31 19:45:00+00:00,138.0952380952381,5.868700147029435,BROCCOLI714USDT
389,2025-03-09 12:00:00+00:00,138.09523809523805,5.699481748527844,RAREUSDT
1239,2025-08-12 19:45:00+00:00,137.88150807899459,19.658989182393483,SKLUSDT
2745,2025-09-06 10:15:00+00:00,137.84626902919888,5.793288777040393,SOMIUSDT
444,2025-10-10 21:15:00+00:00,137.5,14.486729390188128,PHAUSDT
2626,2025-09-16 17:45:00+00:00,137.32119635890766,11.388859917080664,TSTUSDT
1294,2025-10-18 21:15:00+00:00,137.292817679558,9.316665056657202,MLNUSDT
1918,2025-10-10 21:15:00+00:00,136.76975945017182,8.662494266151441,MITOUSDT
2507,2025-09-26 16:15:00+00:00,136.4722417427969,26.963772098103785,ALPINEUSDT
2084,2025-04-22 07:00:00+00:00,136.38666103841283,6.287461667964414,TURBOUSDT
1923,2025-12-23 13:45:00+00:00,136.36363636363643,6.290314261519029,ZBTUSDT
1634,2025-07-21 00:45:00+00:00,136.22847836202885,5.545406464345565,SPKUSDT
2704,2025-03-29 04:15:00+00:00,135.94330070874113,13.505350686857428,FUNUSDT
1820,2025-07-19 03:30:00+00:00,135.65573770491804,12.491568925029298,DIAUSDT
1822,2025-07-19 04:00:00+00:00,135.6074574882196,9.21048275256101,DIAUSDT
2596,2025-08-25 07:45:00+00:00,135.5529131985731,14.410992712361518,NMRUSDT
2978,2025-07-24 10:45:00+00:00,135.3684210526316,5.838216588549798,IDEXUSDT
2595,2025-08-25 07:30:00+00:00,135.2731591448931,19.19133887797411,NMRUSDT
3086,2025-11-01 07:30:00+00:00,135.27022805373323,35.77463002378795,ZKUSDT
3000,2025-10-10 21:15:00+00:00,135.20249221183803,6.829981886010845,RESOLVUSDT
3047,2025-11-20 09:00:00+00:00,134.86430062630484,10.989596875710495,DYMUSDT
594,2025-04-19 18:15:00+00:00,134.8027842227378,5.0794871597631275,MAGICUSDT
1120,2025-07-11 16:00:00+00:00,134.69070562636,7.213792891371056,KNCUSDT
806,2025-10-10 21:15:00+00:00,134.65160075329567,13.966001044647548,LUNAUSDT
592,2025-04-19 17:45:00+00:00,134.62132921174654,8.332009810831778,MAGICUSDT
2771,2025-08-18 06:00:00+00:00,134.0880503144654,7.372527900929983,API3USDT
2768,2025-08-17 12:45:00+00:00,134.0880503144654,5.504545721782652,API3USDT
2628,2025-09-16 18:15:00+00:00,134.04937479961524,9.232951498881128,TSTUSDT
2729,2025-06-21 15:15:00+00:00,134.03217942467091,5.623939372920685,FUNUSDT
3006,2025-11-04 22:15:00+00:00,133.6886993603412,12.400158059436233,RESOLVUSDT
2652,2025-07-20 01:45:00+00:00,133.6448598130841,14.512131256789232,CFXUSDT
1781,2025-10-10 21:15:00+00:00,133.1868131868132,5.508946624760563,PARTIUSDT
1248,2025-10-10 21:15:00+00:00,133.0841121495327,14.672008382674399,SKLUSDT
650,2025-10-10 21:15:00+00:00,132.97491039426524,23.634017199367914,MASKUSDT
1293,2025-10-18 21:00:00+00:00,132.79132791327913,15.394557032656973,MLNUSDT
2573,2026-01-24 13:15:00+00:00,132.55813953488374,10.214953990056443,NOMUSDT
1295,2025-10-18 21:30:00+00:00,132.4763193504736,5.715991466538491,MLNUSDT
2443,2025-10-10 21:15:00+00:00,132.25806451612905,18.193195381055865,EGLDUSDT
2533,2026-01-22 12:45:00+00:00,132.24755700325736,6.421979965797587,ENSOUSDT
1032,2025-10-10 21:15:00+00:00,132.07911239749154,14.504480286930209,LUNCUSDT
2947,2025-11-17 15:15:00+00:00,131.87347931873478,6.856841856016896,TNSRUSDT
2772,2025-08-18 06:30:00+00:00,131.75591531755916,5.983792042738372,API3USDT
2575,2026-01-24 14:00:00+00:00,131.7497103128621,9.068146817626186,NOMUSDT
1121,2025-07-11 16:15:00+00:00,131.31127450980392,7.947441236296246,KNCUSDT
2556,2025-10-10 21:15:00+00:00,130.91042584434655,10.256453015557515,RSRUSDT
3035,2025-10-10 21:15:00+00:00,130.9090909090909,12.148206566171877,DYMUSDT
2509,2025-09-26 16:45:00+00:00,130.79561042524008,11.591360220324816,ALPINEUSDT
2640,2025-10-12 15:00:00+00:00,130.76923076923075,8.9921433880985,SNXUSDT
1821,2025-07-19 03:45:00+00:00,130.59955885301787,25.538868817200623,DIAUSDT
1240,2025-08-12 20:45:00+00:00,130.23457862728063,10.630028731848117,SKLUSDT
1717,2025-10-08 22:00:00+00:00,130.1255230125523,5.779417406787462,PIVXUSDT
1746,2025-10-10 21:15:00+00:00,129.8780487804878,8.584419944226296,IOUSDT
850,2026-01-09 07:45:00+00:00,129.65074839629364,27.35320718796612,BIFIUSDT
1122,2025-07-11 16:30:00+00:00,129.55305564001213,7.387322949056792,KNCUSDT
1924,2025-12-24 02:45:00+00:00,129.38829787234042,16.314059463253518,ZBTUSDT
2653,2025-07-20 02:00:00+00:00,129.14757103574703,10.250226757741768,CFXUSDT
2169,2025-09-30 14:15:00+00:00,128.89875411714164,7.2294267474373335,ZECUSDT
1828,2025-07-19 18:15:00+00:00,128.81018702745718,12.097771370642443,DIAUSDT
3005,2025-11-04 22:00:00+00:00,128.81002087682677,19.90009888335754,RESOLVUSDT
1898,2025-10-10 21:15:00+00:00,128.74617737003055,15.204276960998552,THETAUSDT
2654,2025-07-20 02:15:00+00:00,128.72827081427266,11.371563773048713,CFXUSDT
1635,2025-07-21 01:00:00+00:00,128.6528240699036,5.81840857412057,SPKUSDT
335,2025-05-08 16:45:00+00:00,128.57142857142856,6.947121214135539,MUBARAKUSDT
1718,2025-10-09 10:30:00+00:00,128.53185595567868,22.426437292316145,PIVXUSDT
1123,2025-07-11 16:45:00+00:00,128.30359842757787,6.3712225415175725,KNCUSDT
2510,2025-09-26 17:00:00+00:00,128.21295354357414,11.850310414920529,ALPINEUSDT
2357,2025-04-13 20:30:00+00:00,128.03105384869505,6.581656371700292,OMUSDT
2946,2025-11-17 14:30:00+00:00,127.99043062200957,10.82387112577816,TNSRUSDT
963,2025-10-10 21:15:00+00:00,127.83964365256124,10.293435400032871,MORPHOUSDT
2773,2025-08-18 06:45:00+00:00,127.78457772337823,9.34506605367298,API3USDT
2770,2025-08-18 05:45:00+00:00,127.78457772337823,13.780358718505857,API3USDT
1826,2025-07-19 17:45:00+00:00,127.76787482669833,5.2458409659332315,DIAUSDT
2885,2025-10-10 21:15:00+00:00,127.27272727272725,14.364540520600903,BOMEUSDT
2515,2025-09-30 12:45:00+00:00,127.10460127237755,11.26836747579469,ALPINEUSDT
701,2025-10-10 21:15:00+00:00,126.7948717948718,8.314074970912937,WCTUSDT
2930,2025-10-10 21:15:00+00:00,126.61596958174903,17.25960588227147,CTSIUSDT
498,2025-07-06 18:00:00+00:00,126.48318042813456,30.102098323565627,VICUSDT
2356,2025-04-13 20:15:00+00:00,126.38570022958349,7.658765898965302,OMUSDT
2287,2025-04-08 09:00:00+00:00,126.35723166183178,5.134268378074943,FORTHUSDT
2353,2025-04-13 19:30:00+00:00,126.12612612612612,13.507709035398095,OMUSDT
2119,2025-06-29 15:15:00+00:00,126.01476014760146,8.045433578699543,MAVUSDT
0,2025-10-10 21:15:00+00:00,125.83963056255251,12.494503484857734,FORMUSDT
99,2025-12-04 18:00:00+00:00,125.57377049180327,8.724551084403746,USTCUSDT
1202,2025-10-15 10:15:00+00:00,125.08090614886731,5.9150839561482655,BELUSDT
1823,2025-07-19 04:15:00+00:00,124.74105921438338,6.188114095966376,DIAUSDT
1000,2025-04-19 15:30:00+00:00,124.71910112359548,7.935428939342481,NKNUSDT
2259,2025-10-10 21:15:00+00:00,124.71910112359548,12.14638821858676,VANAUSDT
1854,2025-10-10 21:15:00+00:00,124.609375,8.484437224945209,HFTUSDT
2559,2025-10-10 21:15:00+00:00,124.33460076045625,11.163080351799408,WOOUSDT
336,2025-05-08 17:00:00+00:00,124.29906542056077,7.332506090902156,MUBARAKUSDT
499,2025-07-06 18:45:00+00:00,124.28831011508179,6.068401491641952,VICUSDT
2118,2025-06-29 14:45:00+00:00,124.25629290617847,5.319582583970476,MAVUSDT
2774,2025-08-18 07:00:00+00:00,124.21686746987955,7.951569762556829,API3USDT
1603,2025-10-10 21:15:00+00:00,124.17582417582418,18.090835541601507,ACAUSDT
2775,2025-08-18 07:15:00+00:00,123.9470517448857,9.145854163341907,API3USDT
3087,2025-11-01 07:45:00+00:00,123.9369610466845,14.899877915519316,ZKUSDT
3088,2025-11-01 08:00:00+00:00,123.8038632986627,15.215595834087514,ZKUSDT
2085,2025-04-22 07:30:00+00:00,123.64217252396163,5.438896976292661,TURBOUSDT
2627,2025-09-16 18:00:00+00:00,123.51500306184934,14.838487944071865,TSTUSDT
2409,2025-04-15 09:45:00+00:00,123.32222751070918,10.626676789432906,ARDRUSDT
2410,2025-04-15 10:00:00+00:00,123.26909350463957,8.576995672062072,ARDRUSDT
1925,2025-12-24 03:00:00+00:00,123.15653298835704,6.058978987933139,ZBTUSDT
1204,2025-10-15 16:00:00+00:00,122.63124199743918,7.3510333280176905,BELUSDT
500,2025-07-06 19:00:00+00:00,122.53605769230771,9.835142304293235,VICUSDT
1794,2025-11-23 10:15:00+00:00,122.3001402524544,11.449129404199336,PARTIUSDT
2655,2025-07-20 02:30:00+00:00,122.22222222222223,10.142127138836017,CFXUSDT
2285,2025-04-08 06:30:00+00:00,122.03252032520324,10.008984021036692,FORTHUSDT
1476,2025-12-31 16:30:00+00:00,121.70044488383591,11.470405218019987,TLMUSDT
121,2025-11-05 11:15:00+00:00,121.48394241417498,6.234640290625286,ALCXUSDT
119,2025-11-05 10:45:00+00:00,121.48394241417498,12.755328763653045,ALCXUSDT
1165,2025-11-16 17:15:00+00:00,121.47848473703564,8.885164264483713,BANANAS31USDT
1719,2025-10-09 10:45:00+00:00,121.4765100671141,16.94629985666675,PIVXUSDT
145,2025-07-10 03:30:00+00:00,121.33461661854348,20.14896353228407,HYPERUSDT
66,2025-10-10 21:15:00+00:00,121.20496160661544,14.141510684751731,OPUSDT
1241,2025-08-13 00:15:00+00:00,121.18609406952964,20.557033569981833,SKLUSDT
2513,2025-09-29 03:45:00+00:00,121.11783347738401,6.533045237857351,ALPINEUSDT
3050,2025-11-20 10:00:00+00:00,121.02161100196463,5.048887835538362,DYMUSDT
1565,2025-10-10 21:15:00+00:00,120.94972067039107,15.494908901389715,PYRUSDT
2641,2025-10-12 15:15:00+00:00,120.89041095890414,7.551978741066453,SNXUSDT
901,2025-01-26 08:00:00+00:00,120.70921985815603,8.073447621893862,ACHUSDT
146,2025-07-10 03:45:00+00:00,120.69737683941138,7.45569728570939,HYPERUSDT
2749,2026-01-23 04:45:00+00:00,120.57291666666666,6.211417562145112,SOMIUSDT
1938,2025-11-21 07:30:00+00:00,120.54009819967266,15.550750521473516,MMTUSDT
2855,2025-05-07 18:00:00+00:00,120.53281351526964,6.309217439369001,PNUTUSDT
525,2025-07-14 02:15:00+00:00,120.35676810073453,8.578040435744592,THEUSDT
2166,2025-10-10 21:15:00+00:00,120.22382094324544,10.23184518677439,INITUSDT
1348,2025-10-10 21:15:00+00:00,120.14767932489451,17.89298632625586,DFUSDT
1588,2025-09-19 17:30:00+00:00,120.10600706713781,20.39659807149782,TUTUSDT
2279,2025-04-06 16:15:00+00:00,119.79879275653924,29.80079596766902,FORTHUSDT
2728,2025-06-21 07:15:00+00:00,119.51219512195124,5.209900397585558,FUNUSDT
2088,2025-04-22 08:15:00+00:00,119.43573667711598,9.211477435413054,TURBOUSDT
154,2025-10-10 21:15:00+00:00,119.38382541720154,15.418052119155204,SANTOSUSDT
390,2025-03-09 12:15:00+00:00,119.36459909228438,5.626118809536218,RAREUSDT
2750,2026-01-23 05:00:00+00:00,119.20289855072461,8.210136696822442,SOMIUSDT
2516,2025-09-30 13:00:00+00:00,119.1917749535913,5.895749024626815,ALPINEUSDT
147,2025-07-10 04:00:00+00:00,118.94636623294193,5.204607641399987,HYPERUSDT
2564,2026-01-23 06:15:00+00:00,118.90756302521011,10.128260231065424,NOMUSDT
2565,2026-01-23 06:30:00+00:00,118.90756302521011,7.3997543351593285,NOMUSDT
2835,2025-10-10 21:15:00+00:00,118.90547263681594,15.823732472000403,RPLUSDT
2284,2025-04-08 06:15:00+00:00,118.83012820512819,21.001782895223304,FORTHUSDT
2979,2025-07-24 20:00:00+00:00,118.679706601467,22.10397024125574,IDEXUSDT
2563,2026-01-23 06:00:00+00:00,118.61777150916785,17.811083079074997,NOMUSDT
1475,2025-12-31 15:00:00+00:00,118.56725146198829,5.884301615197674,TLMUSDT
196,2025-10-10 21:15:00+00:00,118.53146853146855,17.487206812033985,CGPTUSDT
501,2025-07-06 19:15:00+00:00,118.4660766961652,6.502199534076886,VICUSDT
2514,2025-09-29 04:15:00+00:00,118.38099302888034,11.35842896806882,ALPINEUSDT
2753,2026-01-23 08:30:00+00:00,118.18650180319423,11.533306978208715,SOMIUSDT
2121,2025-06-30 09:00:00+00:00,118.0685358255452,6.332945969555887,MAVUSDT
1590,2025-09-19 18:00:00+00:00,118.00046663555763,7.663863331935859,TUTUSDT
2777,2025-08-18 08:00:00+00:00,117.91569086651053,6.774263844367615,API3USDT
1591,2025-09-19 18:15:00+00:00,117.84798321287013,5.4407407289725995,TUTUSDT
2806,2025-10-10 21:15:00+00:00,117.76859504132231,19.136107689214676,UMAUSDT
1827,2025-07-19 18:00:00+00:00,117.72056039379022,7.611654094499915,DIAUSDT
706,2025-08-06 15:30:00+00:00,117.71287692015933,6.547652985067887,A2ZUSDT
2522,2025-10-10 21:15:00+00:00,117.28395061728398,13.028132993651589,ALPINEUSDT
2532,2026-01-22 10:30:00+00:00,117.22972972972974,10.856267044856075,ENSOUSDT
2656,2025-07-20 02:45:00+00:00,117.20243266724589,9.072532730510794,CFXUSDT
1993,2025-06-20 17:15:00+00:00,117.04180064308684,11.194234460779157,GNSUSDT
903,2025-01-26 20:15:00+00:00,116.91449814126393,7.264029986636966,ACHUSDT
2629,2025-09-16 18:30:00+00:00,116.8746286393345,12.182404583781855,TSTUSDT
1107,2025-05-30 03:15:00+00:00,116.87311178247732,42.29891492827749,LPTUSDT
1203,2025-10-15 15:45:00+00:00,116.80174563591024,5.772921011105136,BELUSDT
2751,2026-01-23 05:15:00+00:00,116.62404092071608,18.95477684387631,SOMIUSDT
419,2025-03-01 10:00:00+00:00,116.5666666666667,12.489652940100278,REDUSDT
902,2025-01-26 20:00:00+00:00,116.51205936920222,6.432603811935257,ACHUSDT
2529,2026-01-22 09:45:00+00:00,116.49831649831653,11.811099653505027,ENSOUSDT
2286,2025-04-08 06:45:00+00:00,116.40253565768619,7.634611113727008,FORTHUSDT
1477,2025-12-31 19:30:00+00:00,116.14457831325305,6.791134565954075,TLMUSDT
1478,2025-12-31 19:45:00+00:00,116.14457831325305,13.774548854277526,TLMUSDT
2528,2026-01-22 09:30:00+00:00,116.13445378151263,11.648991856372513,ENSOUSDT
1314,2025-10-05 23:15:00+00:00,116.08723135271805,5.609269258805137,BROCCOLI714USDT
228,2026-01-30 07:00:00+00:00,116.04938271604941,6.5423297684339285,SYNUSDT
814,2025-12-05 03:30:00+00:00,116.03153745072272,5.090608963573065,LUNAUSDT
1018,2025-11-09 10:30:00+00:00,115.99999999999997,5.488819566534899,LSKUSDT
1471,2026-01-18 11:15:00+00:00,115.7619359058208,5.492575528465122,DUSKUSDT
2058,2025-04-10 15:45:00+00:00,115.7497303128371,5.039222500381431,ORCAUSDT
1722,2025-10-09 11:30:00+00:00,115.68627450980395,7.430117476782227,PIVXUSDT
1721,2025-10-09 11:15:00+00:00,115.68627450980395,10.724802006071908,PIVXUSDT
2820,2025-07-09 05:00:00+00:00,115.59523809523813,6.782650844815903,REZUSDT
2391,2025-10-10 20:45:00+00:00,115.58059774620281,5.051059204579637,RDNTUSDT
2530,2026-01-22 10:00:00+00:00,115.4103852596315,5.090115099262893,ENSOUSDT
1825,2025-07-19 04:45:00+00:00,115.35580524344566,7.130600519354343,DIAUSDT
1817,2025-07-18 20:15:00+00:00,115.32680482805739,5.169606450575112,DIAUSDT
2603,2025-08-26 16:15:00+00:00,115.28384279475983,16.191930564615692,NMRUSDT
1166,2025-11-16 17:30:00+00:00,114.99464476972507,5.685876049767312,BANANAS31USDT
2560,2026-01-23 03:15:00+00:00,114.91875923190547,5.22775984918607,NOMUSDT
1926,2025-12-24 03:15:00+00:00,114.81942714819428,13.891825591215412,ZBTUSDT
392,2025-03-09 12:45:00+00:00,114.8148148148148,6.511870019058773,RAREUSDT
65,2025-10-10 21:15:00+00:00,114.73684210526316,13.767899916696951,VANRYUSDT
1259,2025-10-10 21:15:00+00:00,114.48467966573817,17.03667379095457,DGBUSDT
1164,2025-11-16 17:00:00+00:00,114.3823424706301,11.990110666711704,BANANAS31USDT
2244,2025-11-03 09:45:00+00:00,114.33905899925318,9.807041540307663,GIGGLEUSDT
1628,2025-10-10 21:15:00+00:00,114.31670281995659,20.019888175223148,CITYUSDT
1423,2025-10-10 21:15:00+00:00,114.25339366515837,11.357752395869115,CATIUSDT
1019,2025-11-10 14:00:00+00:00,114.14634146341464,6.252482909657913,LSKUSDT
2561,2026-01-23 05:15:00+00:00,114.14141414141415,6.880662513061496,NOMUSDT
2171,2025-09-30 15:00:00+00:00,114.03320835565079,8.82484915819698,ZECUSDT
1296,2025-10-18 21:45:00+00:00,113.94769613947697,9.913716792872718,MLNUSDT
2093,2025-10-10 21:15:00+00:00,113.86759581881533,14.980610871824092,TURBOUSDT
1242,2025-08-13 00:30:00+00:00,113.67048597392335,14.995954020147968,SKLUSDT
1848,2025-06-29 23:15:00+00:00,113.59223300970874,6.407327103532676,HFTUSDT
805,2025-10-10 21:15:00+00:00,113.56230735358875,11.983462159926919,ONDOUSDT
1927,2025-12-24 03:30:00+00:00,113.49009900990099,8.63653413036628,ZBTUSDT
526,2025-07-14 03:30:00+00:00,113.48695357505933,12.59648599964497,THEUSDT
120,2025-11-05 11:00:00+00:00,113.44717182497335,10.669040384834565,ALCXUSDT
904,2025-01-26 20:30:00+00:00,113.44307270233193,9.260914917029563,ACHUSDT
1991,2025-06-20 09:45:00+00:00,113.43873517786562,10.367804375766864,GNSUSDT
1589,2025-09-19 17:45:00+00:00,113.32191780821921,11.810850503518363,TUTUSDT
2086,2025-04-22 07:45:00+00:00,113.25209444021324,16.771529084031336,TURBOUSDT
1472,2026-01-18 11:30:00+00:00,112.9761136216914,5.904827799309434,DUSKUSDT
3076,2025-07-22 18:15:00+00:00,112.95146726862302,5.600793423563996,NEWTUSDT
1992,2025-06-20 13:45:00+00:00,112.93375394321768,6.109679746050473,GNSUSDT
1038,2025-12-05 07:45:00+00:00,112.92855273488614,5.166759778902335,LUNCUSDT
2562,2026-01-23 05:30:00+00:00,112.91248206599715,5.839934730710235,NOMUSDT
2708,2025-03-29 07:30:00+00:00,112.81582952815828,5.6002841693653105,FUNUSDT
905,2025-01-26 20:45:00+00:00,112.76207839562443,5.15763904881209,ACHUSDT
803,2025-11-06 19:30:00+00:00,112.68736616702353,6.174787230607563,FILUSDT
1108,2025-05-30 03:30:00+00:00,112.53886010362693,13.213658086066824,LPTUSDT
1994,2025-06-20 21:45:00+00:00,112.43115656963023,7.784474224902762,GNSUSDT
1847,2025-06-29 23:00:00+00:00,112.4137931034483,6.097674955876433,HFTUSDT
1243,2025-08-13 00:45:00+00:00,112.4116260801257,6.195091989159277,SKLUSDT
2942,2025-08-27 20:15:00+00:00,112.40441801189465,10.393244567401505,PYTHUSDT
527,2025-07-14 03:45:00+00:00,112.33569261880687,6.679552369627507,THEUSDT
2821,2025-07-09 05:30:00+00:00,112.30949589683475,5.776920393362232,REZUSDT
1393,2025-10-10 21:15:00+00:00,112.22222222222223,15.660792969846925,NTRNUSDT
860,2025-04-09 17:15:00+00:00,112.20159151193636,9.347321023357203,BERAUSDT
933,2025-10-10 21:15:00+00:00,112.17391304347828,12.502661755937151,C98USDT
906,2025-01-26 21:00:00+00:00,112.08541572012724,5.49368445874906,ACHUSDT
2822,2025-07-09 05:45:00+00:00,112.06088992974239,9.481890634808854,REZUSDT
2776,2025-08-18 07:45:00+00:00,111.95899772209566,6.5237815681721685,API3USDT
2604,2025-08-26 16:30:00+00:00,111.95184866723986,6.280184429258917,NMRUSDT
2823,2025-07-09 07:30:00+00:00,111.81286549707603,7.875040685457632,REZUSDT
1977,2025-10-10 21:15:00+00:00,111.79039301310043,16.16222682837328,FETUSDT
1124,2025-07-12 04:30:00+00:00,111.66246145220073,31.588150023163255,KNCUSDT
2466,2026-01-12 11:45:00+00:00,111.52829190904284,5.564755532408092,DASHUSDT
550,2025-10-10 21:15:00+00:00,111.44393241167433,12.04585097424041,SUSDT
153,2025-10-10 21:15:00+00:00,111.39240506329111,11.136728988446766,HYPERUSDT
1387,2025-08-26 05:15:00+00:00,111.33919843597262,7.667876863597141,TREEUSDT
2752,2026-01-23 06:00:00+00:00,111.22194513715709,5.044731737785876,SOMIUSDT
2531,2026-01-22 10:15:00+00:00,111.1658456486043,15.390082057824765,ENSOUSDT
951,2025-11-03 15:45:00+00:00,110.86956521739131,8.272650336918307,XNOUSDT
2606,2025-08-26 17:00:00+00:00,110.86398631308812,5.939742327350549,NMRUSDT
1463,2026-01-16 02:15:00+00:00,110.61806656101423,5.5047905712332055,DUSKUSDT
1341,2026-01-04 09:00:00+00:00,110.26970954356847,6.062220649339829,BROCCOLI714USDT
950,2025-11-03 15:15:00+00:00,110.16666666666666,8.081350990923136,XNOUSDT
502,2025-07-06 19:30:00+00:00,110.1589103291714,19.51354269324995,VICUSDT
907,2025-01-26 21:15:00+00:00,110.08100810081007,9.383708935709175,ACHUSDT
910,2025-01-26 22:00:00+00:00,110.08100810081007,5.331052708270412,ACHUSDT
819,2025-12-08 21:15:00+00:00,109.90685859441155,5.877693496347517,LUNAUSDT
575,2025-04-18 06:30:00+00:00,109.90502035278156,5.4485353963273795,MAGICUSDT
2824,2025-07-09 10:30:00+00:00,109.84936268829664,7.403761422092719,REZUSDT
242,2025-10-10 21:15:00+00:00,109.8360655737705,10.988776922186078,SUSHIUSDT
2630,2025-09-16 18:45:00+00:00,109.58943439563593,11.26624864246112,TSTUSDT
528,2025-07-14 04:00:00+00:00,109.51114067176589,6.826189469370436,THEUSDT
2170,2025-09-30 14:45:00+00:00,109.43396226415096,19.290146292518607,ZECUSDT
2122,2025-06-30 21:30:00+00:00,109.31225971806921,14.456115976115312,MAVUSDT
1109,2025-05-30 03:45:00+00:00,109.2247158262897,7.099385421228072,LPTUSDT
1227,2025-12-19 01:15:00+00:00,109.17667238421953,9.564845054644389,SOPHUSDT
612,2025-10-10 21:15:00+00:00,109.15032679738563,9.890089157906056,MAGICUSDT
2120,2025-06-30 00:00:00+00:00,108.82164926486256,5.942809041394489,MAVUSDT
187,2025-10-10 21:15:00+00:00,108.70577281191807,17.56482120899944,CKBUSDT
2778,2025-08-18 08:45:00+00:00,108.63228699551568,6.313672036662192,API3USDT
2657,2025-07-20 04:15:00+00:00,108.50708924103421,5.070521919376814,CFXUSDT
1390,2025-08-27 08:15:00+00:00,108.3520719563122,10.489649110913403,TREEUSDT
1217,2025-03-31 13:30:00+00:00,108.30729166666666,5.932594712947547,COMPUSDT
95,2025-10-10 21:15:00+00:00,108.25242718446604,12.533327762246655,USTCUSDT
199,2025-05-08 12:45:00+00:00,108.21705426356587,6.967535685514897,1000CATUSDT
1798,2025-10-10 21:15:00+00:00,108.11212571671267,15.318770223751708,PLUMEUSDT
1466,2026-01-16 11:45:00+00:00,108.10473815461346,9.380633844870415,DUSKUSDT
227,2026-01-30 03:00:00+00:00,108.02377414561666,8.725362354883886,SYNUSDT
1973,2025-10-10 21:15:00+00:00,107.95180722891567,9.45927239822697,STRKUSDT
2920,2025-10-10 21:15:00+00:00,107.66738660907124,6.361219651989108,EDENUSDT
2642,2025-10-12 15:30:00+00:00,107.56234915526947,12.778196145002493,SNXUSDT
1216,2025-03-31 00:30:00+00:00,107.55059678256357,10.790060709043294,COMPUSDT
707,2025-08-07 16:15:00+00:00,107.51988430947219,9.497333708284188,A2ZUSDT
908,2025-01-26 21:30:00+00:00,107.46666666666668,6.971573907105918,ACHUSDT
576,2025-04-18 07:15:00+00:00,107.37265415549598,8.695161851914415,MAGICUSDT
1366,2025-07-09 13:30:00+00:00,107.33944954128441,9.431612319714269,ALTUSDT
638,2026-01-17 02:30:00+00:00,107.30117340286829,7.579523067374435,STOUSDT
1552,2025-12-05 12:30:00+00:00,107.29094678645473,10.59880827731114,WINUSDT
1133,2025-06-23 04:00:00+00:00,107.265063228366,5.99799660494323,BANANAS31USDT
198,2025-05-08 12:30:00+00:00,107.25308641975309,17.016314507615917,1000CATUSDT
1592,2025-09-19 19:15:00+00:00,107.21889554224884,6.107488322287331,TUTUSDT
1972,2025-10-10 21:15:00+00:00,107.08333333333333,11.0231781972459,PIXELUSDT
1022,2025-11-11 00:45:00+00:00,107.07547169811322,8.991409180897302,LSKUSDT
1833,2025-10-26 02:15:00+00:00,107.02936928261914,7.177667178558826,DIAUSDT
296,2025-07-25 22:00:00+00:00,107.00305810397555,6.013347410673815,ASRUSDT
238,2025-10-10 21:15:00+00:00,106.9672131147541,16.382533428691843,OGNUSDT
909,2025-01-26 21:45:00+00:00,106.91489361702126,6.772429028620685,ACHUSDT
1464,2026-01-16 02:45:00+00:00,106.68740279937792,5.809253984922116,DUSKUSDT
1551,2025-12-05 10:30:00+00:00,106.64829486737855,5.25148751560424,WINUSDT
1457,2025-11-05 12:15:00+00:00,106.45756457564576,5.572508851898092,DUSKUSDT
1824,2025-07-19 04:30:00+00:00,106.42613534374435,13.682042701756316,DIAUSDT
761,2025-07-09 13:15:00+00:00,106.32603406326035,7.925099001709713,PORTALUSDT
1941,2025-10-08 23:30:00+00:00,106.2023385866802,5.416702964273046,MBLUSDT
2467,2026-01-13 03:15:00+00:00,106.02605863192184,6.169519067136765,DASHUSDT
1215,2025-03-30 22:00:00+00:00,106.00051506567087,5.161301358544864,COMPUSDT
1206,2025-10-10 21:15:00+00:00,105.89192708333334,7.904049143346166,1MBABYDOGEUSDT
1834,2025-10-26 02:30:00+00:00,105.88939430213071,8.311730571952713,DIAUSDT
2352,2025-04-13 19:15:00+00:00,105.8604235013421,18.314574060448578,OMUSDT
2057,2025-04-09 17:15:00+00:00,105.76131687242798,6.225469540731121,ORCAUSDT
2605,2025-08-26 16:45:00+00:00,105.75959933222036,6.296437443020418,NMRUSDT
639,2026-01-17 04:15:00+00:00,105.69210866752914,6.869385426795506,STOUSDT
1835,2025-10-26 02:45:00+00:00,105.54493307839388,5.648262281624063,DIAUSDT
577,2025-04-18 07:30:00+00:00,105.44488711819389,17.830332561851186,MAGICUSDT
2239,2025-10-10 21:15:00+00:00,105.3963215386052,10.60805939521843,NEIROUSDT
1550,2025-12-05 08:45:00+00:00,105.37487161930845,14.346217270678078,WINUSDT
952,2025-11-03 16:00:00+00:00,105.3745928338762,8.415317717291165,XNOUSDT
1720,2025-10-09 11:00:00+00:00,105.35158680771626,18.27120380282764,PIVXUSDT
3049,2025-11-20 09:30:00+00:00,105.29197080291972,8.166818055933033,DYMUSDT
2907,2025-01-14 04:15:00+00:00,105.26643168152603,6.765153295306416,AIXBTUSDT
1836,2025-10-26 03:00:00+00:00,105.15267175572518,5.04184778524706,DIAUSDT
1214,2025-03-30 13:30:00+00:00,105.04998718277365,6.529017911085447,COMPUSDT
1996,2025-06-21 13:15:00+00:00,105.01138952164011,8.37027846909798,GNSUSDT
1226,2025-12-18 17:00:00+00:00,104.9579831932773,6.939001303845446,SOPHUSDT
1245,2025-08-13 01:15:00+00:00,104.92610837438426,7.630700568738452,SKLUSDT
2124,2025-06-30 22:15:00+00:00,104.8494983277592,9.705116019381983,MAVUSDT
1388,2025-08-27 07:45:00+00:00,104.79949479002211,5.494386772747764,TREEUSDT
1003,2025-10-10 21:15:00+00:00,104.67289719626169,13.919601944324091,NKNUSDT
2858,2025-05-08 16:45:00+00:00,104.57610789980731,6.5727542715376845,PNUTUSDT
3077,2025-07-22 20:00:00+00:00,104.47033324302359,5.326045519034323,NEWTUSDT
503,2025-07-06 19:45:00+00:00,104.3598233995585,15.887109402402489,VICUSDT
892,2025-04-16 00:00:00+00:00,104.34887654022708,6.4198117113600155,STRAXUSDT
760,2025-07-09 13:00:00+00:00,104.33734939759036,18.223170353645447,PORTALUSDT
156,2025-10-10 21:15:00+00:00,104.3301759133965,13.032109886184548,KSMUSDT
2890,2025-10-10 22:15:00+00:00,104.30107526881716,7.257058568785046,APEUSDT
2087,2025-04-22 08:00:00+00:00,104.23048869438367,11.296023598472853,TURBOUSDT
1197,2025-10-10 22:15:00+00:00,104.22055820285907,5.725404997590654,BELUSDT
495,2025-07-05 14:45:00+00:00,104.19274092615768,5.416162539754782,VICUSDT
1367,2025-07-09 17:00:00+00:00,104.19226599204916,5.08770222596994,ALTUSDT
1553,2025-12-05 21:30:00+00:00,104.18652144315863,5.857831995064103,WINUSDT
1023,2025-11-11 01:00:00+00:00,104.18604651162791,7.160138305147221,LSKUSDT
1021,2025-11-11 00:30:00+00:00,104.18604651162791,23.05612142134294,LSKUSDT
2401,2025-04-14 00:00:00+00:00,104.13527247240233,16.720030265731225,ARDRUSDT
1548,2025-12-05 07:30:00+00:00,104.11704661449473,5.437556973907469,WINUSDT
496,2025-07-05 15:00:00+00:00,104.06504065040649,5.355303278727248,VICUSDT
1167,2025-11-16 17:45:00+00:00,103.99728997289972,11.053381946754095,BANANAS31USDT
28,2025-12-05 17:00:00+00:00,103.97680198840095,5.010187781991413,MDTUSDT
818,2025-12-05 08:00:00+00:00,103.97022332506202,5.601411074337669,LUNAUSDT
852,2026-01-09 08:15:00+00:00,103.92405063291137,10.494837670358894,BIFIUSDT
2123,2025-06-30 22:00:00+00:00,103.91177694548483,17.16718858243615,MAVUSDT
491,2025-07-05 13:30:00+00:00,103.81011867582761,16.16022960382553,VICUSDT
1467,2026-01-16 12:00:00+00:00,103.78510378510377,5.072529530701811,DUSKUSDT
652,2025-10-10 21:15:00+00:00,103.76175548589343,19.98709236515649,AUCTIONUSDT
2126,2025-06-30 22:45:00+00:00,103.74220374220377,11.234421861286945,MAVUSDT
1795,2025-11-23 13:00:00+00:00,103.72750642673525,8.354884014975084,PARTIUSDT
2577,2026-01-25 00:15:00+00:00,103.66598778004072,6.1087518579354025,NOMUSDT
2906,2025-01-13 13:30:00+00:00,103.61380798274,10.845743494256116,AIXBTUSDT
1228,2025-12-19 03:15:00+00:00,103.58931552587647,5.793201998876375,SOPHUSDT
816,2025-12-05 06:00:00+00:00,103.46534653465346,9.325569970919672,LUNAUSDT
851,2026-01-09 08:00:00+00:00,103.40909090909088,20.635993870955655,BIFIUSDT
3029,2025-10-10 21:15:00+00:00,103.19148936170212,20.01663893165282,DOGSUSDT
911,2025-01-26 23:15:00+00:00,103.13315926892948,11.952947969363903,ACHUSDT
3084,2025-10-10 21:15:00+00:00,103.03169499310978,13.412022637410468,ZKUSDT
29,2025-12-05 17:15:00+00:00,102.96784830997527,6.682518319181079,MDTUSDT
1614,2025-04-28 15:45:00+00:00,102.9186935371786,5.640239556727165,PUNDIXUSDT
1791,2025-11-21 07:30:00+00:00,102.89855072463769,12.317008054722141,PARTIUSDT
1549,2025-12-05 08:30:00+00:00,102.8745350016909,16.406548432607284,WINUSDT
815,2025-12-05 05:45:00+00:00,102.71270036991366,7.2562154511770425,LUNAUSDT
530,2025-07-14 04:30:00+00:00,102.6375040205854,12.410867091681673,THEUSDT
1455,2025-10-10 21:15:00+00:00,102.58575197889184,11.774142973214346,DYDXUSDT
494,2025-07-05 14:30:00+00:00,102.54500310366232,5.764039100851556,VICUSDT
493,2025-07-05 14:00:00+00:00,102.54500310366232,13.417283256586858,VICUSDT
1554,2025-12-06 02:15:00+00:00,102.39541160593792,5.678725103270084,WINUSDT
2185,2025-10-08 03:30:00+00:00,102.3629203271736,5.435953425625597,ALICEUSDT
2944,2025-10-10 21:15:00+00:00,102.35457063711912,10.523779359728564,PYTHUSDT
229,2026-01-30 14:00:00+00:00,102.31213872832372,9.03607942463981,SYNUSDT
2940,2025-10-10 21:15:00+00:00,102.31213872832372,17.700949795186748,WLDUSDT
486,2025-03-10 14:00:00+00:00,102.27610094012864,5.410097855550451,VICUSDT
1110,2025-05-30 04:00:00+00:00,102.26824457593686,9.313240188239597,LPTUSDT
1709,2025-04-30 06:45:00+00:00,102.25394440270472,5.392605337302401,PIVXUSDT
529,2025-07-14 04:15:00+00:00,102.24719101123596,13.41724645628829,THEUSDT
417,2025-10-10 21:30:00+00:00,102.18216318785576,32.09609401822918,BNSOLUSDT
1793,2025-11-23 10:00:00+00:00,102.16836734693877,17.718142271125522,PARTIUSDT
1829,2025-07-20 16:15:00+00:00,102.07339147605725,7.375477482461032,DIAUSDT
1315,2025-10-06 06:15:00+00:00,102.03900709219855,12.589214670943441,BROCCOLI714USDT
578,2025-04-18 07:45:00+00:00,101.95822454308092,10.847866109537117,MAGICUSDT
1198,2025-10-10 23:00:00+00:00,101.88425302826376,5.609908435345457,BELUSDT
1342,2026-01-04 13:00:00+00:00,101.88323917137478,12.0098693821291,BROCCOLI714USDT
504,2025-07-06 20:00:00+00:00,101.79836512261579,10.315372571664351,VICUSDT
580,2025-04-18 08:15:00+00:00,101.69491525423729,7.485941271955856,MAGICUSDT
1218,2025-04-01 02:00:00+00:00,101.5877016129032,6.104917631523528,COMPUSDT
640,2026-01-17 11:45:00+00:00,101.52091254752852,7.717321535182072,STOUSDT
531,2025-07-14 05:00:00+00:00,101.27795527156552,7.7290065635754415,THEUSDT
3074,2025-10-24 00:30:00+00:00,101.11223458038423,9.570742038781704,DEGOUSDT
391,2025-03-09 12:30:00+00:00,101.10957004160888,9.317362665379015,RAREUSDT
1297,2025-10-18 22:00:00+00:00,100.70093457943923,7.743452670830195,MLNUSDT
1612,2025-02-24 22:00:00+00:00,100.68446269678302,7.075062436244665,COWUSDT
1223,2025-12-18 05:15:00+00:00,100.57565789473682,6.133294883366636,SOPHUSDT
2644,2025-10-12 16:00:00+00:00,100.46620046620048,10.08276878135583,SNXUSDT
2387,2025-10-09 19:00:00+00:00,100.36429872495445,21.114839917026128,RDNTUSDT
1389,2025-08-27 08:00:00+00:00,100.3088326127239,6.925442586835028,TREEUSDT
822,2025-12-08 22:00:00+00:00,100.24232633279486,8.031641929596649,LUNAUSDT
1891,2025-10-10 21:30:00+00:00,100.1857441374507,11.06813315076602,SIGNUSDT
1224,2025-12-18 05:30:00+00:00,100.08203445447089,5.395596294390459,SOPHUSDT
492,2025-07-05 13:45:00+00:00,100.06131207847946,11.948459409217426,VICUSDT
1995,2025-06-21 13:00:00+00:00,100.0,36.534442470878496,GNSUSDT
549,2025-10-10 21:15:00+00:00,99.94565217391307,10.52064051096358,BABYUSDT
2125,2025-06-30 22:30:00+00:00,99.75540154912352,16.33508442268726,MAVUSDT
2857,2025-05-08 16:30:00+00:00,99.67089797837329,15.422652439959021,PNUTUSDT
1244,2025-08-13 01:00:00+00:00,99.63086009597639,9.255785056845925,SKLUSDT
3078,2025-07-23 00:00:00+00:00,99.60327955567311,5.215017393881215,NEWTUSDT
1225,2025-12-18 12:45:00+00:00,99.59083469721766,6.810750744554101,SOPHUSDT
1020,2025-11-11 00:15:00+00:00,99.54545454545453,37.31369507529265,LSKUSDT
2539,2026-01-24 03:15:00+00:00,99.51140065146582,5.810855728192486,ENSOUSDT
1479,2025-12-31 20:00:00+00:00,99.51067615658364,22.723922232236493,TLMUSDT
1957,2025-12-05 17:30:00+00:00,99.5049504950495,16.03520410673374,ACEUSDT
817,2025-12-05 07:45:00+00:00,99.27272727272725,6.212184871772787,LUNAUSDT
953,2025-11-04 05:15:00+00:00,99.21011058451813,9.828613546775749,XNOUSDT
1837,2025-10-26 04:15:00+00:00,99.16628068550253,19.08348496593914,DIAUSDT
101,2025-12-05 08:00:00+00:00,99.14285714285714,5.395512675733181,USTCUSDT
1708,2025-04-30 06:30:00+00:00,99.11242603550296,8.106396393014807,PIVXUSDT
711,2025-10-10 21:15:00+00:00,99.06122448979593,5.553697270409948,A2ZUSDT
3007,2025-11-05 04:45:00+00:00,98.91107078039927,7.729855407184479,RESOLVUSDT
2576,2026-01-25 00:00:00+00:00,98.80715705765408,8.486586092964467,NOMUSDT
1515,2025-11-21 07:30:00+00:00,98.80654314805544,9.051047868687263,2ZUSDT
451,2025-10-10 21:15:00+00:00,98.6842105263158,13.263219744169588,ANIMEUSDT
820,2025-12-08 21:30:00+00:00,98.63782051282053,6.71014355492871,LUNAUSDT
1964,2025-12-15 15:15:00+00:00,98.5981308411215,8.692406658660826,ACEUSDT
1707,2025-04-30 06:15:00+00:00,98.52507374631267,10.096830651647847,PIVXUSDT
1838,2025-10-26 04:30:00+00:00,98.52262234533704,9.627535672008003,DIAUSDT
917,2025-10-10 21:15:00+00:00,98.43782985011609,8.5375190460914,VIRTUALUSDT
2860,2025-10-10 21:15:00+00:00,98.43750000000003,8.378623210359645,SHELLUSDT
409,2025-10-12 00:15:00+00:00,98.25535289452813,30.82825402735553,ERAUSDT
1012,2026-01-10 22:45:00+00:00,98.20038910505839,7.269259584552361,DOLOUSDT
1358,2025-10-10 21:15:00+00:00,98.13571961222969,19.722086343512355,AMPUSDT
893,2025-04-16 03:00:00+00:00,98.126024830171,5.047754504731995,STRAXUSDT
1715,2025-10-08 07:30:00+00:00,97.80058651026393,6.803275005561723,PIVXUSDT
2643,2025-10-12 15:45:00+00:00,97.70114942528738,5.8408579571081045,SNXUSDT
1889,2025-10-10 21:00:00+00:00,97.66162310866578,8.42701435674495,SIGNUSDT
1318,2025-10-07 05:00:00+00:00,97.65828274067647,7.0333386761795165,BROCCOLI714USDT
1716,2025-10-08 07:45:00+00:00,97.65567765567762,6.03700773934237,PIVXUSDT
2995,2025-07-09 09:00:00+00:00,97.62435040831478,10.376073640642963,RESOLVUSDT
739,2025-10-10 21:15:00+00:00,97.5138121546961,16.01865044092593,MANTAUSDT
2658,2025-07-20 05:30:00+00:00,97.47235387045816,7.82828815101399,CFXUSDT
895,2025-04-16 07:15:00+00:00,97.2021450221497,6.079157172926356,STRAXUSDT
2389,2025-10-09 19:30:00+00:00,97.04433497536947,28.784272972578894,RDNTUSDT
1368,2025-07-10 12:00:00+00:00,97.00139470013947,6.756057287561736,ALTUSDT
1555,2025-12-06 07:30:00+00:00,96.8821791926485,5.591717487979144,WINUSDT
2620,2025-09-15 02:00:00+00:00,96.86825053995682,7.797783934630578,TSTUSDT
1178,2025-08-07 04:30:00+00:00,96.8543046357616,5.725593326279649,BIOUSDT
1179,2025-08-07 05:45:00+00:00,96.8543046357616,5.1756855302764055,BIOUSDT
1015,2026-01-11 17:15:00+00:00,96.76484789956544,8.557703278974545,DOLOUSDT
2981,2025-07-24 20:30:00+00:00,96.74439067311924,15.060536725918817,IDEXUSDT
2939,2025-09-08 02:15:00+00:00,96.70818505338075,5.0320288515105736,WLDUSDT
1014,2026-01-11 17:00:00+00:00,96.66988416988418,15.691742291918974,DOLOUSDT
861,2025-04-09 17:30:00+00:00,96.56019656019654,14.54326360250689,BERAUSDT
954,2025-11-04 08:15:00+00:00,96.41744548286601,18.646824728518943,XNOUSDT
2396,2025-04-08 00:00:00+00:00,96.38181385384435,7.303576463142866,ARDRUSDT
1255,2026-01-16 02:30:00+00:00,96.18055555555556,8.139137023234989,AXSUSDT
2430,2026-01-31 00:45:00+00:00,96.04765506807867,5.06776559417377,ARDRUSDT
2710,2025-03-29 08:00:00+00:00,96.04598990465507,6.021739829240046,FUNUSDT
1316,2025-10-06 06:30:00+00:00,96.01490825688073,7.251641971935266,BROCCOLI714USDT
295,2025-07-25 21:45:00+00:00,95.90785086389815,5.900160249359269,ASRUSDT
1320,2025-10-07 06:00:00+00:00,95.90257879656161,6.997123405946703,BROCCOLI714USDT
623,2025-10-05 09:15:00+00:00,95.86056644880172,7.141735676831573,STOUSDT
2631,2025-09-16 19:00:00+00:00,95.81545064377681,10.789794283308092,TSTUSDT
2754,2026-01-24 04:15:00+00:00,95.79288025889967,5.2357501967997235,SOMIUSDT
1613,2025-10-10 21:15:00+00:00,95.7571324067301,16.55952001951037,COWUSDT
2908,2025-01-14 04:30:00+00:00,95.72953736654803,11.832354249745999,AIXBTUSDT
1956,2025-12-05 16:30:00+00:00,95.63106796116507,7.339097961681371,ACEUSDT
641,2026-01-17 13:00:00+00:00,95.57195571955721,6.068588732221039,STOUSDT
2397,2025-04-08 00:15:00+00:00,95.54396776487322,5.447670090304187,ARDRUSDT
512,2025-10-10 21:15:00+00:00,95.50264550264549,15.43863693272609,JTOUSDT
2741,2025-09-04 17:45:00+00:00,95.38180155464107,9.685880222052477,SOMIUSDT
1453,2025-10-10 21:15:00+00:00,95.29702970297029,16.607609802007772,ACMUSDT
1525,2025-10-10 21:15:00+00:00,95.27503526093086,11.520685273155541,SUPERUSDT
1317,2025-10-06 07:00:00+00:00,95.23129640205596,6.803628167637616,BROCCOLI714USDT
1593,2025-09-19 20:00:00+00:00,95.1644908616188,5.880092605170015,TUTUSDT
2996,2025-07-09 12:15:00+00:00,95.16129032258065,8.782893625436243,RESOLVUSDT
1168,2025-11-16 18:00:00+00:00,95.13933895009718,10.494131541562208,BANANAS31USDT
2889,2025-10-10 22:00:00+00:00,95.00513171399245,8.10150811988277,APEUSDT
1512,2025-11-20 16:00:00+00:00,94.99836280288146,5.367092610795333,2ZUSDT
2938,2025-09-08 02:00:00+00:00,94.97354497354497,6.064022125002743,WLDUSDT
1802,2025-11-24 13:30:00+00:00,94.96344435418361,5.5580825438871955,PLUMEUSDT
1978,2025-11-07 00:15:00+00:00,94.83488569009315,5.119980575318817,FETUSDT
2323,2025-07-09 19:45:00+00:00,94.75982532751091,5.0070573200459325,LUMIAUSDT
1513,2025-11-21 02:45:00+00:00,94.71145986594736,9.085733415231127,2ZUSDT
2429,2026-01-31 00:30:00+00:00,94.61235216819975,12.390288469672617,ARDRUSDT
2149,2025-10-01 05:30:00+00:00,94.55782312925169,5.408074229437841,XVGUSDT
1705,2025-08-09 20:00:00+00:00,94.5525291828794,17.298585282207082,GMXUSDT
1998,2025-06-22 04:30:00+00:00,94.52449567723346,7.4441534973160115,GNSUSDT
2709,2025-03-29 07:45:00+00:00,94.41045606229143,7.234140856637194,FUNUSDT
1169,2025-11-16 18:15:00+00:00,94.13281753707284,6.1328451393906755,BANANAS31USDT
1917,2025-10-10 21:15:00+00:00,93.91965255157437,8.23458543135752,BEAMXUSDT
1229,2025-12-19 15:15:00+00:00,93.72517871326447,6.307968770814117,SOPHUSDT
1078,2025-11-21 07:30:00+00:00,93.64341085271317,25.82918687948661,LAYERUSDT
2367,2025-09-17 05:30:00+00:00,93.61997226074897,5.965485742838858,LAUSDT
1230,2025-12-19 15:45:00+00:00,93.57142857142856,6.501812251730795,SOPHUSDT
3089,2025-11-01 14:45:00+00:00,93.49948612538539,5.99932453460412,ZKUSDT
1577,2025-10-10 21:15:00+00:00,93.3873986275733,14.045800243368376,BLURUSDT
532,2025-07-14 07:15:00+00:00,93.37016574585637,6.55870904446148,THEUSDT
2982,2025-07-24 21:30:00+00:00,93.34198011240812,5.961986160639883,IDEXUSDT
1339,2026-01-03 21:15:00+00:00,93.3189655172414,5.555518769375797,BROCCOLI714USDT
1997,2025-06-22 04:15:00+00:00,93.27129563350036,8.019231377218107,GNSUSDT
1723,2025-10-09 13:00:00+00:00,93.20843091334893,8.696547470673107,PIVXUSDT
894,2025-04-16 07:00:00+00:00,93.19323892188214,22.47942552652984,STRAXUSDT
1963,2025-12-15 14:30:00+00:00,93.18181818181816,6.610489872071745,ACEUSDT
1814,2025-06-09 17:15:00+00:00,93.17838816782373,6.068004782051055,AXLUSDT
762,2025-07-10 21:30:00+00:00,93.16628701594531,5.541288053098163,PORTALUSDT
2265,2025-02-03 02:00:00+00:00,93.15486275838698,5.605821868976551,FORTHUSDT
2905,2025-01-13 13:15:00+00:00,93.11139564660691,7.341032559031633,AIXBTUSDT
100,2025-12-05 07:45:00+00:00,93.07479224376732,7.588918787361379,USTCUSDT
1459,2025-11-06 04:30:00+00:00,92.9310344827586,5.716810594970002,DUSKUSDT
1013,2026-01-11 01:45:00+00:00,92.89940828402365,5.816505495117712,DOLOUSDT
393,2025-10-10 21:15:00+00:00,92.88888888888891,19.465874773692068,RAREUSDT
157,2025-11-06 15:30:00+00:00,92.88888888888889,5.821260195706913,KSMUSDT
1082,2025-10-10 21:15:00+00:00,92.8205128205128,9.256415015275229,KAIAUSDT
2368,2025-09-17 18:00:00+00:00,92.81767955801104,6.59100703231574,LAUSDT
3051,2025-11-20 11:30:00+00:00,92.80205655526994,5.3610168898425306,DYMUSDT
30,2025-12-06 16:00:00+00:00,92.79561472200469,10.123450729533761,MDTUSDT
2327,2025-10-10 21:15:00+00:00,92.78350515463917,14.917849818004381,LUMIAUSDT
2756,2026-01-24 04:45:00+00:00,92.76285844333181,5.118965801875071,SOMIUSDT
2081,2025-10-10 21:15:00+00:00,92.69406392694064,10.578366052122641,HAEDALUSDT
164,2025-10-10 21:15:00+00:00,92.62135922330097,8.706260005620623,WUSDT
1196,2025-10-10 22:00:00+00:00,92.55455712451861,5.452076480740749,BELUSDT
490,2025-07-05 09:00:00+00:00,92.47176913425348,5.004836381556504,VICUSDT
2390,2025-10-09 20:00:00+00:00,92.30769230769229,6.3425174240244075,RDNTUSDT
2518,2025-09-30 16:45:00+00:00,92.21136989732031,8.736946134314719,ALPINEUSDT
1933,2025-12-29 00:15:00+00:00,92.1531100478469,5.643048049222595,ZBTUSDT
2291,2025-02-16 01:30:00+00:00,92.10526315789474,5.147891317960536,ARKUSDT
626,2025-10-05 16:00:00+00:00,92.09401709401708,9.501106580830715,STOUSDT
2172,2025-10-01 07:00:00+00:00,92.04613721014057,10.713190774259296,ZECUSDT
2292,2025-02-16 02:00:00+00:00,92.00420831141504,5.384035582620636,ARKUSDT
1319,2025-10-07 05:15:00+00:00,91.94272880404269,5.439175907325927,BROCCOLI714USDT
579,2025-04-18 08:00:00+00:00,91.93548387096773,26.223522158821172,MAGICUSDT
1804,2025-11-25 22:15:00+00:00,91.92323070771691,7.939829882027996,PLUMEUSDT
625,2025-10-05 15:30:00+00:00,91.88900747065098,5.910950404078608,STOUSDT
627,2025-10-05 16:15:00+00:00,91.88900747065098,8.137659690604824,STOUSDT
1347,2025-10-10 21:15:00+00:00,91.88311688311688,15.436476139595433,LQTYUSDT
2388,2025-10-09 19:15:00+00:00,91.63763066202088,23.771088215833,RDNTUSDT
408,2025-10-11 00:00:00+00:00,91.61982626469086,5.987831683180774,ERAUSDT
804,2025-10-10 21:15:00+00:00,91.56050955414014,13.034720233665135,IDUSDT
148,2025-07-23 12:15:00+00:00,91.44951140065147,6.388489747274888,HYPERUSDT
1436,2025-10-14 06:45:00+00:00,91.39784946236557,5.726051305384382,YGGUSDT
533,2025-07-15 01:00:00+00:00,91.3730255164034,6.21593859676647,THEUSDT
329,2026-01-24 02:15:00+00:00,91.25230202578267,7.337795669136752,ZKCUSDT
2150,2025-10-01 07:15:00+00:00,91.24952235384028,9.729339195120092,XVGUSDT
1931,2025-12-24 04:30:00+00:00,91.24168514412415,9.123022556301182,ZBTUSDT
208,2025-10-10 21:15:00+00:00,91.20000000000002,7.370711603594791,1000CATUSDT
2431,2026-01-31 03:15:00+00:00,91.13200589970502,7.975598050392537,ARDRUSDT
200,2025-05-08 16:30:00+00:00,91.03840682788051,6.632055838787197,1000CATUSDT
1514,2025-11-21 03:15:00+00:00,90.9652076318743,6.4993185792323205,2ZUSDT
896,2025-04-16 10:15:00+00:00,90.92550790067722,11.765842654714506,STRAXUSDT
2023,2025-08-26 16:00:00+00:00,90.9184726522188,5.577157505976078,RLCUSDT
61,2025-07-23 00:00:00+00:00,90.90805514412668,9.012041532917413,SAHARAUSDT
3048,2025-11-20 09:15:00+00:00,90.83969465648856,19.159688275281027,DYMUSDT
1344,2026-01-04 13:30:00+00:00,90.7473309608541,6.812533394860799,BROCCOLI714USDT
2814,2025-03-05 13:15:00+00:00,90.73756432246999,6.223798634985735,REZUSDT
130,2025-10-10 21:15:00+00:00,90.73280261277814,11.855709864872775,FLOKIUSDT
1194,2025-10-10 21:30:00+00:00,90.71837253655434,8.909474033795261,BELUSDT
1864,2025-10-10 21:15:00+00:00,90.71310116086235,6.33905953438429,RVNUSDT
708,2025-08-07 17:30:00+00:00,90.66600232519515,10.5669607535126,A2ZUSDT
1458,2025-11-06 04:15:00+00:00,90.63032367972741,7.427640742160466,DUSKUSDT
1724,2025-10-09 13:15:00+00:00,90.53117782909932,11.762596929342907,PIVXUSDT
624,2025-10-05 15:15:00+00:00,90.46610169491525,7.363370978860526,STOUSDT
2963,2025-10-10 21:15:00+00:00,90.19607843137256,10.931055072226211,ARKMUSDT
2182,2025-11-06 14:30:00+00:00,90.19607843137256,5.452052028818228,ARUSDT
955,2025-11-04 08:30:00+00:00,90.19607843137251,6.940209701475324,XNOUSDT
749,2025-01-22 13:00:00+00:00,90.16968987712113,5.40103184916158,PONDUSDT
2586,2026-01-19 00:00:00+00:00,90.16393442622947,11.541420718279463,ARPAUSDT
1016,2026-01-12 13:45:00+00:00,90.06529850746267,15.400819610558056,DOLOUSDT
748,2025-01-22 10:45:00+00:00,90.05847953216374,7.578596296108303,PONDUSDT
1462,2026-01-15 08:15:00+00:00,90.05847953216374,6.2748039253932415,DUSKUSDT
2059,2025-04-11 03:30:00+00:00,89.93352326685662,13.847713469430191,ORCAUSDT
2053,2025-03-21 05:15:00+00:00,89.8867924528302,11.556158893081262,ORCAUSDT
2293,2025-02-16 02:15:00+00:00,89.80759230369215,6.847155153294881,ARKUSDT
3068,2025-10-14 06:45:00+00:00,89.7518878101402,6.509284394444607,DEGOUSDT
2152,2025-10-01 08:00:00+00:00,89.72706595905989,13.244191964029602,XVGUSDT
2896,2025-10-10 21:15:00+00:00,89.65517241379311,9.417856661424821,BONKUSDT
683,2025-10-10 21:15:00+00:00,89.63963963963964,8.694284969026326,PHBUSDT
2825,2025-07-10 02:15:00+00:00,89.63350785340316,5.003508387150727,REZUSDT
1481,2025-10-10 21:15:00+00:00,89.61937716262977,15.530733491837896,CETUSUSDT
2659,2025-07-20 05:45:00+00:00,89.53752843062928,5.52079603035615,CFXUSDT
2264,2025-02-03 01:45:00+00:00,89.49468085106385,6.9065752870978,FORTHUSDT
1982,2025-10-10 21:30:00+00:00,89.39316675165732,7.073474327455097,SSVUSDT
33,2025-12-06 19:00:00+00:00,89.3846153846154,7.192932648363147,MDTUSDT
1932,2025-12-24 05:00:00+00:00,89.35236004390778,6.240316607103465,ZBTUSDT
443,2025-10-10 21:15:00+00:00,89.3356643356643,8.547450068854078,UTKUSDT
1523,2025-09-29 08:00:00+00:00,89.32038834951454,6.010684283410248,SUPERUSDT
2826,2025-07-10 03:30:00+00:00,89.23719958202719,10.191196338595807,REZUSDT
466,2025-04-18 12:30:00+00:00,89.1891891891892,5.003374293831235,HIGHUSDT
2965,2025-10-10 21:15:00+00:00,89.13342503438788,6.69081401282603,ROSEUSDT
1231,2025-12-19 17:15:00+00:00,89.06976744186046,6.198301423732748,SOPHUSDT
1132,2025-06-21 22:15:00+00:00,89.06570033086498,5.200171797501653,BANANAS31USDT
2181,2025-11-06 13:45:00+00:00,88.96103896103898,6.9718219968942625,ARUSDT
2369,2025-09-17 18:15:00+00:00,88.95506226312939,5.878762614296439,LAUSDT
1340,2026-01-03 21:30:00+00:00,88.94154818325435,7.627186423953524,BROCCOLI714USDT
1465,2026-01-16 08:30:00+00:00,88.77840909090907,10.732607882283872,DUSKUSDT
2243,2025-11-03 09:30:00+00:00,88.69165023011179,8.80651151134692,GIGGLEUSDT
2089,2025-04-22 15:15:00+00:00,88.67924528301884,7.285127152062185,TURBOUSDT
2442,2025-10-10 21:15:00+00:00,88.61892583120203,8.194384206793094,HUMAUSDT
2887,2025-10-10 21:30:00+00:00,88.61681005956316,5.847428471722894,APEUSDT
2399,2025-04-08 00:45:00+00:00,88.61454046639233,11.97396022926426,ARDRUSDT
2065,2025-11-26 12:00:00+00:00,88.50902184235521,5.226227693989276,ORCAUSDT
1611,2025-02-24 15:15:00+00:00,88.4924461587914,8.523987348495051,COWUSDT
1256,2026-01-16 06:45:00+00:00,88.49040867389488,6.1538550881584015,AXSUSDT
2137,2025-11-21 07:30:00+00:00,88.45705402254178,9.074420808120523,MAVUSDT
1805,2025-11-26 01:00:00+00:00,88.45700824499411,7.429115677948653,PLUMEUSDT
31,2025-12-06 17:15:00+00:00,88.37031369548585,5.284568603839602,MDTUSDT
1892,2025-10-10 21:45:00+00:00,88.36825994819873,8.260878943385384,SIGNUSDT
1928,2025-12-24 03:45:00+00:00,88.3187772925764,22.44824574798668,ZBTUSDT
1004,2026-01-12 08:45:00+00:00,88.27361563517914,6.240714072688728,币安人生USDT
1524,2025-09-29 08:15:00+00:00,88.26028190770418,7.661530384072679,SUPERUSDT
93,2025-10-10 21:15:00+00:00,88.2521489971347,15.667455996731997,ETHFIUSDT
534,2025-07-15 01:15:00+00:00,88.22826411711982,5.254331726859411,THEUSDT
957,2025-11-04 10:15:00+00:00,88.20895522388057,10.758735287785834,XNOUSDT
2324,2025-07-10 03:15:00+00:00,88.18565400843883,5.573184347593897,LUMIAUSDT
2151,2025-10-01 07:45:00+00:00,88.1578947368421,16.63063810684126,XVGUSDT
1461,2026-01-15 07:15:00+00:00,88.1331403762663,5.374402482795346,DUSKUSDT
1865,2025-10-10 21:15:00+00:00,88.05309734513276,15.8621060160079,ICXUSDT
1962,2025-12-15 05:15:00+00:00,88.05309734513274,6.260595405046812,ACEUSDT
2173,2025-10-01 07:15:00+00:00,88.04705882352941,5.155272781644527,ZECUSDT
2295,2025-02-16 07:00:00+00:00,87.99896986865825,5.961806677041431,ARKUSDT
2066,2025-11-26 14:45:00+00:00,87.97348484848484,6.236022446983509,ORCAUSDT
1557,2025-12-06 09:15:00+00:00,87.93859649122808,5.1315395976602645,WINUSDT
2161,2025-10-10 21:15:00+00:00,87.9032258064516,19.05360946111101,DENTUSDT
2052,2025-03-21 05:00:00+00:00,87.8312803284808,29.21075676966924,ORCAUSDT
2115,2025-07-26 09:15:00+00:00,87.82608695652176,5.394299665093169,ATMUSDT
1518,2025-09-28 01:00:00+00:00,87.82508187247157,5.130794417285778,SUPERUSDT
2370,2025-10-10 21:15:00+00:00,87.82178217821782,14.190600013116592,LAUSDT
2090,2025-04-22 15:30:00+00:00,87.79342723004694,5.705971975046107,TURBOUSDT
2922,2025-08-15 15:15:00+00:00,87.77089783281733,7.87200259235256,CTSIUSDT
1999,2025-06-22 04:45:00+00:00,87.76077885952714,5.231407922821533,GNSUSDT
1729,2025-10-24 17:00:00+00:00,87.75384615384614,7.324885273772704,PIVXUSDT
1508,2025-10-10 21:15:00+00:00,87.66404199475066,17.521200055218678,SCUSDT
1899,2025-08-04 02:15:00+00:00,87.62886597938144,6.685463693062447,ILVUSDT
330,2026-01-24 07:30:00+00:00,87.62420957542906,5.150980185722145,ZKCUSDT
2998,2025-07-10 13:30:00+00:00,87.59689922480621,5.619243418092989,RESOLVUSDT
2413,2025-04-23 00:00:00+00:00,87.59350903441134,7.457783372980861,ARDRUSDT
1180,2025-08-07 07:15:00+00:00,87.53943217665616,14.552880696438953,BIOUSDT
1522,2025-09-29 00:00:00+00:00,87.42791234140714,6.871228159561478,SUPERUSDT
628,2025-10-05 21:15:00+00:00,87.29166666666666,18.518397018081327,STOUSDT
327,2025-10-16 09:30:00+00:00,87.27471327143634,6.437123021611669,ZKCUSDT
2282,2025-04-06 17:00:00+00:00,87.18300205620287,8.590854281652986,FORTHUSDT
2787,2025-01-16 07:15:00+00:00,87.09073900841908,10.005266492726177,SPELLUSDT
149,2025-07-23 13:30:00+00:00,87.0822281167109,8.545548223176093,HYPERUSDT
2080,2025-10-10 21:15:00+00:00,86.97318007662835,10.85303348237256,NFPUSDT
539,2025-09-20 04:30:00+00:00,86.91830403309204,8.48604935289905,THEUSDT
1519,2025-09-28 02:15:00+00:00,86.88901667625069,6.970759930546443,SUPERUSDT
2024,2025-08-26 16:15:00+00:00,86.86868686868688,11.891556700054606,RLCUSDT
1520,2025-09-28 22:00:00+00:00,86.85320045994631,6.407881874774914,SUPERUSDT
2788,2025-01-16 08:30:00+00:00,86.84105164820497,18.904368170254685,SPELLUSDT
709,2025-08-07 18:00:00+00:00,86.7881548974943,6.351632173711041,A2ZUSDT
272,2025-10-10 21:30:00+00:00,86.77624206200973,5.616252883167177,CHZUSDT
1517,2025-09-28 00:00:00+00:00,86.71007276905401,7.708133852413743,SUPERUSDT
1930,2025-12-24 04:15:00+00:00,86.68831168831169,10.387326897541385,ZBTUSDT
2747,2026-01-22 14:30:00+00:00,86.60570199031736,5.47225013132283,SOMIUSDT
2434,2026-01-31 07:15:00+00:00,86.59107271418287,5.515100202534349,ARDRUSDT
410,2025-10-12 15:15:00+00:00,86.56716417910447,8.603940695579881,ERAUSDT
1851,2025-08-08 07:15:00+00:00,86.51994497936725,7.684262023400246,HFTUSDT
1343,2026-01-04 13:15:00+00:00,86.51587646802959,18.56499035658647,BROCCOLI714USDT
2025,2025-08-26 16:30:00+00:00,86.49193548387098,7.390138395021377,RLCUSDT
602,2025-07-08 07:45:00+00:00,86.45484949832776,12.376333015058611,MAGICUSDT
1435,2025-10-13 11:15:00+00:00,86.32240055826936,5.669470820881784,YGGUSDT
3079,2025-07-23 12:00:00+00:00,86.29967909158233,10.673761263163648,NEWTUSDT
1521,2025-09-28 22:15:00+00:00,86.24641833810888,5.7085964361820345,SUPERUSDT
269,2025-10-10 21:15:00+00:00,86.23087621696799,10.22829033117799,BBUSDT
1075,2025-11-19 16:15:00+00:00,86.14008941877793,10.785340698172357,LAYERUSDT
823,2025-12-08 22:15:00+00:00,86.1111111111111,5.455437860857553,LUNAUSDT
489,2025-07-05 08:45:00+00:00,86.09022556390977,5.54271286118705,VICUSDT
642,2026-01-17 14:45:00+00:00,85.96491228070174,26.46305437774131,STOUSDT
169,2025-05-06 11:15:00+00:00,85.89008363201913,7.257054378477721,KAITOUSDT
1232,2025-12-19 18:00:00+00:00,85.75780654988576,13.697180439352895,SOPHUSDT
2294,2025-02-16 06:45:00+00:00,85.7506361323155,22.519228712683958,ARKUSDT
1382,2025-08-12 08:45:00+00:00,85.71428571428574,5.219041227438402,GTCUSDT
2456,2025-10-31 23:30:00+00:00,85.70607396052885,5.626795221502961,DASHUSDT
1432,2025-10-10 21:15:00+00:00,85.69463548830814,11.311847828100749,YGGUSDT
2527,2026-01-22 03:00:00+00:00,85.59027777777779,9.130671084166627,ENSOUSDT
1728,2025-10-24 16:45:00+00:00,85.58394160583941,10.991225689509466,PIVXUSDT
2937,2025-09-07 05:30:00+00:00,85.56405353728489,5.359441437784423,WLDUSDT
629,2025-10-05 21:30:00+00:00,85.55211558307532,7.673348755473454,STOUSDT
2236,2025-10-10 21:15:00+00:00,85.45994065281899,8.890873843818335,EDUUSDT
230,2026-01-30 14:15:00+00:00,85.43046357615896,11.293093916164647,SYNUSDT
535,2025-07-15 01:30:00+00:00,85.40317834020013,7.199257259571763,THEUSDT
2358,2025-04-13 20:45:00+00:00,85.35177228786253,5.3887607999169385,OMUSDT
1900,2025-08-04 15:15:00+00:00,85.21284540702017,5.277774429839257,ILVUSDT
456,2025-11-21 08:00:00+00:00,85.18518518518519,7.7434304317133,ANIMEUSDT
455,2025-11-21 07:30:00+00:00,85.18518518518519,9.673916365986509,ANIMEUSDT
2205,2025-09-06 06:30:00+00:00,85.18518518518519,6.266267348494395,GPSUSDT
2060,2025-04-11 03:45:00+00:00,85.09949097639982,14.610475831750952,ORCAUSDT
2511,2025-09-26 18:00:00+00:00,85.0935093509351,6.6782621641245745,ALPINEUSDT
601,2025-07-07 14:00:00+00:00,85.06224066390043,5.964518766094502,MAGICUSDT
2325,2025-07-10 04:00:00+00:00,85.06224066390043,5.387029789572648,LUMIAUSDT
1953,2025-10-10 21:15:00+00:00,85.00000000000001,11.76364833604477,ACEUSDT
2859,2025-10-10 21:15:00+00:00,84.94117647058823,13.367560014674709,PNUTUSDT
3081,2025-07-23 12:30:00+00:00,84.88486036256737,5.377363595638011,NEWTUSDT
2280,2025-04-06 16:30:00+00:00,84.83925549915396,21.155109313032476,FORTHUSDT
521,2025-02-12 07:00:00+00:00,84.78849760366745,5.782659903496645,THEUSDT
540,2025-09-20 04:45:00+00:00,84.7687196524406,8.133837419986042,THEUSDT
1762,2025-04-18 06:45:00+00:00,84.73684210526315,16.131924076702624,MEMEUSDT
1556,2025-12-06 08:15:00+00:00,84.69827586206895,7.655399617511918,WINUSDT
1894,2025-12-09 15:00:00+00:00,84.67741935483872,9.112652566659632,LRCUSDT
1604,2025-10-10 21:15:00+00:00,84.62132921174653,8.245937591422805,AVNTUSDT
648,2025-10-10 21:15:00+00:00,84.56790123456787,19.09467730101714,FLOWUSDT
32,2025-12-06 18:45:00+00:00,84.5577211394303,6.573415136329102,MDTUSDT
2281,2025-04-06 16:45:00+00:00,84.52702702702702,19.138723645651652,FORTHUSDT
2187,2025-10-08 20:15:00+00:00,84.47942557304616,7.75337271424247,ALICEUSDT
232,2026-01-30 14:45:00+00:00,84.45322793148884,9.119556999293971,SYNUSDT
427,2025-03-04 13:15:00+00:00,84.35354691075511,6.1436399621442925,REDUSDT
1005,2026-01-12 09:00:00+00:00,84.3112244897959,8.21949401855995,币安人生USDT
541,2025-09-20 05:00:00+00:00,84.29773132806527,5.362582581595462,THEUSDT
1207,2025-10-10 21:15:00+00:00,84.24242424242424,16.478939094217804,GMTUSDT
2748,2026-01-22 18:15:00+00:00,84.22729686670208,5.615837068056581,SOMIUSDT
574,2025-10-10 21:15:00+00:00,84.2217484008529,9.253379926978424,AIUSDT
2755,2026-01-24 04:30:00+00:00,84.21052631578947,22.84228120959078,SOMIUSDT
545,2025-10-10 21:15:00+00:00,84.1750841750842,11.113508984147042,TIAUSDT
1906,2025-10-10 21:15:00+00:00,84.14481897627965,5.958607001555662,ILVUSDT
1610,2025-02-24 14:45:00+00:00,84.05524168236033,5.1351237104731755,COWUSDT
750,2025-01-22 21:15:00+00:00,84.03171007927521,5.880964056235106,PONDUSDT
1896,2025-12-10 12:00:00+00:00,83.93574297188758,5.166543191216807,LRCUSDT
2432,2026-01-31 04:00:00+00:00,83.90988114245164,11.151147948733913,ARDRUSDT
1025,2025-11-28 16:30:00+00:00,83.90804597701151,7.755649916415065,LSKUSDT
2897,2025-10-10 21:15:00+00:00,83.88185654008437,18.9754615153678,ZROUSDT
1283,2025-03-29 10:15:00+00:00,83.80843785632841,5.07192469805816,MLNUSDT
2128,2025-07-01 01:30:00+00:00,83.7614850928183,13.939814506426984,MAVUSDT
2193,2025-10-13 08:00:00+00:00,83.74308543331284,11.680763829722034,ALICEUSDT
2997,2025-07-10 06:15:00+00:00,83.7129054520359,7.183425390422086,RESOLVUSDT
1480,2025-12-31 20:15:00+00:00,83.66093366093365,31.088165455647783,TLMUSDT
2578,2026-01-25 00:30:00+00:00,83.65472910927456,5.112070661540367,NOMUSDT
1839,2025-10-26 15:15:00+00:00,83.64296391202221,5.584986087633286,DIAUSDT
2283,2025-04-06 17:15:00+00:00,83.53494623655912,5.673637921099894,FORTHUSDT
1371,2025-10-10 21:15:00+00:00,83.34714167357082,15.427722948454356,ALTUSDT
1929,2025-12-24 04:00:00+00:00,83.3156216790648,15.556011477002732,ZBTUSDT
1440,2025-10-10 21:15:00+00:00,83.28445747800586,13.65519496564928,IMXUSDT
1693,2025-11-09 13:30:00+00:00,83.2524964336662,6.56096553152701,COTIUSDT
2459,2025-11-02 06:30:00+00:00,83.23967749816761,5.250167213158797,DASHUSDT
2296,2025-02-16 07:45:00+00:00,83.23293172690765,12.106652165194152,ARKUSDT
1558,2025-12-06 09:30:00+00:00,83.23152107513742,11.82882624149868,WINUSDT
2457,2025-10-31 23:45:00+00:00,83.21361058601136,5.666400356050803,DASHUSDT
1961,2025-12-14 08:30:00+00:00,83.1896551724138,6.724968740500267,ACEUSDT
2028,2025-08-26 17:15:00+00:00,83.16831683168317,6.817172926821048,RLCUSDT
2154,2025-10-01 08:45:00+00:00,83.16559926806953,5.848102691782012,XVGUSDT
92,2025-05-09 08:45:00+00:00,83.14447592067988,8.111342336504167,ETHFIUSDT
2111,2025-07-25 16:00:00+00:00,83.12912346842603,5.20158704397792,ATMUSDT
362,2025-04-22 14:15:00+00:00,83.12570781426956,8.188087665933928,TRUMPUSDT
2138,2025-11-21 19:00:00+00:00,83.11933534743201,5.106045499572047,MAVUSDT
165,2025-10-10 21:15:00+00:00,83.02469135802471,16.42437302596061,SANDUSDT
41,2025-10-10 21:15:00+00:00,82.98918387413963,22.572378228076694,STORJUSDT
1170,2025-11-16 19:15:00+00:00,82.98389547250073,6.520063364304356,BANANAS31USDT
657,2025-10-19 09:00:00+00:00,82.94314381270902,8.156535055390751,AUCTIONUSDT
1182,2025-08-07 07:45:00+00:00,82.92307692307692,8.900265703564553,BIOUSDT
2051,2025-03-21 04:45:00+00:00,82.84883720930235,46.09820622776743,ORCAUSDT
2143,2025-11-22 14:00:00+00:00,82.84313725490196,6.019223397649428,MAVUSDT
1487,2025-05-21 00:45:00+00:00,82.84132841328416,5.653941052515028,COOKIEUSDT
2026,2025-08-26 16:45:00+00:00,82.80632411067195,13.256295570025248,RLCUSDT
1730,2025-10-25 13:00:00+00:00,82.79069767441862,27.052393522330476,PIVXUSDT
1441,2025-10-10 21:15:00+00:00,82.78688524590163,13.483981247562884,JASMYUSDT
666,2026-01-24 00:00:00+00:00,82.6262626262626,33.45505750011006,AUCTIONUSDT
425,2025-03-03 09:00:00+00:00,82.6125,8.95451291420827,REDUSDT
426,2025-03-03 09:45:00+00:00,82.6125,19.530211335765415,REDUSDT
424,2025-03-02 17:15:00+00:00,82.6125,13.965629042768683,REDUSDT
423,2025-03-02 10:15:00+00:00,82.6125,18.654031444864525,REDUSDT
422,2025-03-02 10:00:00+00:00,82.6125,17.18602409770885,REDUSDT
1282,2025-03-29 10:00:00+00:00,82.55945639864099,7.725246752669553,MLNUSDT
1395,2025-11-19 05:30:00+00:00,82.55813953488371,8.810038445642537,NTRNUSDT
2433,2026-01-31 04:30:00+00:00,82.51760563380279,5.497015719911301,ARDRUSDT
62,2025-07-23 01:15:00+00:00,82.48747549553472,5.2028105030017855,SAHARAUSDT
505,2025-07-09 03:45:00+00:00,82.46281563472844,9.271431145564115,VICUSDT
684,2025-10-27 19:15:00+00:00,82.4561403508772,6.154848853718767,PHBUSDT
1760,2025-04-18 06:15:00+00:00,82.4561403508772,9.65718231976614,MEMEUSDT
2936,2025-10-10 21:15:00+00:00,82.45004344048657,11.215914285043086,LINEAUSDT
1960,2025-12-14 05:00:00+00:00,82.40343347639482,10.93712689584074,ACEUSDT
1965,2025-12-15 21:45:00+00:00,82.40343347639482,14.90548133084461,ACEUSDT
2297,2025-02-16 08:00:00+00:00,82.31768231768233,24.176903065086595,ARKUSDT
337,2025-05-09 07:30:00+00:00,82.27848101265822,10.6620580040086,MUBARAKUSDT
2067,2025-11-26 18:00:00+00:00,82.27731864095502,5.737755531781564,ORCAUSDT
68,2025-09-18 08:45:00+00:00,82.18584496870484,9.439346731257542,SUNUSDT
2140,2025-11-21 19:30:00+00:00,82.15627347858752,6.250070359792774,MAVUSDT
2127,2025-07-01 01:15:00+00:00,82.15613382899629,12.282584731695906,MAVUSDT
821,2025-12-08 21:45:00+00:00,82.14548126377666,8.973351922671752,LUNAUSDT
1897,2025-12-10 16:45:00+00:00,82.10735586481115,8.288759578521265,LRCUSDT
1181,2025-08-07 07:30:00+00:00,82.08269525267995,15.963390894405173,BIOUSDT
1990,2025-10-10 21:15:00+00:00,82.02995008319466,15.322577587315482,METISUSDT
536,2025-07-15 03:30:00+00:00,82.02831551574687,5.72965339713239,THEUSDT
2909,2025-01-14 04:45:00+00:00,81.91841234840132,5.4045290101055805,AIXBTUSDT
1832,2025-10-10 21:15:00+00:00,81.86549239391512,15.112922233590497,DIAUSDT
1177,2025-08-06 13:30:00+00:00,81.81818181818181,5.43889104876081,BIOUSDT
2068,2025-11-27 00:00:00+00:00,81.77655677655677,5.685414191372394,ORCAUSDT
2064,2025-11-25 21:15:00+00:00,81.77655677655677,5.283108753815147,ORCAUSDT
1666,2025-11-19 12:15:00+00:00,81.77083333333334,9.191221084565429,XAIUSDT
2063,2025-10-10 21:15:00+00:00,81.72888015717092,10.509543583725236,ORCAUSDT
2763,2025-03-16 12:00:00+00:00,81.68067226890756,6.472355082337801,API3USDT
1609,2025-02-24 08:30:00+00:00,81.66047087980175,7.604275654518648,COWUSDT
1731,2025-10-26 07:00:00+00:00,81.62911611785096,18.69555278502917,PIVXUSDT
1849,2025-06-30 16:45:00+00:00,81.60173160173161,5.924667731999269,HFTUSDT
37,2025-12-06 20:15:00+00:00,81.56342182890856,5.057614231693238,MDTUSDT
2904,2025-01-13 08:00:00+00:00,81.53586904188734,7.267695277702523,AIXBTUSDT
1116,2025-07-10 05:00:00+00:00,81.52929493545184,5.963292650311436,KNCUSDT
2973,2025-07-11 23:15:00+00:00,81.49675898644668,5.837807792790046,IDEXUSDT
361,2025-04-22 14:00:00+00:00,81.4814814814815,8.043713103930028,TRUMPUSDT
604,2025-07-08 13:15:00+00:00,81.44833197721726,14.7802213328885,MAGICUSDT
406,2025-10-10 21:00:00+00:00,81.42235123367199,13.658486447626819,ERAUSDT
332,2026-01-25 00:15:00+00:00,81.39737991266374,5.569825515099711,ZKCUSDT
3069,2025-10-14 11:30:00+00:00,81.34020618556701,7.427611871384269,DEGOUSDT
1764,2025-08-22 14:15:00+00:00,81.30990415335462,5.594062100732487,MEMEUSDT
1733,2025-10-26 07:45:00+00:00,81.21037463976948,6.276530990688496,PIVXUSDT
1438,2025-10-15 04:30:00+00:00,81.13975576662145,6.411384589339853,YGGUSDT
654,2025-10-18 20:45:00+00:00,81.12582781456952,6.848469621281032,AUCTIONUSDT
656,2025-10-19 08:15:00+00:00,81.12582781456952,6.553222198581997,AUCTIONUSDT
2027,2025-08-26 17:00:00+00:00,81.01761252446184,12.046186019771636,RLCUSDT
855,2026-01-09 09:00:00+00:00,81.01123595505616,5.1730641169903215,BIFIUSDT
2083,2025-04-21 05:15:00+00:00,81.01037437979252,5.107346554258806,TURBOUSDT
1484,2025-02-10 02:45:00+00:00,80.96074985354424,9.051499630542091,COOKIEUSDT
1790,2025-11-20 12:30:00+00:00,80.93699515347336,5.139851171420702,PARTIUSDT
301,2025-08-07 07:00:00+00:00,80.87855297157623,6.500678365907169,ASRUSDT
298,2025-08-07 06:15:00+00:00,80.87855297157623,11.821871151140869,ASRUSDT
1278,2025-03-29 08:00:00+00:00,80.86347724620771,5.937510281694407,MLNUSDT
655,2025-10-19 04:45:00+00:00,80.82644628099173,10.086271192855943,AUCTIONUSDT
488,2025-07-05 08:00:00+00:00,80.79800498753119,8.078412714945799,VICUSDT
813,2025-12-04 14:30:00+00:00,80.78541374474051,16.826265966794875,LUNAUSDT
1140,2025-07-08 16:45:00+00:00,80.71543507859886,11.312901791205025,BANANAS31USDT
1732,2025-10-26 07:30:00+00:00,80.68965517241382,5.225098228951468,PIVXUSDT
63,2025-07-23 02:45:00+00:00,80.6576819407008,6.551536916081176,SAHARAUSDT
479,2025-10-10 21:15:00+00:00,80.60941828254846,12.209395029030164,FIDAUSDT
685,2025-10-27 19:30:00+00:00,80.55555555555559,9.078604580661976,PHBUSDT
300,2025-08-07 06:45:00+00:00,80.48990116029225,12.656585254908933,ASRUSDT
2614,2025-10-10 21:15:00+00:00,80.46571798188873,12.610346461776249,NMRUSDT
2153,2025-10-01 08:30:00+00:00,80.45790517396792,13.162627779355626,XVGUSDT
67,2025-09-18 08:30:00+00:00,80.4482594182165,19.84836217387936,SUNUSDT
2186,2025-10-08 20:00:00+00:00,80.44300378173963,8.29890397745989,ALICEUSDT
170,2025-05-06 14:15:00+00:00,80.41512059369202,6.342540798887842,KAITOUSDT
2142,2025-11-21 20:15:00+00:00,80.39434523809523,6.6968524808332575,MAVUSDT
1803,2025-11-24 18:15:00+00:00,80.38331454340472,5.542225432090873,PLUMEUSDT
299,2025-08-07 06:30:00+00:00,80.37363109297833,11.947986358851864,ASRUSDT
2815,2025-03-05 16:45:00+00:00,80.32432432432435,30.842931242997018,REZUSDT
1281,2025-03-29 09:45:00+00:00,80.31319910514543,22.571830224497745,MLNUSDT
643,2026-01-17 15:00:00+00:00,80.27210884353741,8.416348225205525,STOUSDT
2462,2026-01-11 12:00:00+00:00,80.23255813953487,9.803098141503588,DASHUSDT
1761,2025-04-18 06:30:00+00:00,80.23106546854943,14.386804470585952,MEMEUSDT
2055,2025-03-21 06:00:00+00:00,80.16469745793053,6.274358041704841,ORCAUSDT
1855,2025-11-20 06:00:00+00:00,80.15075376884423,8.701684628492105,HFTUSDT
1085,2026-01-23 01:15:00+00:00,80.11152416356877,9.237715917386371,KAIAUSDT
1763,2025-08-22 14:00:00+00:00,80.08726695755652,5.820050457177576,MEMEUSDT
658,2025-10-19 09:45:00+00:00,79.93421052631578,6.219212724939851,AUCTIONUSDT
1667,2025-11-19 12:45:00+00:00,79.89690721649485,7.043341046419533,XAIUSDT
2634,2025-09-16 19:45:00+00:00,79.89157220305569,5.0169337118533255,TSTUSDT
2762,2025-03-16 11:00:00+00:00,79.86688851913478,5.795943647347507,API3USDT
2145,2025-11-22 14:30:00+00:00,79.85905044510385,8.536832395329347,MAVUSDT
2463,2026-01-11 12:45:00+00:00,79.85232067510549,7.467099207146867,DASHUSDT
2827,2025-07-10 20:30:00+00:00,79.8411122144985,5.875323141513976,REZUSDT
630,2025-10-05 22:00:00+00:00,79.79999999999998,7.601126500138534,STOUSDT
668,2026-01-25 00:15:00+00:00,79.72166998011924,14.798122347533933,AUCTIONUSDT
34,2025-12-06 19:30:00+00:00,79.7080291970803,18.232036619480414,MDTUSDT
1840,2025-10-26 17:30:00+00:00,79.61570593149541,6.847533841882135,DIAUSDT
1125,2025-07-12 04:45:00+00:00,79.5908658420552,29.608244479733248,KNCUSDT
874,2025-01-04 05:45:00+00:00,79.57524908232824,5.387526748609268,HIVEUSDT
2139,2025-11-21 19:15:00+00:00,79.52610144390965,11.54884749595654,MAVUSDT
98,2025-12-04 16:30:00+00:00,79.51612903225806,5.786526016064748,USTCUSDT
975,2025-12-06 08:00:00+00:00,79.50819672131146,6.691954353663421,GLMRUSDT
978,2025-12-06 11:00:00+00:00,79.50819672131146,6.001981570245317,GLMRUSDT
976,2025-12-06 08:30:00+00:00,79.50819672131146,5.862845076348488,GLMRUSDT
2204,2025-09-06 06:15:00+00:00,79.4453507340946,10.433572655043394,GPSUSDT
2029,2025-08-26 23:45:00+00:00,79.43743937924349,10.797682210682149,RLCUSDT
2299,2025-02-16 12:45:00+00:00,79.40525927746376,9.743307344120955,ARKUSDT
879,2025-04-19 15:15:00+00:00,79.39393939393939,9.788293000274207,ENJUSDT
3014,2025-11-16 02:45:00+00:00,79.35916542473917,7.289025922205648,RESOLVUSDT
2874,2025-10-10 21:15:00+00:00,79.35064935064935,18.11820158766406,TRBUSDT
853,2026-01-09 08:30:00+00:00,79.29883138564273,10.782422245191992,BIFIUSDT
297,2025-08-07 06:00:00+00:00,79.29562433297761,9.269634321661727,ASRUSDT
605,2025-07-08 13:30:00+00:00,79.26045016077173,11.57815237632574,MAGICUSDT
1734,2025-10-26 08:00:00+00:00,79.24743443557583,6.072042716461226,PIVXUSDT
96,2025-12-04 16:00:00+00:00,79.22705314009659,15.22491256852188,USTCUSDT
1433,2025-10-13 10:30:00+00:00,79.19463087248324,5.423104117446093,YGGUSDT
1280,2025-03-29 09:00:00+00:00,79.19075144508669,6.7285575916505715,MLNUSDT
109,2025-11-03 18:30:00+00:00,79.18552036199095,7.280518440975433,ALCXUSDT
2000,2025-06-22 06:30:00+00:00,79.16390179163903,5.245565975468334,GNSUSDT
2174,2025-10-01 07:30:00+00:00,79.15265635507734,9.525298294776956,ZECUSDT
880,2025-04-19 17:15:00+00:00,79.12254160363086,14.109528099616142,ENJUSDT
1076,2025-11-20 13:15:00+00:00,79.11089866156786,5.046965323586916,LAYERUSDT
1509,2025-10-10 21:30:00+00:00,79.08578584846589,16.33533077288116,SCUSDT
2660,2025-07-20 06:00:00+00:00,79.08309455587393,11.257051107666605,CFXUSDT
2969,2025-07-11 04:30:00+00:00,79.06976744186048,5.971595835456329,IDEXUSDT
812,2025-12-04 14:15:00+00:00,79.02777777777776,15.398519169627464,LUNAUSDT
809,2025-12-04 10:45:00+00:00,79.02777777777776,5.073544526625459,LUNAUSDT
1668,2025-11-19 13:30:00+00:00,78.97435897435898,5.193337571800606,XAIUSDT
1669,2025-11-19 14:00:00+00:00,78.97435897435898,5.213286747353112,XAIUSDT
1874,2025-07-18 16:00:00+00:00,78.94736842105262,6.959759052342402,EPICUSDT
1139,2025-07-08 16:30:00+00:00,78.89574336829119,6.732294083338679,BANANAS31USDT
2189,2025-10-09 05:30:00+00:00,78.84872824631861,7.353976693215941,ALICEUSDT
1141,2025-07-08 17:00:00+00:00,78.81713940856969,6.421753095552408,BANANAS31USDT
811,2025-12-04 14:00:00+00:00,78.77947295423023,7.8154182358899345,LUNAUSDT
1279,2025-03-29 08:30:00+00:00,78.77739331026528,6.818721774341132,MLNUSDT
977,2025-12-06 09:30:00+00:00,78.77551020408163,5.167748294779826,GLMRUSDT
1026,2025-11-29 01:45:00+00:00,78.7709497206704,13.839600209624725,LSKUSDT
1027,2025-11-29 02:00:00+00:00,78.7709497206704,16.735997559409004,LSKUSDT
2464,2026-01-12 01:30:00+00:00,78.76802096985584,6.5521306841947755,DASHUSDT
2156,2025-10-01 09:30:00+00:00,78.75000000000001,5.1082183371462815,XVGUSDT
333,2026-01-25 01:15:00+00:00,78.74354561101549,9.622196816581052,ZKCUSDT
1468,2026-01-16 22:30:00+00:00,78.73392680514344,5.233662591451951,DUSKUSDT
1559,2025-12-06 09:45:00+00:00,78.70122132856719,6.593837354660029,WINUSDT
603,2025-07-08 13:00:00+00:00,78.68589743589745,16.304000624403606,MAGICUSDT
1077,2025-11-20 13:30:00+00:00,78.6838340486409,5.226489229886357,LAYERUSDT
1257,2026-01-16 07:00:00+00:00,78.65612648221342,8.432200950180428,AXSUSDT
97,2025-12-04 16:15:00+00:00,78.65168539325839,24.76876746835503,USTCUSDT
292,2025-07-25 15:15:00+00:00,78.64077669902909,5.363785332718482,ASRUSDT
331,2026-01-25 00:00:00+00:00,78.58985382631126,6.777833638508396,ZKCUSDT
231,2026-01-30 14:30:00+00:00,78.5714285714286,12.652740456795932,SYNUSDT
457,2025-11-21 16:45:00+00:00,78.57142857142858,6.176566325890931,ANIMEUSDT
1942,2025-11-28 23:45:00+00:00,78.57142857142856,10.084634728492999,MBLUSDT
1919,2025-11-04 20:15:00+00:00,78.54943972417188,5.933891646953381,MITOUSDT
2212,2025-11-20 00:30:00+00:00,78.53309481216455,5.153168731021502,GPSUSDT
2217,2025-11-20 16:15:00+00:00,78.53309481216455,7.648713717095094,GPSUSDT
810,2025-12-04 13:45:00+00:00,78.53185595567864,7.981782570048392,LUNAUSDT
1183,2025-08-07 08:00:00+00:00,78.52852852852851,5.794527853782753,BIOUSDT
1950,2025-09-10 15:15:00+00:00,78.50467289719624,5.455745934896278,ACEUSDT
1396,2025-11-19 07:15:00+00:00,78.40909090909088,5.500464790260403,NTRNUSDT
1860,2025-11-20 22:00:00+00:00,78.35820895522387,5.606136084280333,HFTUSDT
2945,2025-10-10 21:15:00+00:00,78.28162291169451,15.66122981774658,TNSRUSDT
644,2026-01-17 15:15:00+00:00,78.25112107623318,6.591248385959806,STOUSDT
2968,2025-07-11 04:00:00+00:00,78.24074074074075,8.589372406782605,IDEXUSDT
1893,2025-10-10 21:15:00+00:00,78.23529411764707,14.820346424070827,LRCUSDT
2583,2026-01-18 06:30:00+00:00,78.1874039938556,8.216962517978605,ARPAUSDT
2054,2025-03-21 05:45:00+00:00,78.18696883852692,5.218396381528198,ORCAUSDT
1345,2026-01-04 15:45:00+00:00,78.14707104279186,5.823982647208743,BROCCOLI714USDT
645,2026-01-17 17:00:00+00:00,78.05151175811869,6.053262134418605,STOUSDT
2961,2025-11-23 09:15:00+00:00,78.02197802197801,5.352753875972651,TNSRUSDT
2188,2025-10-09 05:15:00+00:00,77.99094058086864,6.8896105612760365,ALICEUSDT
2465,2026-01-12 01:45:00+00:00,77.97494780793319,6.927426483151965,DASHUSDT
1137,2025-07-08 03:00:00+00:00,77.94148453320298,17.48625318023574,BANANAS31USDT
2298,2025-02-16 10:00:00+00:00,77.91859614915914,14.630535615264826,ARKUSDT
2685,2025-03-19 18:00:00+00:00,77.87953504755197,5.707374592187625,FARMUSDT
2330,2025-11-06 12:45:00+00:00,77.85714285714285,10.287690594928275,LUMIAUSDT
1959,2025-12-14 00:15:00+00:00,77.82426778242677,6.5082700218310245,ACEUSDT
2490,2025-08-07 16:15:00+00:00,77.82426778242677,7.138240238456016,ALPINEUSDT
687,2025-10-28 09:15:00+00:00,77.77777777777779,5.078964114033182,PHBUSDT
1195,2025-10-10 21:45:00+00:00,77.7251184834123,5.1694191898967645,BELUSDT
886,2025-10-10 21:15:00+00:00,77.70034843205573,17.52747638693309,ENJUSDT
2310,2025-07-12 00:30:00+00:00,77.59886336727445,8.233884215873216,ARKUSDT
2686,2025-03-20 10:45:00+00:00,77.56680731364274,17.161393876590104,FARMUSDT
2069,2025-11-27 02:00:00+00:00,77.54919499105546,11.257822731009556,ORCAUSDT
882,2025-04-20 07:45:00+00:00,77.51124437781112,6.801906178260362,ENJUSDT
1101,2025-06-24 20:15:00+00:00,77.49812171299774,36.661029718766464,DEXEUSDT
1856,2025-11-20 06:45:00+00:00,77.47524752475248,8.013446830214468,HFTUSDT
854,2026-01-09 08:45:00+00:00,77.4229074889868,7.24332357291854,BIFIUSDT
2791,2025-01-16 17:00:00+00:00,77.37235525148864,6.108598162682243,SPELLUSDT
158,2025-11-06 19:00:00+00:00,77.32379979570992,14.144054612204902,KSMUSDT
2252,2025-11-08 15:15:00+00:00,77.31564382223668,8.799931460563815,GIGGLEUSDT
1383,2025-08-13 06:15:00+00:00,77.2727272727273,7.343974524000456,GTCUSDT
2155,2025-10-01 09:15:00+00:00,77.26226314857445,6.046362889504302,XVGUSDT
1895,2025-12-09 16:30:00+00:00,77.17601547388782,5.339065202432538,LRCUSDT
1663,2025-05-09 09:00:00+00:00,77.13365539452495,5.5560299160082565,XAIUSDT
2999,2025-07-10 22:00:00+00:00,77.11244178310048,5.914868943542091,RESOLVUSDT
240,2025-10-12 03:00:00+00:00,77.00650759219087,6.244023007688499,BATUSDT
2933,2025-11-19 17:30:00+00:00,77.00258397932818,8.884030406333563,CTSIUSDT
881,2025-04-19 18:15:00+00:00,76.98056801195816,6.325352008930444,ENJUSDT
2587,2026-01-19 06:30:00+00:00,76.96414950419526,7.068211123514907,ARPAUSDT
2765,2025-03-17 12:30:00+00:00,76.92307692307692,11.908478521268707,API3USDT
1398,2025-11-19 12:15:00+00:00,76.90140845070424,7.113582255484263,NTRNUSDT
1394,2025-11-18 14:30:00+00:00,76.90140845070424,5.068033015123386,NTRNUSDT
520,2025-02-12 00:45:00+00:00,76.90005984440455,7.328826281181922,THEUSDT
1948,2025-09-10 14:15:00+00:00,76.85185185185183,5.41609004749114,ACEUSDT
1426,2025-03-09 17:00:00+00:00,76.83474787818272,8.87049882725686,IOSTUSDT
2742,2025-09-04 18:15:00+00:00,76.82474226804126,7.4289061544591695,SOMIUSDT
2203,2025-10-10 21:15:00+00:00,76.80798004987534,16.067846797248965,BICOUSDT
2309,2025-07-12 00:15:00+00:00,76.80339462517681,23.30747445265703,ARKUSDT
2517,2025-09-30 16:30:00+00:00,76.78221812737533,14.18708741523595,ALPINEUSDT
159,2025-11-06 19:30:00+00:00,76.78207739307534,6.620422188755294,KSMUSDT
2497,2025-08-14 12:30:00+00:00,76.71874999999999,7.193056291485475,ALPINEUSDT
1437,2025-10-15 04:15:00+00:00,76.70416942422236,6.5698299099698945,YGGUSDT
875,2025-01-04 09:00:00+00:00,76.70278637770897,5.4436217355826315,HIVEUSDT
1069,2025-11-07 16:15:00+00:00,76.68161434977578,5.9035803031618,LAYERUSDT
1265,2025-11-02 12:15:00+00:00,76.67185069984448,16.055704102798618,DGBUSDT
2500,2025-08-15 05:15:00+00:00,76.64714494875547,10.800558158559783,ALPINEUSDT
2216,2025-11-20 16:00:00+00:00,76.63716814159291,5.468537868058022,GPSUSDT
1474,2025-10-10 21:15:00+00:00,76.59574468085107,5.34039647743857,TLMUSDT
1434,2025-10-13 10:45:00+00:00,76.58730158730161,6.417622897367428,YGGUSDT
225,2026-01-29 05:45:00+00:00,76.58610271903325,10.04194876753717,SYNUSDT
2932,2025-11-19 17:00:00+00:00,76.54639175257734,8.921677634181705,CTSIUSDT
1172,2025-11-25 13:00:00+00:00,76.52270210409743,5.434763860835033,BANANAS31USDT
2828,2025-07-10 20:45:00+00:00,76.51072124756337,7.5753169672213,REZUSDT
1093,2025-03-20 10:45:00+00:00,76.46159724875812,5.39887717861514,ACXUSDT
984,2025-04-09 01:15:00+00:00,76.45875251509055,11.980390312829636,GASUSDT
3016,2025-12-18 04:30:00+00:00,76.45259938837921,5.564893478265292,RESOLVUSDT
3017,2025-12-18 04:45:00+00:00,76.45259938837921,5.701818864308666,RESOLVUSDT
2743,2025-09-04 18:30:00+00:00,76.42341619887729,5.5635974668014745,SOMIUSDT
912,2025-01-27 01:00:00+00:00,76.4172335600907,14.469764952886575,ACHUSDT
1397,2025-11-19 10:15:00+00:00,76.40449438202246,14.642491357221095,NTRNUSDT
555,2025-10-10 21:15:00+00:00,76.40117994100297,7.05505089786462,DUSDT
2713,2025-04-05 03:30:00+00:00,76.39848066298343,5.516671554757144,FUNUSDT
1268,2025-11-02 13:00:00+00:00,76.3975155279503,5.512529450338825,DGBUSDT
2764,2025-03-17 12:00:00+00:00,76.34584013050572,8.302434633430634,API3USDT
1086,2026-01-23 01:30:00+00:00,76.18181818181817,7.293246007926924,KAIAUSDT
1102,2025-06-24 20:30:00+00:00,76.1744966442953,14.145019620584334,DEXEUSDT
1249,2025-10-10 21:45:00+00:00,76.12994350282484,9.424448804576418,SKLUSDT
2582,2026-01-18 03:15:00+00:00,76.02427921092563,7.095345779653755,ARPAUSDT
151,2025-07-23 14:15:00+00:00,76.01697030197157,6.810261971304818,HYPERUSDT
2437,2025-11-09 02:45:00+00:00,76.0082023239918,5.1657488249041625,UNIUSDT
91,2025-05-09 08:30:00+00:00,75.91836734693878,6.430106879373709,ETHFIUSDT
2444,2025-09-30 12:00:00+00:00,75.91339648173205,5.837828023529981,DASHUSDT
467,2025-04-19 01:00:00+00:00,75.87939698492461,6.272535086037755,HIGHUSDT
1266,2025-11-02 12:30:00+00:00,75.8513931888545,7.141195387149989,DGBUSDT
2734,2025-03-01 21:45:00+00:00,75.82697201017811,6.352651968665125,ADAUSDT
202,2025-07-27 08:15:00+00:00,75.79075425790754,17.221583535676032,1000CATUSDT
2313,2025-07-12 01:45:00+00:00,75.76751816264353,6.101713068844072,ARKUSDT
2116,2025-07-27 11:00:00+00:00,75.75264442636289,16.261175446827185,ATMUSDT
2455,2025-10-30 14:15:00+00:00,75.73260073260076,9.018323118965323,DASHUSDT
2272,2025-04-05 16:15:00+00:00,75.63025210084034,5.058358797243206,FORTHUSDT
2499,2025-08-15 05:00:00+00:00,75.61863173216882,6.86731209958821,ALPINEUSDT
659,2025-10-19 12:15:00+00:00,75.6019261637239,12.957686477420047,AUCTIONUSDT
1284,2025-03-29 10:45:00+00:00,75.59912854030502,13.89316049004913,MLNUSDT
217,2025-07-22 04:45:00+00:00,75.59055118110236,5.475683299942474,SYNUSDT
2311,2025-07-12 00:45:00+00:00,75.56179775280899,6.89490304131746,ARKUSDT
150,2025-07-23 14:00:00+00:00,75.53509208561475,23.917836182272904,HYPERUSDT
2725,2025-06-19 14:00:00+00:00,75.50636876174566,6.383044347329464,FUNUSDT
257,2025-10-10 21:15:00+00:00,75.50274223034732,9.811111478054949,OPENUSDT
1678,2025-01-21 11:00:00+00:00,75.44752544752546,9.662677176085127,VTHOUSDT
342,2025-12-31 16:30:00+00:00,75.3875968992248,8.33616514817177,MUBARAKUSDT
1250,2025-10-10 22:00:00+00:00,75.38677918424754,6.890280705898691,SKLUSDT
2042,2026-01-07 12:15:00+00:00,75.29780564263324,5.072084318125358,GUNUSDT
2832,2025-10-10 21:15:00+00:00,75.29274004683839,6.115705267890957,REZUSDT
341,2025-12-31 08:00:00+00:00,75.27437056165267,6.000128015019904,MUBARAKUSDT
3028,2025-10-10 21:00:00+00:00,75.27010804321728,10.386603182355152,DOGSUSDT
1594,2025-09-19 22:00:00+00:00,75.26730444569498,5.019143658001897,TUTUSDT
70,2025-09-18 10:15:00+00:00,75.26632700324222,22.79576794828116,SUNUSDT
1901,2025-08-04 16:45:00+00:00,75.26501766784452,8.231338749834844,ILVUSDT
1958,2025-12-05 21:30:00+00:00,75.21739130434784,20.84370625372589,ACEUSDT
2519,2025-09-30 17:00:00+00:00,75.20830955370393,10.810719119641567,ALPINEUSDT
979,2025-12-06 14:15:00+00:00,75.19999999999997,9.943052531183428,GLMRUSDT
2789,2025-01-16 16:30:00+00:00,75.17517517517518,9.739601746955094,SPELLUSDT
2687,2025-03-20 11:00:00+00:00,75.1647589316684,9.150276770432416,FARMUSDT
1813,2025-06-08 04:45:00+00:00,75.14259981987392,5.103673219319489,AXLUSDT
2544,2025-11-03 15:30:00+00:00,75.0733137829912,14.145962081922711,HMSTRUSDT
1267,2025-11-02 12:45:00+00:00,75.03852080123268,5.241916376266491,DGBUSDT
1903,2025-08-04 19:00:00+00:00,75.01764290755118,5.3349840189207365,ILVUSDT
2398,2025-04-08 00:30:00+00:00,75.01060670343658,23.06373007166154,ARDRUSDT
2146,2025-11-22 15:45:00+00:00,74.99097798628654,16.680133880585878,MAVUSDT
1759,2025-04-16 17:30:00+00:00,74.98233215547702,5.402030278211216,MEMEUSDT
2790,2025-01-16 16:45:00+00:00,74.9562609347663,14.345618275736445,SPELLUSDT
1111,2025-05-30 08:00:00+00:00,74.91471734892787,5.265830298261704,LPTUSDT
2977,2025-07-23 16:00:00+00:00,74.91254372813594,5.031422383788411,IDEXUSDT
956,2025-11-04 10:00:00+00:00,74.89597780859916,15.586485263492113,XNOUSDT
2194,2025-10-13 08:15:00+00:00,74.87569464755776,13.009792353605533,ALICEUSDT
340,2025-12-30 20:00:00+00:00,74.82292337411462,6.0222655023296285,MUBARAKUSDT
3075,2025-10-24 02:45:00+00:00,74.780316344464,6.13858617697459,DEGOUSDT
2144,2025-11-22 14:15:00+00:00,74.73873873873873,11.91627403862725,MAVUSDT
2070,2025-11-27 02:15:00+00:00,74.73591549295777,5.183576162819891,ORCAUSDT
2972,2025-07-11 17:30:00+00:00,74.70221213840047,8.431360995771323,IDEXUSDT
1782,2025-11-11 08:15:00+00:00,74.7005988023952,7.933210198311403,PARTIUSDT
808,2025-12-04 05:15:00+00:00,74.6887966804979,6.256577211951858,LUNAUSDT
326,2025-10-10 21:15:00+00:00,74.61383478844863,11.122076415889547,ZKCUSDT
1662,2025-05-09 08:30:00+00:00,74.60317460317461,8.394749721876307,XAIUSDT
1087,2026-01-23 01:45:00+00:00,74.59459459459458,8.72495444367751,KAIAUSDT
1951,2025-09-10 16:15:00+00:00,74.5886654478976,10.509882545725281,ACEUSDT
2545,2025-11-04 19:30:00+00:00,74.56140350877192,5.0151170336723885,HMSTRUSDT
667,2026-01-25 00:00:00+00:00,74.5173745173745,7.544934110531149,AUCTIONUSDT
2547,2025-12-17 15:45:00+00:00,74.48453608247422,7.594509200404168,HMSTRUSDT
2501,2025-08-15 08:45:00+00:00,74.47577729573389,6.68593659397265,ALPINEUSDT
2851,2025-02-27 16:45:00+00:00,74.40811724915446,6.177259829797192,PNUTUSDT
1277,2025-03-28 03:45:00+00:00,74.35320584926883,6.623457130500257,MLNUSDT
1725,2025-10-09 13:30:00+00:00,74.32646592709986,5.451772216295918,PIVXUSDT
459,2025-11-21 17:30:00+00:00,74.32646592709983,5.817378799235288,ANIMEUSDT
69,2025-09-18 10:00:00+00:00,74.29755872869646,16.255436366635358,SUNUSDT
3080,2025-07-23 12:15:00+00:00,74.29561200923789,6.833403647067213,NEWTUSDT
2472,2025-05-05 17:15:00+00:00,74.26751592356689,12.82295798149826,ALPINEUSDT
400,2025-11-09 10:30:00+00:00,74.26545086119553,17.64284286205173,TOWNSUSDT
73,2025-09-18 11:00:00+00:00,74.24310890194306,5.271832126586418,SUNUSDT
1068,2025-10-10 21:15:00+00:00,74.22940879231936,16.97427059261459,LAYERUSDT
1800,2025-10-10 22:00:00+00:00,74.19125488801993,5.368544603950262,PLUMEUSDT
519,2025-02-12 00:30:00+00:00,74.18974661166766,6.206664478146512,THEUSDT
3067,2025-10-10 22:30:00+00:00,74.15506958250498,5.775129872864258,DEGOUSDT
1934,2025-12-29 01:30:00+00:00,74.15437987857763,13.789005072224857,ZBTUSDT
1909,2025-11-01 09:00:00+00:00,74.15169660678642,9.709094736070549,MINAUSDT
480,2025-05-08 03:45:00+00:00,74.12935323383086,7.101450657193599,PEOPLEUSDT
468,2025-04-19 01:15:00+00:00,74.12935323383083,11.416392005517435,HIGHUSDT
1114,2025-10-10 21:15:00+00:00,74.10572966128524,11.091269461582346,LPTUSDT
518,2025-10-10 21:15:00+00:00,74.0909090909091,12.452183710738607,RUNEUSDT
399,2025-11-09 10:15:00+00:00,74.08906882591093,6.524369652155658,TOWNSUSDT
522,2025-02-12 13:30:00+00:00,74.08716136631332,6.023072081611515,THEUSDT
293,2025-07-25 16:15:00+00:00,74.05182125422456,5.953482034817189,ASRUSDT
1033,2025-10-10 21:30:00+00:00,74.04494382022473,10.331381024962935,LUNCUSDT
2177,2025-10-08 15:00:00+00:00,74.01244760574113,8.845074337752132,ZECUSDT
178,2025-07-19 14:45:00+00:00,73.98411957029425,6.05326469109732,CKBUSDT
2550,2026-01-25 16:15:00+00:00,73.95392571697226,5.328492173875107,HMSTRUSDT
1949,2025-09-10 14:30:00+00:00,73.9526411657559,13.414165032245304,ACEUSDT
1136,2025-07-08 02:45:00+00:00,73.94539249146757,5.482861484989783,BANANAS31USDT
2588,2026-01-19 06:45:00+00:00,73.91304347826086,11.280871407663703,ARPAUSDT
1561,2025-12-06 10:15:00+00:00,73.8840579710145,7.4566443585859705,WINUSDT
734,2025-10-08 15:30:00+00:00,73.88089528377301,5.395698766939684,ZENUSDT
1908,2025-11-01 08:45:00+00:00,73.80478087649401,6.002628092824663,MINAUSDT
1902,2025-08-04 18:45:00+00:00,73.79117028731605,5.301110770327655,ILVUSDT
2190,2025-10-09 06:15:00+00:00,73.73211963589077,6.882477882038972,ALICEUSDT
3073,2025-10-24 00:15:00+00:00,73.7117903930131,11.922743078393474,DEGOUSDT
1935,2025-12-29 01:45:00+00:00,73.70242214532874,7.082405059478292,ZBTUSDT
542,2025-09-20 15:00:00+00:00,73.63112391930835,6.45768814277829,THEUSDT
883,2025-04-20 14:45:00+00:00,73.60703812316717,11.840739303328228,ENJUSDT
2471,2025-05-05 14:00:00+00:00,73.6040609137056,9.667459508267786,ALPINEUSDT
1171,2025-11-25 12:45:00+00:00,73.59106997005172,8.991311252268451,BANANAS31USDT
2335,2025-10-10 21:15:00+00:00,73.57142857142858,12.416412313597775,CHRUSDT
2202,2025-10-10 21:15:00+00:00,73.54549975136749,10.225583456714299,CAKEUSDT
2102,2025-11-27 01:30:00+00:00,73.51283656856606,5.016476891230077,TURBOUSDT
2101,2025-11-27 01:00:00+00:00,73.51283656856606,8.206301358778292,TURBOUSDT
344,2026-01-30 18:15:00+00:00,73.50859453993934,5.892792916430806,ZKPUSDT
2159,2025-10-10 21:15:00+00:00,73.49397590361446,8.377596208409315,XVGUSDT
1801,2025-10-10 22:15:00+00:00,73.4820322180917,6.35787659375886,PLUMEUSDT
2489,2025-08-07 16:00:00+00:00,73.46938775510203,12.345034454796606,ALPINEUSDT
2888,2025-10-10 21:45:00+00:00,73.41040462427743,7.006929722621844,APEUSDT
2300,2025-02-17 04:45:00+00:00,73.39667458432304,10.295953742408184,ARKUSDT
884,2025-04-20 15:00:00+00:00,73.35285505124452,9.895263516350937,ENJUSDT
876,2025-01-04 10:00:00+00:00,73.34851936218678,5.274944381296557,HIVEUSDT
686,2025-10-28 09:00:00+00:00,73.33333333333334,6.348808078610684,PHBUSDT
36,2025-12-06 20:00:00+00:00,73.25826882477129,12.241531110936162,MDTUSDT
27,2025-08-14 23:15:00+00:00,73.22138753866547,6.108344704198954,MDTUSDT
3082,2025-07-23 13:30:00+00:00,73.1757687012391,7.698145007872865,NEWTUSDT
2688,2025-03-20 21:45:00+00:00,73.1230716489544,20.19174397213724,FARMUSDT
2030,2025-08-27 00:00:00+00:00,73.05893358278767,10.487920673273154,RLCUSDT
934,2025-10-10 21:30:00+00:00,73.04964539007092,6.969915435073782,C98USDT
3018,2025-12-18 17:15:00+00:00,73.01349325337331,5.990909383082909,RESOLVUSDT
1399,2025-11-19 13:00:00+00:00,73.00275482093663,8.636713132993842,NTRNUSDT
1233,2025-12-19 18:15:00+00:00,72.9787234042553,20.69932870696516,SOPHUSDT
2103,2025-11-27 03:30:00+00:00,72.97128589263421,9.066583810156947,TURBOUSDT
19,2025-07-24 20:30:00+00:00,72.88495575221239,8.726722961543762,MDTUSDT
258,2025-04-16 17:30:00+00:00,72.85223367697593,7.931945451892946,TUSDT
152,2025-07-23 14:30:00+00:00,72.82528791962754,5.522226527152544,HYPERUSDT
965,2025-02-26 18:30:00+00:00,72.81896116994453,6.92026296825146,FIOUSDT
1670,2025-11-20 10:30:00+00:00,72.77227722772277,14.380683833177475,XAIUSDT
1858,2025-11-20 07:15:00+00:00,72.77108433734938,5.470439057773934,HFTUSDT
1735,2025-10-26 08:30:00+00:00,72.74725274725276,18.48007337919428,PIVXUSDT
2970,2025-07-11 09:15:00+00:00,72.74256870443074,6.696218758267134,IDEXUSDT
2112,2025-07-25 21:45:00+00:00,72.71111111111112,6.125966269490515,ATMUSDT
460,2025-12-18 13:30:00+00:00,72.62569832402237,10.346927959704534,ANIMEUSDT
1386,2025-10-10 21:15:00+00:00,72.59259259259258,13.943392661584053,GTCUSDT
2549,2026-01-25 16:00:00+00:00,72.57462686567165,9.40300237048036,HMSTRUSDT
363,2025-04-23 13:30:00+00:00,72.57203842049095,5.672606569220577,TRUMPUSDT
661,2025-10-19 13:15:00+00:00,72.55520504731861,10.764132809973663,AUCTIONUSDT
1489,2025-05-21 03:45:00+00:00,72.54788160185721,5.274517380486563,COOKIEUSDT
1940,2025-11-21 13:45:00+00:00,72.53521126760565,8.98294139291005,MMTUSDT
2551,2026-01-25 16:45:00+00:00,72.49417249417249,6.311729868785801,HMSTRUSDT
1304,2025-09-16 13:45:00+00:00,72.43761996161228,5.536271250819457,BROCCOLI714USDT
2783,2025-11-20 07:00:00+00:00,72.41379310344831,21.20935263472721,ALLOUSDT
1189,2025-10-19 08:15:00+00:00,72.38335435056746,12.455285550477823,BIOUSDT
2043,2026-01-07 12:30:00+00:00,72.37977805178792,7.049570168161617,GUNUSDT
1070,2025-11-08 18:00:00+00:00,72.35345581802275,8.305373892090016,LAYERUSDT
484,2025-03-10 08:45:00+00:00,72.29206963249514,5.2632331092596125,VICUSDT
1337,2025-12-31 20:00:00+00:00,72.24674346000646,5.546293628022864,BROCCOLI714USDT
78,2025-10-10 21:15:00+00:00,72.21584385763491,9.180552992017802,CRVUSDT
2016,2025-12-30 21:15:00+00:00,72.20077220077219,7.944316492827527,RADUSDT
773,2025-09-17 09:45:00+00:00,72.19057483169344,6.185832756411201,TWTUSDT
1024,2025-11-11 06:00:00+00:00,72.15686274509802,8.465665912642129,LSKUSDT
17,2025-07-24 20:00:00+00:00,72.15368346845258,35.53778646258257,MDTUSDT
1750,2025-11-08 00:00:00+00:00,72.1453287197232,7.076582109852996,0GUSDT
1937,2025-10-10 21:15:00+00:00,72.11796246648794,11.561819192055736,XVSUSDT
731,2025-10-10 21:15:00+00:00,72.11314905709119,6.333585709367704,PENGUUSDT
2585,2026-01-18 20:45:00+00:00,72.106824925816,7.793024984670904,ARPAUSDT
1351,2025-10-10 21:30:00+00:00,72.0958819913952,9.108460235707353,CVXUSDT
2031,2025-08-27 00:15:00+00:00,72.09302325581397,10.506441682259778,RLCUSDT
2415,2025-04-24 00:30:00+00:00,72.06798268763856,12.23181386640913,ARDRUSDT
88,2025-02-03 02:00:00+00:00,72.04301075268818,8.236114326794981,ETHFIUSDT
1254,2025-10-10 21:15:00+00:00,71.96969696969697,19.409322623294464,AUDIOUSDT
294,2025-07-25 16:30:00+00:00,71.95845697329378,7.492150015926456,ASRUSDT
899,2025-04-16 11:15:00+00:00,71.91056910569107,7.1030835206287515,STRAXUSDT
670,2026-01-25 06:30:00+00:00,71.86311787072242,5.155583851831946,AUCTIONUSDT
807,2025-10-10 21:30:00+00:00,71.86206896551725,5.9451237026806,LUNAUSDT
2548,2025-12-17 22:15:00+00:00,71.82741116751271,16.89059293097754,HMSTRUSDT
1684,2025-10-10 21:15:00+00:00,71.82130584192439,13.430326927643332,MOVRUSDT
203,2025-07-27 11:15:00+00:00,71.81926278240186,5.539474612600996,1000CATUSDT
2980,2025-07-24 20:15:00+00:00,71.80176719170188,34.748258327148804,IDEXUSDT
2222,2025-11-21 16:30:00+00:00,71.77280550774525,6.4161997470925956,GPSUSDT
660,2025-10-19 13:00:00+00:00,71.74254317111459,11.985500213785052,AUCTIONUSDT
2328,2025-11-06 12:15:00+00:00,71.72413793103449,8.504601067667954,LUMIAUSDT
936,2026-01-30 01:30:00+00:00,71.65775401069516,9.899594467828246,C98USDT
167,2025-05-05 10:15:00+00:00,71.61794295182861,7.063228471326933,KAITOUSDT
1269,2025-11-02 13:15:00+00:00,71.60120845921452,14.835107167440965,DGBUSDT
2971,2025-07-11 17:15:00+00:00,71.58774373259054,7.693165697566947,IDEXUSDT
1400,2025-11-19 14:45:00+00:00,71.5846994535519,7.937188233433508,NTRNUSDT
2923,2025-08-16 08:30:00+00:00,71.57001414427158,13.845171556173616,CTSIUSDT
2543,2025-11-03 15:15:00+00:00,71.55172413793103,9.061246871613909,HMSTRUSDT
1857,2025-11-20 07:00:00+00:00,71.53110047846891,6.873383824427934,HFTUSDT
201,2025-05-09 04:15:00+00:00,71.51979565772668,7.113075257865937,1000CATUSDT
1498,2025-07-01 08:00:00+00:00,71.51582454192116,8.74038740391436,AWEUSDT
772,2025-11-04 20:15:00+00:00,71.49758454106279,5.852002992382654,PORTALUSDT
2662,2025-07-20 06:30:00+00:00,71.46776406035664,5.114540181457419,CFXUSDT
1736,2025-10-26 08:45:00+00:00,71.42857142857142,6.322551149661519,PIVXUSDT
1499,2025-07-02 04:00:00+00:00,71.38894026262253,5.431418338106028,AWEUSDT
1448,2025-05-15 06:00:00+00:00,71.33891213389121,5.665032876799493,ACMUSDT
2646,2025-10-12 18:00:00+00:00,71.31474103585657,7.130292027083346,SNXUSDT
1841,2025-10-26 20:30:00+00:00,71.31474103585657,5.136770336331704,DIAUSDT
1188,2025-10-18 16:30:00+00:00,71.3032581453634,13.027335827037572,BIOUSDT
2914,2025-10-24 12:30:00+00:00,71.27845884413311,6.246160509651353,AIXBTUSDT
1488,2025-05-21 03:30:00+00:00,71.25576036866359,5.446437741198993,COOKIEUSDT
1850,2025-06-30 17:00:00+00:00,71.22448979591836,5.321249604804821,HFTUSDT
2273,2025-04-06 05:15:00+00:00,71.2237583205325,5.349931536907509,FORTHUSDT
2271,2025-04-05 12:15:00+00:00,71.2237583205325,6.09452022445157,FORTHUSDT
259,2025-04-17 00:00:00+00:00,71.20490129339687,5.831425522198941,TUSDT
2964,2025-10-10 21:15:00+00:00,71.18881118881117,15.774380394052885,GALAUSDT
2104,2025-11-27 04:00:00+00:00,71.1550339715874,7.4943028046795,TURBOUSDT
2100,2025-11-27 00:45:00+00:00,71.1550339715874,10.400557688248494,TURBOUSDT
398,2025-11-08 16:30:00+00:00,71.14427860696517,9.882282044378439,TOWNSUSDT
2270,2025-04-05 08:30:00+00:00,71.13613101330603,8.700211462520322,FORTHUSDT
1671,2025-11-20 11:00:00+00:00,71.078431372549,5.437563332377134,XAIUSDT
1910,2025-11-01 13:30:00+00:00,71.078431372549,6.073796133490097,MINAUSDT
275,2025-05-02 10:00:00+00:00,71.04111986001752,7.036789453457088,ASRUSDT
2746,2026-01-22 13:30:00+00:00,70.98501070663814,6.893472294347831,SOMIUSDT
764,2025-07-11 06:45:00+00:00,70.96774193548387,5.496857072843312,PORTALUSDT
2175,2025-10-07 19:30:00+00:00,70.92092877314087,10.923695383083723,ZECUSDT
2015,2025-12-30 20:15:00+00:00,70.88122605363985,6.312884574646016,RADUSDT
1190,2025-10-19 09:45:00+00:00,70.87499999999997,6.688858630294331,BIOUSDT
946,2025-02-09 21:45:00+00:00,70.86330935251797,5.107863961543347,XNOUSDT
2242,2025-11-03 09:15:00+00:00,70.83333333333333,11.771850814942596,GIGGLEUSDT
1608,2025-02-24 02:15:00+00:00,70.76295864880609,23.065329913503696,COWUSDT
2720,2025-06-18 10:30:00+00:00,70.74261855055175,15.344373976395035,FUNUSDT
2694,2025-11-05 10:30:00+00:00,70.71770334928232,24.131959735199516,FARMUSDT
2512,2025-09-26 18:30:00+00:00,70.68222165863556,5.165147610775915,ALPINEUSDT
155,2025-10-10 21:15:00+00:00,70.65750736015701,12.159686045745735,IOTAUSDT
1402,2025-11-20 07:15:00+00:00,70.65217391304346,7.475574020920135,NTRNUSDT
1384,2025-08-13 13:00:00+00:00,70.625,6.577399022808197,GTCUSDT
2130,2025-07-01 02:00:00+00:00,70.58311575282855,7.4020724676426495,MAVUSDT
2198,2025-02-11 04:45:00+00:00,70.54418372441336,5.6015741832585455,CAKEUSDT
1446,2025-05-14 09:00:00+00:00,70.44745057232049,5.7241306229294215,ACMUSDT
2277,2025-04-06 13:30:00+00:00,70.43832823649336,5.999159988980258,FORTHUSDT
20,2025-07-24 20:45:00+00:00,70.41172365666432,5.396966404613535,MDTUSDT
485,2025-03-10 09:00:00+00:00,70.39693926351028,5.757695910554216,VICUSDT
2183,2025-10-12 14:15:00+00:00,70.39473684210526,6.326910435635621,SYSUSDT
2071,2025-11-27 02:30:00+00:00,70.3862660944206,6.2587872110757745,ORCAUSDT
481,2025-05-08 08:30:00+00:00,70.37552155771904,6.553492503577138,PEOPLEUSDT
974,2025-10-10 21:15:00+00:00,70.35573122529644,12.68964598345215,GLMRUSDT
2400,2025-04-09 01:15:00+00:00,70.34895725789801,8.75185104971281,ARDRUSDT
405,2025-10-10 20:45:00+00:00,70.33840563252328,15.673642925591489,ERAUSDT
751,2025-01-22 22:15:00+00:00,70.33542976939205,10.645025085147473,PONDUSDT
291,2025-07-25 10:45:00+00:00,70.3205381875742,8.144280671132778,ASRUSDT
2785,2025-11-20 08:30:00+00:00,70.31630170316305,11.248172851893543,ALLOUSDT
2792,2025-01-17 06:45:00+00:00,70.25416514654019,10.004095285222233,SPELLUSDT
2254,2025-01-30 15:45:00+00:00,70.24340075419954,16.694381103988288,QTUMUSDT
1444,2025-02-14 08:30:00+00:00,70.23346303501945,5.043708033864168,ACMUSDT
2014,2025-12-30 18:45:00+00:00,70.2290076335878,8.004053657198554,RADUSDT
1030,2025-11-29 03:15:00+00:00,70.2127659574468,5.5602451623027305,LSKUSDT
1028,2025-11-29 02:45:00+00:00,70.2127659574468,5.859267749606695,LSKUSDT
2032,2025-08-27 00:30:00+00:00,70.19319227230912,13.038155450916392,RLCUSDT
1497,2025-07-01 04:15:00+00:00,70.16158648549393,6.745611061371969,AWEUSDT
279,2025-05-03 16:00:00+00:00,70.14795474325501,8.415980012039379,ASRUSDT
2546,2025-12-17 14:45:00+00:00,70.10050251256278,10.94668960155599,HMSTRUSDT
2498,2025-08-14 14:45:00+00:00,70.0751879699248,5.329042080735373,ALPINEUSDT
1270,2025-11-02 14:00:00+00:00,70.05988023952096,5.504465013031264,DGBUSDT
1221,2025-10-10 21:15:00+00:00,70.03792667509484,8.01130720302246,MANAUSDT
1092,2025-03-20 09:15:00+00:00,70.02945508100147,19.02514059716054,ACXUSDT
2215,2025-11-20 14:30:00+00:00,70.01703577512774,5.3278040470929975,GPSUSDT
2213,2025-11-20 13:45:00+00:00,70.01703577512774,5.303695311633268,GPSUSDT
2782,2025-11-20 06:45:00+00:00,70.0060716454159,35.49604966667326,ALLOUSDT
277,2025-05-03 10:15:00+00:00,70.00000000000001,5.9150950272522875,ASRUSDT
1071,2025-11-08 18:45:00+00:00,69.97411561691113,10.495255689167262,LAYERUSDT
1737,2025-10-26 09:00:00+00:00,69.94594594594597,5.587141377423877,PIVXUSDT
1451,2025-06-09 06:15:00+00:00,69.92665036674816,5.495414782757999,ACMUSDT
2379,2025-10-10 21:15:00+00:00,69.90740740740742,22.43821568517012,DODOUSDT
2924,2025-08-16 08:45:00+00:00,69.88795518207283,10.324146973117754,CTSIUSDT
2206,2025-09-07 16:30:00+00:00,69.88416988416988,5.0280856002330605,GPSUSDT
2412,2025-04-16 00:00:00+00:00,69.86152592994841,6.902493017595747,ARDRUSDT
2447,2025-10-01 06:15:00+00:00,69.86062717770034,6.3297206028588,DASHUSDT
2077,2025-02-16 02:45:00+00:00,69.85829184220604,8.65218477539042,GLMUSDT
2645,2025-10-12 17:45:00+00:00,69.84858459512839,8.496865816797861,SNXUSDT
2584,2026-01-18 20:30:00+00:00,69.83894582723278,34.43891619508075,ARPAUSDT
1401,2025-11-20 07:00:00+00:00,69.72972972972973,5.123750205218576,NTRNUSDT
1771,2025-09-23 03:00:00+00:00,69.7163769441903,10.677756421769148,SFPUSDT
1687,2025-10-10 21:15:00+00:00,69.70873786407769,13.975145576698976,MOVEUSDT
276,2025-05-02 11:30:00+00:00,69.70486111111114,8.525694026920522,ASRUSDT
2784,2025-11-20 08:15:00+00:00,69.6969696969697,6.877832812479043,ALLOUSDT
2312,2025-07-12 01:30:00+00:00,69.68325791855203,17.527344935037473,ARKUSDT
1766,2025-10-10 21:15:00+00:00,69.67509025270758,10.891563901171265,MEMEUSDT
3009,2025-11-06 01:30:00+00:00,69.65944272445819,5.180280001225784,RESOLVUSDT
669,2026-01-25 06:15:00+00:00,69.6060037523452,12.829902544286073,AUCTIONUSDT
2076,2025-02-16 02:30:00+00:00,69.59847036328873,5.137747662037745,GLMUSDT
2017,2025-12-31 13:45:00+00:00,69.58174904942966,12.352140638358547,RADUSDT
556,2025-11-06 02:45:00+00:00,69.55322669608384,10.265300950026267,DUSDT
1706,2025-10-10 21:15:00+00:00,69.54022988505749,9.184060147561631,GMXUSDT
1450,2025-06-08 07:45:00+00:00,69.51219512195121,10.646170150866547,ACMUSDT
3013,2025-11-16 02:15:00+00:00,69.50704225352113,5.758319488509337,RESOLVUSDT
454,2025-11-20 16:15:00+00:00,69.4915254237288,5.438406923697165,ANIMEUSDT
1745,2025-05-07 18:00:00+00:00,69.4915254237288,5.5690365000516815,IOUSDT
2074,2025-02-15 23:30:00+00:00,69.46885747038596,5.209679998505508,GLMUSDT
2004,2025-03-09 06:30:00+00:00,69.46354883081156,22.95414757416076,RADUSDT
2816,2025-03-05 17:00:00+00:00,69.42610462163536,20.356487771072427,REZUSDT
1672,2025-11-20 11:30:00+00:00,69.41747572815532,5.283984675508842,XAIUSDT
2975,2025-07-12 05:45:00+00:00,69.41694169416941,15.676016210234188,IDEXUSDT
2633,2025-09-16 19:30:00+00:00,69.41285681132511,10.127119523428377,TSTUSDT
2075,2025-02-16 02:15:00+00:00,69.40412528647823,8.176864471761379,GLMUSDT
2329,2025-11-06 12:30:00+00:00,69.38775510204083,10.125982540711558,LUMIAUSDT
26,2025-08-14 13:00:00+00:00,69.3304535637149,8.925139325564015,MDTUSDT
856,2026-01-09 09:45:00+00:00,69.31161324224905,5.520347169248994,BIFIUSDT
72,2025-09-18 10:45:00+00:00,69.30648769574945,24.1843901184391,SUNUSDT
1694,2025-11-09 16:45:00+00:00,69.24901185770752,6.930062417669208,COTIUSDT
1192,2025-10-10 21:00:00+00:00,69.2047377326565,14.144569747228589,BELUSDT
2376,2025-02-12 13:30:00+00:00,69.19486581096848,16.102321110371868,DODOUSDT
942,2025-02-09 18:00:00+00:00,69.18967052537843,5.603810313200793,XNOUSDT
483,2025-10-10 21:15:00+00:00,69.17293233082708,9.581484877513722,PEOPLEUSDT
1888,2025-10-10 20:45:00+00:00,69.15832842848735,8.157991058132628,SIGNUSDT
1796,2025-11-23 18:45:00+00:00,69.15688367129135,5.52947561183121,PARTIUSDT
2214,2025-11-20 14:15:00+00:00,69.15254237288136,5.448325420699051,GPSUSDT
888,2025-10-10 21:15:00+00:00,69.09620991253642,16.35312377474717,WIFUSDT
1741,2025-11-03 16:30:00+00:00,69.04196357878067,5.125574635723627,PIVXUSDT
2263,2025-02-02 23:45:00+00:00,69.03914590747333,5.4354178688421495,FORTHUSDT
941,2025-02-09 16:45:00+00:00,69.03914590747328,5.079366556539292,XNOUSDT
2317,2026-01-30 13:30:00+00:00,69.03729401561145,5.168627137312931,ARKUSDT
958,2025-11-04 12:45:00+00:00,69.03485254691688,5.828998736895286,XNOUSDT
1427,2025-03-10 09:15:00+00:00,69.0288713910761,5.749987691376578,IOSTUSDT
171,2025-05-06 17:15:00+00:00,69.02770233568714,5.102506888593481,KAITOUSDT
2129,2025-07-01 01:45:00+00:00,68.96551724137932,7.498409535712023,MAVUSDT
2374,2025-10-10 21:15:00+00:00,68.9285714285714,20.19879486268689,MEUSDT
3012,2025-11-15 09:15:00+00:00,68.9122807017544,5.354581552136728,RESOLVUSDT
1184,2025-08-07 09:45:00+00:00,68.89204545454545,8.337077134269029,BIOUSDT
2898,2025-10-10 21:15:00+00:00,68.89061287820017,13.415819257998942,ZRXUSDT
2913,2025-10-24 09:00:00+00:00,68.86120996441281,5.682377462688633,AIXBTUSDT
2438,2025-11-09 10:45:00+00:00,68.85245901639348,6.530128511976377,UNIUSDT
462,2025-12-19 17:30:00+00:00,68.85245901639345,5.38048713119022,ANIMEUSDT
1061,2025-12-27 07:45:00+00:00,68.82882882882883,6.107028449077148,ONTUSDT
241,2025-10-12 04:00:00+00:00,68.82758620689656,7.115129512636235,BATUSDT
1047,2025-04-16 00:00:00+00:00,68.82160392798691,21.51158601941622,IQUSDT
557,2025-11-06 05:45:00+00:00,68.80834706205381,11.901154393025418,DUSDT
2689,2025-03-21 05:30:00+00:00,68.78342245989305,5.8978220136270805,FARMUSDT
1430,2025-10-10 21:15:00+00:00,68.76190476190477,17.94613865964454,IOSTUSDT
430,2025-03-14 00:45:00+00:00,68.69715603382014,7.277495377647677,REDUSDT
2419,2025-07-22 18:45:00+00:00,68.69300911854106,7.096688108875033,ARDRUSDT
445,2025-11-05 15:30:00+00:00,68.68686868686868,5.7208753855675,PHAUSDT
2234,2025-04-07 06:45:00+00:00,68.68365180467092,7.420463412972439,EDUUSDT
885,2025-04-20 15:30:00+00:00,68.66096866096866,11.160308460140383,ENJUSDT
318,2025-09-24 18:00:00+00:00,68.6368778280543,9.598542414009405,1000SATSUSDT
1562,2025-12-06 14:00:00+00:00,68.60595840359751,5.505697873385559,WINUSDT
1537,2025-08-08 04:45:00+00:00,68.60495436766622,5.394616525540316,HEIUSDT
705,2025-10-10 21:15:00+00:00,68.59861591695503,15.40020823414161,VETUSDT
2847,2025-10-10 21:15:00+00:00,68.59259259259257,10.254370517815488,CYBERUSDT
233,2025-10-10 21:15:00+00:00,68.57142857142856,18.38892781903657,HOTUSDT
2078,2025-02-16 04:00:00+00:00,68.5670847586469,7.498604325643553,GLMUSDT
2985,2025-07-24 22:15:00+00:00,68.50037678975131,5.486190784330782,IDEXUSDT
1952,2025-09-10 21:15:00+00:00,68.43033509700179,13.726811674412719,ACEUSDT
1029,2025-11-29 03:00:00+00:00,68.42105263157893,5.767644352043029,LSKUSDT
1560,2025-12-06 10:00:00+00:00,68.36935166994105,13.435314534516134,WINUSDT
927,2025-10-10 21:15:00+00:00,68.3583512032404,11.172141034717466,BARDUSDT
1483,2025-02-10 02:30:00+00:00,68.33787465940055,32.03382762751748,COOKIEUSDT
1138,2025-07-08 03:15:00+00:00,68.31571994715983,17.831343735337626,BANANAS31USDT
2005,2025-03-09 08:15:00+00:00,68.30601092896175,5.986722335571809,RADUSDT
2019,2025-12-31 20:00:00+00:00,68.30188679245282,14.768220378104674,RADUSDT
2018,2025-12-31 14:15:00+00:00,68.30188679245282,14.48869445775937,RADUSDT
606,2025-07-08 13:45:00+00:00,68.30188679245282,25.177891967524467,MAGICUSDT
1920,2025-11-05 11:45:00+00:00,68.25249477837083,5.1495156934140685,MITOUSDT
2445,2025-10-01 05:30:00+00:00,68.24849007765314,6.570756411364251,DASHUSDT
771,2025-11-03 15:30:00+00:00,68.2464454976303,9.995171939938434,PORTALUSDT
461,2025-12-19 15:15:00+00:00,68.23956442831216,8.156723849961386,ANIMEUSDT
194,2025-10-10 21:15:00+00:00,68.236582694414,19.257367121176337,TKOUSDT
1088,2026-01-23 02:00:00+00:00,68.22916666666667,14.027364876748617,KAIAUSDT
1306,2025-09-16 17:15:00+00:00,68.17671284163234,21.88307438981728,BROCCOLI714USDT
2176,2025-10-07 19:45:00+00:00,68.16392683491547,6.610412761399189,ZECUSDT
397,2025-11-08 01:00:00+00:00,68.13294232649072,13.511239192463446,TOWNSUSDT
1966,2025-04-19 18:15:00+00:00,68.12800000000001,8.370503420481773,PIXELUSDT
289,2025-07-25 08:15:00+00:00,68.10990840965863,6.489080913047645,ASRUSDT
1799,2025-10-10 21:45:00+00:00,68.09605488850774,5.62191338494792,PLUMEUSDT
913,2025-01-27 01:15:00+00:00,68.09506661865323,9.28526662575196,ACHUSDT
1806,2025-07-18 05:45:00+00:00,68.06304437992534,6.100458843967345,XTZUSDT
937,2026-01-30 15:15:00+00:00,68.06282722513089,10.946680580893423,C98USDT
1271,2025-11-02 14:30:00+00:00,68.0473372781065,5.437878849084125,DGBUSDT
287,2025-07-25 07:45:00+00:00,68.03995006242198,9.092453075254967,ASRUSDT
1447,2025-05-14 19:30:00+00:00,68.0,6.54999393129815,ACMUSDT
2371,2025-02-07 13:30:00+00:00,67.97583081570997,5.680608275098562,MEUSDT
2862,2025-12-03 05:45:00+00:00,67.88916055419722,5.232353939668307,SAPIENUSDT
2731,2025-07-03 05:45:00+00:00,67.872,5.294611714890206,FUNUSDT
356,2025-10-10 21:30:00+00:00,67.8518203108367,22.405979919903857,FTTUSDT
168,2025-05-05 11:15:00+00:00,67.84350040513947,5.148684791766199,KAITOUSDT
3090,2025-11-01 16:15:00+00:00,67.8404279028304,5.221620646185704,ZKUSDT
25,2025-08-14 12:30:00+00:00,67.73641420624735,18.315635170949477,MDTUSDT
2852,2025-02-27 17:45:00+00:00,67.69647696476966,7.556331147105992,PNUTUSDT
1887,2025-09-23 06:45:00+00:00,67.68103341199851,7.878659979217164,SIGNUSDT
2013,2025-12-30 09:30:00+00:00,67.66917293233081,9.33426390341851,RADUSDT
2266,2025-02-04 05:00:00+00:00,67.64705882352942,8.482065580073773,FORTHUSDT
1063,2025-12-27 09:30:00+00:00,67.6207513416816,18.746307059138285,ONTUSDT
1939,2025-11-21 13:30:00+00:00,67.59950248756219,13.465771648603743,MMTUSDT
2267,2025-02-04 05:15:00+00:00,67.54850088183422,7.8072823600575605,FORTHUSDT
2288,2025-04-08 15:00:00+00:00,67.54601226993866,11.533835700353183,FORTHUSDT
270,2025-10-10 21:15:00+00:00,67.54587155963303,6.11323257809882,CUSDT
646,2025-10-10 21:15:00+00:00,67.54530477759471,15.786662479738082,NOTUSDT
416,2025-11-04 20:15:00+00:00,67.47465843984135,11.444012153342753,ERAUSDT
1443,2025-02-13 14:30:00+00:00,67.4641148325359,8.686331327614665,ACMUSDT
744,2025-10-07 13:30:00+00:00,67.44372990353698,6.183055449306269,1000CHEEMSUSDT
696,2025-12-15 18:30:00+00:00,67.44186046511629,14.391072300294475,GHSTUSDT
634,2025-10-08 00:00:00+00:00,67.44027303754268,6.04267919960881,STOUSDT
546,2025-10-10 21:15:00+00:00,67.42627345844502,16.94613377773877,JOEUSDT
2082,2025-11-04 20:15:00+00:00,67.40506329113923,5.1427159060098875,HAEDALUSDT
358,2026-01-02 05:15:00+00:00,67.40088105726873,7.3518806709346345,FTTUSDT
2974,2025-07-12 05:30:00+00:00,67.3913043478261,23.128565704435854,IDEXUSDT
1881,2025-09-22 01:15:00+00:00,67.32771442736738,5.95499929638903,SIGNUSDT
1048,2025-04-16 00:15:00+00:00,67.3154906731549,10.68219898849969,IQUSDT
2,2025-12-14 23:30:00+00:00,67.30415593968372,6.231323547846552,FORMUSDT
1305,2025-09-16 17:00:00+00:00,67.29981378026073,10.755337660728937,BROCCOLI714USDT
787,2025-05-20 06:00:00+00:00,67.29304215337737,7.32957994639551,LISTAUSDT
1222,2025-10-10 21:15:00+00:00,67.2890733056708,7.382351733102209,SOPHUSDT
2275,2025-04-06 06:45:00+00:00,67.28364182091045,6.892965395343002,FORTHUSDT
376,2025-11-06 12:15:00+00:00,67.19160104986877,5.793208067709,NEARUSDT
458,2025-11-21 17:15:00+00:00,67.17325227963525,18.159966432936976,ANIMEUSDT
1968,2025-04-19 18:45:00+00:00,67.16512885777921,8.300838280148637,PIXELUSDT
1449,2025-05-16 08:15:00+00:00,67.14285714285712,22.96088557766828,ACMUSDT
1001,2025-04-20 03:15:00+00:00,67.1309192200557,9.039813258387618,NKNUSDT
1627,2025-10-10 21:15:00+00:00,67.08144796380091,11.485172308164987,EIGENUSDT
710,2025-08-07 18:45:00+00:00,67.07902779799156,7.53096199611146,A2ZUSDT
1776,2025-05-04 17:45:00+00:00,67.07616707616711,6.330600543641481,PARTIUSDT
1369,2025-07-11 04:15:00+00:00,67.0609107037256,10.082981027160956,ALTUSDT
1726,2025-10-09 13:45:00+00:00,67.00404858299595,9.593993519669601,PIVXUSDT
2661,2025-07-20 06:15:00+00:00,67.00066800267201,10.50335037857572,CFXUSDT
244,2025-10-10 21:30:00+00:00,67.00000000000001,6.386724452363017,ORDIUSDT
1049,2025-04-16 00:30:00+00:00,66.99946033459254,6.50416317966989,IQUSDT
1084,2026-01-22 14:00:00+00:00,66.98656429942417,5.832028045057653,KAIAUSDT
2336,2025-10-10 21:15:00+00:00,66.98564593301437,11.40562830501605,SXTUSDT
1785,2025-11-11 09:45:00+00:00,66.95278969957081,7.651325506951652,PARTIUSDT
357,2026-01-02 05:00:00+00:00,66.9456066945607,5.922765288546822,FTTUSDT
2863,2025-12-03 06:15:00+00:00,66.93679092382496,5.495905287692066,SAPIENUSDT
2794,2025-01-17 07:15:00+00:00,66.92500298080364,6.575495940077177,SPELLUSDT
2315,2025-07-12 05:30:00+00:00,66.88918558077437,5.691057916643166,ARKUSDT
2418,2025-07-22 00:00:00+00:00,66.88383281547561,18.51595345760676,ARDRUSDT
1657,2025-10-01 14:45:00+00:00,66.8796592119276,5.571674205792287,HOOKUSDT
1006,2026-01-13 00:30:00+00:00,66.85912240184757,13.41417114636555,币安人生USDT
918,2025-10-24 06:00:00+00:00,66.8266922707633,17.374342878199506,VIRTUALUSDT
1300,2025-10-10 21:15:00+00:00,66.76593210244192,15.693553878421776,AAVEUSDT
1861,2025-11-20 22:30:00+00:00,66.74418604651164,5.358405329997533,HFTUSDT
1073,2025-11-08 19:15:00+00:00,66.73719847651292,5.361350644652321,LAYERUSDT
1545,2025-10-15 01:15:00+00:00,66.73040152963672,10.566189534133349,HEIUSDT
2934,2025-11-20 10:00:00+00:00,66.6666666666667,6.374450722532152,CTSIUSDT
2617,2025-02-21 09:45:00+00:00,66.66666666666666,5.446862559386549,TSTUSDT
2318,2026-01-30 14:30:00+00:00,66.65241556220607,5.1035079979739555,ARKUSDT
537,2025-07-15 04:45:00+00:00,66.622586617297,5.029118687573827,THEUSDT
2925,2025-08-16 09:00:00+00:00,66.62087912087912,9.732703814800482,CTSIUSDT
1852,2025-08-09 02:00:00+00:00,66.58476658476657,5.128296498265615,HFTUSDT
1403,2025-11-20 08:00:00+00:00,66.57824933687002,7.178775129770991,NTRNUSDT
2695,2025-11-05 10:45:00+00:00,66.57329598506068,12.700542304848224,FARMUSDT
1148,2025-07-28 01:30:00+00:00,66.56384947563232,5.474499951175519,BANANAS31USDT
1538,2025-08-08 06:30:00+00:00,66.5636269963936,5.158132326479627,HEIUSDT
740,2025-10-07 12:00:00+00:00,66.5316045380875,11.512395345853916,1000CHEEMSUSDT
2091,2025-07-13 01:45:00+00:00,66.53139174027216,5.751885601935727,TURBOUSDT
2580,2026-01-25 01:00:00+00:00,66.52789342214822,5.580099272922469,NOMUSDT
281,2025-05-03 17:15:00+00:00,66.52470187393529,17.814897288664724,ASRUSDT
2446,2025-10-01 06:00:00+00:00,66.52433817250211,6.426971441079925,DASHUSDT
2719,2025-06-17 23:00:00+00:00,66.52123327515997,8.173218989926518,FUNUSDT
943,2025-02-09 19:30:00+00:00,66.52059596844873,15.08049914798524,XNOUSDT
924,2025-09-22 06:00:00+00:00,66.51848639271387,5.168327974132715,BARDUSDT
1979,2025-11-07 13:30:00+00:00,66.49782923299567,7.690022450861075,FETUSDT
1878,2025-10-10 23:15:00+00:00,66.49269311064718,5.453341634658591,EPICUSDT
671,2026-01-25 08:45:00+00:00,66.48250460405156,9.087317111349103,AUCTIONUSDT
964,2025-10-10 21:45:00+00:00,66.47681041497148,9.75317361877107,MORPHOUSDT
1807,2025-07-19 05:15:00+00:00,66.47257955314826,16.92345248963448,XTZUSDT
2849,2025-02-21 15:30:00+00:00,66.44474034620507,5.747626978834491,PNUTUSDT
1880,2025-09-22 01:00:00+00:00,66.42011834319528,5.060184230311304,SIGNUSDT
2061,2025-04-11 04:00:00+00:00,66.38935108153079,16.863813030059784,ORCAUSDT
930,2025-09-30 15:00:00+00:00,66.36971046770601,10.15480416154846,C98USDT
2276,2025-04-06 13:15:00+00:00,66.36815920398011,9.369199975387383,FORTHUSDT
2492,2025-08-08 07:15:00+00:00,66.34050880626224,5.222709787184956,ALPINEUSDT
2099,2025-11-26 03:45:00+00:00,66.33399866932801,8.174256936144738,TURBOUSDT
2221,2025-11-21 07:30:00+00:00,66.33333333333331,7.818116433914314,GPSUSDT
395,2025-10-10 22:15:00+00:00,66.28352490421456,10.161132232898103,RAREUSDT
204,2025-07-27 16:00:00+00:00,66.28308400460298,12.129463138584367,1000CATUSDT
2931,2025-11-18 20:45:00+00:00,66.2621359223301,5.573137748494067,CTSIUSDT
1303,2025-05-08 12:30:00+00:00,66.2557238464248,5.228519039156803,BROCCOLI714USDT
1428,2025-03-10 11:30:00+00:00,66.25205350856606,8.511227561036996,IOSTUSDT
1775,2025-05-03 17:00:00+00:00,66.22583926754831,6.645782628630252,PARTIUSDT
1697,2025-12-05 16:00:00+00:00,66.19718309859152,5.038940334995012,HEMIUSDT
122,2025-11-12 11:00:00+00:00,66.18911174785099,11.535364235045204,ALCXUSDT
615,2025-10-10 21:15:00+00:00,66.13418530351439,10.813563565324971,STXUSDT
2983,2025-07-24 21:45:00+00:00,66.1218424962853,8.00438585702667,IDEXUSDT
278,2025-05-03 15:45:00+00:00,66.10025488530162,15.749611799432033,ASRUSDT
1866,2025-10-10 21:15:00+00:00,66.09880749574106,16.277342007646666,LDOUSDT
3010,2025-11-07 10:15:00+00:00,66.0826032540676,5.0511630881735305,RESOLVUSDT
239,2025-10-11 13:30:00+00:00,66.078697421981,9.026906952485543,BATUSDT
2006,2025-03-09 08:30:00+00:00,66.03773584905662,5.468301077813307,RADUSDT
2012,2025-03-10 07:30:00+00:00,66.03773584905662,14.357731642799092,RADUSDT
71,2025-09-18 10:30:00+00:00,66.03773584905659,18.42014521670035,SUNUSDT
966,2025-02-26 22:00:00+00:00,65.95641646489103,5.366823380898167,FIOUSDT
343,2025-12-31 19:00:00+00:00,65.95354523227384,13.583995170772761,MUBARAKUSDT
21,2025-07-24 21:00:00+00:00,65.95310907237513,5.040943230738108,MDTUSDT
1496,2025-07-01 00:15:00+00:00,65.92658907788721,5.700818226180805,AWEUSDT
1089,2026-01-23 03:45:00+00:00,65.92465753424656,5.505005453994678,KAIAUSDT
1984,2025-10-10 22:00:00+00:00,65.91467500558407,5.87997779879019,SSVUSDT
2911,2025-04-22 00:30:00+00:00,65.89524969549328,5.2220015791353696,AIXBTUSDT
1647,2025-07-30 00:30:00+00:00,65.8833287254631,16.05694325968617,QKCUSDT
2157,2025-10-01 11:45:00+00:00,65.86578293289145,12.063925784309943,XVGUSDT
2007,2025-03-09 08:45:00+00:00,65.814266487214,5.18185705919128,RADUSDT
3008,2025-11-06 01:15:00+00:00,65.80937972768533,6.933526353226312,RESOLVUSDT
2552,2026-01-26 09:15:00+00:00,65.7706093189964,10.276105921849426,HMSTRUSDT
1783,2025-11-11 09:15:00+00:00,65.76704545454544,5.057214788722118,PARTIUSDT
1911,2025-11-01 15:30:00+00:00,65.71699905033238,6.449239243181635,MINAUSDT
2732,2025-07-03 06:00:00+00:00,65.71548910182162,5.41684507197686,FUNUSDT
218,2025-07-22 09:30:00+00:00,65.67607726597326,11.684529555375162,SYNUSDT
216,2025-07-21 16:15:00+00:00,65.67607726597326,5.59223308866011,SYNUSDT
2147,2025-11-22 16:00:00+00:00,65.66450290399726,9.191026762424379,MAVUSDT
1246,2025-08-14 00:30:00+00:00,65.63552833078103,5.624554042053998,SKLUSDT
1616,2025-04-29 00:15:00+00:00,65.57981287212927,11.69961316761017,PUNDIXUSDT
262,2025-04-17 19:00:00+00:00,65.56945358788676,8.656320204532268,TUSDT
967,2025-02-27 13:15:00+00:00,65.55555555555557,6.707239060953779,FIOUSDT
2274,2025-04-06 06:30:00+00:00,65.54455445544554,16.701304817504855,FORTHUSDT
558,2025-11-06 06:00:00+00:00,65.53581044695747,22.381061133987963,DUSDT
2607,2025-09-05 02:30:00+00:00,65.53030303030305,10.532291972337342,NMRUSDT
698,2025-12-16 14:00:00+00:00,65.51724137931035,6.346104377148799,GHSTUSDT
697,2025-12-16 07:15:00+00:00,65.51724137931035,9.237095424552674,GHSTUSDT
1500,2025-07-02 08:30:00+00:00,65.51169851759244,5.3628592899389504,AWEUSDT
2218,2025-11-21 05:15:00+00:00,65.50580431177447,5.271347632092194,GPSUSDT
469,2025-04-19 01:30:00+00:00,65.48463356973994,15.274994374095156,HIGHUSDT
1501,2025-07-02 08:45:00+00:00,65.48214285714286,5.824307826843116,AWEUSDT
622,2025-10-04 09:30:00+00:00,65.39753639417691,7.87025874056719,STOUSDT
401,2025-11-09 16:15:00+00:00,65.3846153846154,15.646801803717961,TOWNSUSDT
2632,2025-09-16 19:15:00+00:00,65.38287267784322,15.074298795949664,TSTUSDT
2757,2026-01-24 06:00:00+00:00,65.36509176103084,12.262915362901404,SOMIUSDT
2554,2026-01-26 12:30:00+00:00,65.32618409294014,7.533012127915053,HMSTRUSDT
1842,2025-10-26 20:45:00+00:00,65.25749423520371,18.103823972591783,DIAUSDT
2808,2025-10-11 23:15:00+00:00,65.24520255863541,8.978431887555596,UMAUSDT
1859,2025-11-20 08:00:00+00:00,65.2073732718894,8.07104467227123,HFTUSDT
2737,2025-12-26 06:00:00+00:00,65.16129032258064,10.21090970101621,ATUSDT
609,2025-08-03 16:00:00+00:00,65.1523545706371,11.380280512674045,MAGICUSDT
359,2026-01-02 07:15:00+00:00,65.14900662251657,7.962205983516475,FTTUSDT
261,2025-04-17 14:00:00+00:00,65.13460275771503,10.326976694490064,TUSDT
87,2025-02-03 01:45:00+00:00,65.11867905056761,8.42421868542701,ETHFIUSDT
2810,2025-02-24 22:00:00+00:00,65.11127063890882,11.064990865574638,REZUSDT
3019,2025-12-18 19:30:00+00:00,65.09298998569383,8.52988403243229,RESOLVUSDT
2801,2025-07-20 02:15:00+00:00,65.08828250401284,7.273264737684786,UMAUSDT
1882,2025-09-22 03:15:00+00:00,65.07703595011006,5.13418786415784,SIGNUSDT
415,2025-11-04 18:30:00+00:00,65.07384882710687,5.0035653754954765,ERAUSDT
1710,2025-05-01 07:00:00+00:00,65.05211526670753,8.24500327667033,PIVXUSDT
919,2025-10-24 06:15:00+00:00,65.04393255758727,20.75186856010882,VIRTUALUSDT
1648,2025-07-30 01:45:00+00:00,65.0391968092422,7.537048983991928,QKCUSDT
1770,2025-09-23 00:00:00+00:00,65.03558718861208,9.38944384824745,SFPUSDT
2663,2025-07-20 06:45:00+00:00,65.01650165016501,5.179285032045404,CFXUSDT
1149,2025-07-28 07:00:00+00:00,64.9358582773366,5.746025958787872,BANANAS31USDT
2261,2025-10-10 22:00:00+00:00,64.93055555555556,5.948973735342595,VANAUSDT
2690,2025-03-21 05:45:00+00:00,64.92488569562379,5.876163572561009,FARMUSDT
452,2025-11-20 12:00:00+00:00,64.91754122938531,10.42963415632413,ANIMEUSDT
402,2025-11-09 16:30:00+00:00,64.90891658676894,15.776814514151978,TOWNSUSDT
921,2025-10-24 06:45:00+00:00,64.90686914224699,5.946989257784929,VIRTUALUSDT
1274,2025-11-02 15:15:00+00:00,64.8766328011611,5.363003517682291,DGBUSDT
211,2025-11-07 08:00:00+00:00,64.86486486486487,5.340859278982944,KAVAUSDT
1072,2025-11-08 19:00:00+00:00,64.85355648535567,27.22207682227599,LAYERUSDT
2302,2025-02-17 05:30:00+00:00,64.82275908783019,13.104979514489653,ARKUSDT
1644,2025-07-29 02:45:00+00:00,64.81252575195715,7.451459103890622,QKCUSDT
1580,2025-06-23 04:15:00+00:00,64.68391571085623,12.279375096120974,TUTUSDT
2208,2025-10-10 21:15:00+00:00,64.67153284671532,13.953205771040096,GPSUSDT
226,2026-01-29 06:00:00+00:00,64.64788732394369,7.90122039896945,SYNUSDT
2439,2025-11-09 11:00:00+00:00,64.58932566315119,11.862945804234606,UNIUSDT
1373,2025-11-19 06:00:00+00:00,64.56456456456453,5.268626168066161,DATAUSDT
3071,2025-10-15 03:30:00+00:00,64.54630495790458,7.376903051414363,DEGOUSDT
741,2025-10-07 12:15:00+00:00,64.53162530024021,6.980649536139085,1000CHEEMSUSDT
2113,2025-07-25 22:00:00+00:00,64.52159187129551,19.265635435503814,ATMUSDT
1617,2025-04-29 00:30:00+00:00,64.50704225352113,6.738293104476455,PUNDIXUSDT
2158,2025-10-01 18:30:00+00:00,64.50287592440426,6.2524505271354665,XVGUSDT
2693,2025-11-04 05:45:00+00:00,64.49976947902259,5.546572285993406,FARMUSDT
2853,2025-02-28 01:30:00+00:00,64.48697501329082,5.824083607512402,PNUTUSDT
2008,2025-03-09 09:00:00+00:00,64.48598130841121,19.306654936450077,RADUSDT
920,2025-10-24 06:30:00+00:00,64.4581164221486,9.634617341711685,VIRTUALUSDT
1482,2025-10-10 21:15:00+00:00,64.43980514961727,7.811105212675708,SEIUSDT
3020,2025-12-18 19:45:00+00:00,64.38746438746439,5.684492529061509,RESOLVUSDT
1062,2025-12-27 09:15:00+00:00,64.3859649122807,15.976181204952413,ONTUSDT
862,2025-10-10 21:15:00+00:00,64.37833714721586,16.8787101675318,BERAUSDT
827,2025-10-10 21:30:00+00:00,64.37768240343347,5.234110001869608,USUALUSDT
774,2025-09-18 08:30:00+00:00,64.3598615916955,6.043684203277639,TWTUSDT
414,2025-11-04 05:45:00+00:00,64.3598615916955,7.040059360442667,ERAUSDT
2414,2025-04-24 00:15:00+00:00,64.33108176227442,20.880324807451682,ARDRUSDT
2718,2025-06-17 18:00:00+00:00,64.32626232446965,5.770235383836805,FUNUSDT
635,2025-10-08 00:15:00+00:00,64.30006697923645,6.6435332249830825,STOUSDT
510,2025-05-08 15:30:00+00:00,64.29980276134121,16.333648941290935,VELODROMEUSDT
742,2025-10-07 12:30:00+00:00,64.26858513189448,6.230106610178797,1000CHEEMSUSDT
1309,2025-09-16 18:15:00+00:00,64.24131627056673,6.452796925864349,BROCCOLI714USDT
1301,2025-10-10 21:15:00+00:00,64.22848281209615,8.848677786093589,SKYUSDT
1969,2025-04-20 16:00:00+00:00,64.1875,5.566395372161754,PIXELUSDT
829,2025-11-24 16:00:00+00:00,64.17910447761193,8.752245164753766,USUALUSDT
1912,2025-11-01 15:45:00+00:00,64.15804327375352,5.26489156941369,MINAUSDT
3021,2025-12-18 21:00:00+00:00,64.15362731152206,11.932344742800968,RESOLVUSDT
1955,2025-11-26 15:15:00+00:00,64.1509433962264,5.728785081069387,ACEUSDT
1080,2025-11-21 16:30:00+00:00,64.11764705882355,14.307001667492653,LAYERUSDT
1808,2025-07-19 05:45:00+00:00,64.11694032839408,6.435079385793588,XTZUSDT
18,2025-07-24 20:15:00+00:00,64.05777628485052,17.629671928806733,MDTUSDT
260,2025-04-17 13:45:00+00:00,64.05740378343117,14.63633508279546,TUSDT
1975,2025-11-14 12:45:00+00:00,64.05622489959839,5.813710500880466,STRKUSDT
3024,2026-01-19 00:00:00+00:00,64.0495867768595,22.724135393027357,RESOLVUSDT
2712,2025-04-03 05:45:00+00:00,64.04404404404403,9.48051077117387,FUNUSDT
1053,2025-08-24 06:15:00+00:00,64.0401146131805,8.888028763571608,ONTUSDT
878,2025-10-10 21:15:00+00:00,64.03033586132179,11.199149285253364,HIVEUSDT
2363,2025-10-12 00:15:00+00:00,64.02737047898339,6.94023778280077,OMUSDT
1544,2025-10-10 21:30:00+00:00,64.0248104755341,8.155770549964691,HEIUSDT
1904,2025-08-04 22:30:00+00:00,64.02116402116404,6.957816423475071,ILVUSDT
2033,2025-08-27 07:30:00+00:00,64.00709219858159,7.104990894131796,RLCUSDT
312,2025-12-19 13:30:00+00:00,63.99383191981496,21.25169648787302,ASRUSDT
1772,2025-09-24 10:00:00+00:00,63.977900552486176,7.061517933084844,SFPUSDT
610,2025-08-03 16:15:00+00:00,63.97139713971396,6.073579175291821,MAGICUSDT
2738,2025-12-26 06:15:00+00:00,63.95242451967065,5.617727552327497,ATUSDT
1115,2025-10-10 21:15:00+00:00,63.945086705202336,15.131093607511856,RAYUSDT
1055,2025-08-24 11:15:00+00:00,63.92269148174661,6.512384101913941,ONTUSDT
1042,2025-12-31 16:30:00+00:00,63.91912908242612,17.12475681141355,HOLOUSDT
2337,2026-01-20 13:45:00+00:00,63.90977443609023,5.151810373424171,SXTUSDT
2910,2025-04-21 17:00:00+00:00,63.898916967509024,5.4846198653061515,AIXBTUSDT
470,2025-10-10 21:15:00+00:00,63.84976525821595,20.29673231926603,HIGHUSDT
595,2025-04-20 14:30:00+00:00,63.84241770102537,6.6584037947954595,MAGICUSDT
1490,2025-05-21 05:00:00+00:00,63.80165289256199,6.4671205869626505,COOKIEUSDT
788,2025-05-21 03:45:00+00:00,63.79910492292393,11.163590321883095,LISTAUSDT
2448,2025-10-01 07:15:00+00:00,63.7967240655187,10.096135930360676,DASHUSDT
2717,2025-06-17 17:45:00+00:00,63.78796902918404,6.749287054097137,FUNUSDT
2491,2025-08-08 07:00:00+00:00,63.77649325626202,5.340959410287333,ALPINEUSDT
508,2025-10-10 21:15:00+00:00,63.75892149088027,10.441188108553977,ASTRUSDT
1074,2025-11-08 19:45:00+00:00,63.75727348295928,10.241281114808388,LAYERUSDT
2094,2025-11-26 00:45:00+00:00,63.71971185330716,6.425153863549845,TURBOUSDT
2425,2025-11-04 21:30:00+00:00,63.71597182562343,9.496422253480786,ARDRUSDT
325,2025-10-10 21:30:00+00:00,63.6978579481398,6.11976867883421,1000SATSUSDT
1985,2025-11-04 20:15:00+00:00,63.68794326241136,7.137580740577613,1INCHUSDT
81,2025-08-08 03:45:00+00:00,63.68428353447082,5.903096943688549,OGUSDT
319,2025-09-24 19:00:00+00:00,63.68377710678013,9.894413799684402,1000SATSUSDT
2542,2025-10-10 21:15:00+00:00,63.667820069204176,16.932616086988627,HMSTRUSDT
1886,2025-09-22 06:00:00+00:00,63.65620075160627,6.741438524630611,SIGNUSDT
2793,2025-01-17 07:00:00+00:00,63.64699006428989,17.26334787994327,SPELLUSDT
1645,2025-07-29 07:15:00+00:00,63.64380199099959,8.105467132713544,QKCUSDT
1516,2025-09-27 10:45:00+00:00,63.62608367885414,9.732243560049143,SUPERUSDT
311,2025-12-19 13:15:00+00:00,63.615384615384585,34.88232235262287,ASRUSDT
1405,2025-11-20 09:15:00+00:00,63.54166666666667,8.608685208251107,NTRNUSDT
2461,2025-11-03 16:30:00+00:00,63.52338384388967,5.199514029140826,DASHUSDT
1787,2025-11-11 12:30:00+00:00,63.4453781512605,6.120840899074878,PARTIUSDT
1302,2025-05-08 11:45:00+00:00,63.43490304709141,7.706092774820584,BROCCOLI714USDT
1596,2025-10-04 13:30:00+00:00,63.42482100238662,6.0495995916439735,TUTUSDT
2073,2025-02-14 18:15:00+00:00,63.41193809874726,7.24236464779402,GLMUSDT
2096,2025-11-26 01:15:00+00:00,63.39869281045753,7.340275105073419,TURBOUSDT
928,2026-01-14 18:00:00+00:00,63.39177226176014,39.35507941020278,BARDUSDT
2449,2025-10-01 07:45:00+00:00,63.3850020946795,8.115933923092978,DASHUSDT
607,2025-07-08 14:00:00+00:00,63.369963369963365,25.167396383276063,MAGICUSDT
2258,2025-02-24 03:00:00+00:00,63.35078534031413,5.05182730842837,VANAUSDT
2195,2025-10-13 08:30:00+00:00,63.31603387052718,12.450302455300974,ALICEUSDT
2716,2025-06-17 15:45:00+00:00,63.30166270783848,10.26008767144788,FUNUSDT
1595,2025-10-03 13:30:00+00:00,63.26895565092989,14.799125410405326,TUTUSDT
2590,2026-01-19 09:00:00+00:00,63.26530612244896,5.890452952277388,ARPAUSDT
1079,2025-11-21 16:15:00+00:00,63.231323132313236,38.23318645377765,LAYERUSDT
2714,2025-04-05 04:15:00+00:00,63.2108626198083,5.158804993848608,FUNUSDT
673,2026-01-25 09:15:00+00:00,63.176895306859194,15.613768604112083,AUCTIONUSDT
3070,2025-10-15 03:15:00+00:00,63.17254174397029,13.300050889908167,DEGOUSDT
1307,2025-09-16 17:45:00+00:00,63.16745368688706,5.600261988780868,BROCCOLI714USDT
1976,2025-11-14 13:00:00+00:00,63.16137566137565,5.556942959405823,STRKUSDT
1452,2025-06-10 03:00:00+00:00,63.145539906103274,13.690907396752948,ACMUSDT
1407,2025-11-20 09:45:00+00:00,63.1168831168831,5.179663510726552,NTRNUSDT
2106,2025-11-27 14:45:00+00:00,63.095938787522066,13.395340433465334,TURBOUSDT
188,2025-10-10 21:30:00+00:00,63.07748272098945,6.4446831962191355,CKBUSDT
763,2025-07-11 06:30:00+00:00,63.07692307692307,11.91107460470243,PORTALUSDT
1425,2025-03-08 14:00:00+00:00,63.07550644567219,14.762983018171305,IOSTUSDT
1546,2025-10-15 02:15:00+00:00,63.06685366993923,11.94171209994285,HEIUSDT
1258,2026-01-17 00:45:00+00:00,63.05916305916306,6.496690261751265,AXSUSDT
863,2026-01-13 02:45:00+00:00,63.043478260869556,7.189385520096475,BERAUSDT
1083,2025-10-10 21:30:00+00:00,63.005780346820806,6.950360616329426,KAIAUSDT
2478,2025-07-05 16:30:00+00:00,62.9737609329446,8.321997766336194,ALPINEUSDT
320,2025-09-24 19:15:00+00:00,62.968024050286964,5.279621383990956,1000SATSUSDT
453,2025-11-20 13:30:00+00:00,62.962962962962955,7.374486251204995,ANIMEUSDT
828,2025-11-24 15:45:00+00:00,62.962962962962955,15.315243220489549,USUALUSDT
2009,2025-03-09 09:15:00+00:00,62.962962962962955,5.70030511436578,RADUSDT
366,2025-07-23 13:30:00+00:00,62.95631358467983,5.643322576055578,KERNELUSDT
1442,2025-02-13 08:45:00+00:00,62.942271880819355,5.108751166128825,ACMUSDT
653,2025-10-18 08:30:00+00:00,62.9139072847682,5.8784696605314135,AUCTIONUSDT
1473,2026-01-19 00:45:00+00:00,62.91358024691358,6.3053700772284635,DUSKUSDT
288,2025-07-25 08:00:00+00:00,62.88826139572408,9.467958640527986,ASRUSDT
511,2025-10-10 21:15:00+00:00,62.882096069868986,11.68573893783906,VELODROMEUSDT
770,2025-11-03 15:15:00+00:00,62.844036697247695,5.148431828766313,PORTALUSDT
1765,2025-08-22 20:00:00+00:00,62.84074605451935,7.779275425825926,MEMEUSDT
1547,2025-10-15 17:45:00+00:00,62.83846872082166,13.773671060009505,HEIUSDT
1624,2025-10-10 21:15:00+00:00,62.82608695652174,8.806415634577608,CELRUSDT
428,2025-03-05 08:15:00+00:00,62.773077408763726,11.66525585921364,REDUSDT
2095,2025-11-26 01:00:00+00:00,62.76041666666667,6.516297683198105,TURBOUSDT
2041,2026-01-07 08:00:00+00:00,62.733293196869354,10.925578564864356,GUNUSDT
559,2025-11-06 07:00:00+00:00,62.73160402329274,6.016904821609351,DUSDT
38,2025-12-06 20:45:00+00:00,62.7230667547918,8.158403335613693,MDTUSDT
695,2025-12-15 15:00:00+00:00,62.71186440677965,9.750671851340224,GHSTUSDT
2380,2025-11-24 16:00:00+00:00,62.71186440677965,7.527530498415205,DODOUSDT
1406,2025-11-20 09:30:00+00:00,62.694300518134696,6.614716267318132,NTRNUSDT
1748,2025-11-03 00:30:00+00:00,62.688064192577755,9.576948134156979,0GUSDT
2316,2025-10-10 21:15:00+00:00,62.63430163151611,10.946928504170922,ARKUSDT
1773,2025-09-24 10:30:00+00:00,62.61231645847032,24.20323605275904,SFPUSDT
515,2025-10-10 22:15:00+00:00,62.59625962596258,7.042956844863532,JTOUSDT
2114,2025-07-25 22:15:00+00:00,62.59414225941422,16.748858597986963,ATMUSDT
360,2026-01-02 19:15:00+00:00,62.59168704156479,6.526320856161245,FTTUSDT
1486,2025-04-28 01:30:00+00:00,62.585034013605444,5.063481860308699,COOKIEUSDT
2589,2026-01-19 08:15:00+00:00,62.57883672039242,8.493077364974466,ARPAUSDT
2899,2025-12-28 13:00:00+00:00,62.5399361022364,5.723725355076364,ZRXUSDT
1056,2025-08-24 12:00:00+00:00,62.52661462029809,10.820495433570441,ONTUSDT
1272,2025-11-02 14:45:00+00:00,62.517882689556515,8.36688641753473,DGBUSDT
162,2025-03-21 13:30:00+00:00,62.515413070283586,5.377104443920543,WUSDT
2488,2025-08-07 14:30:00+00:00,62.473794549266245,5.795484912559918,ALPINEUSDT
745,2025-10-27 01:45:00+00:00,62.462760675273074,41.97327766883392,1000CHEEMSUSDT
864,2026-01-13 04:00:00+00:00,62.454873646209386,5.438275961793805,BERAUSDT
446,2025-11-05 18:00:00+00:00,62.45136186770428,8.115279876907511,PHAUSDT
449,2025-11-06 14:30:00+00:00,62.45136186770428,7.62033047723714,PHAUSDT
2301,2025-02-17 05:15:00+00:00,62.43880729862037,16.59471919096863,ARKUSDT
2319,2026-01-31 03:00:00+00:00,62.41666666666666,11.45950858181444,ARKUSDT
1054,2025-08-24 09:45:00+00:00,62.41134751773052,5.147080329972845,ONTUSDT
2262,2025-10-10 22:15:00+00:00,62.39316239316239,5.725706489685579,VANAUSDT
2726,2025-06-19 15:00:00+00:00,62.35271392698471,5.790195791123921,FUNUSDT
476,2026-01-15 18:15:00+00:00,62.34961075725405,9.991086628868757,RONINUSDT
2229,2025-04-06 17:15:00+00:00,62.30847803881514,6.121661292189143,EDUUSDT
2219,2025-11-21 06:15:00+00:00,62.276422764227625,5.464551647057167,GPSUSDT
179,2025-07-20 06:15:00+00:00,62.274014375952966,5.785734629400411,CKBUSDT
891,2025-04-14 14:15:00+00:00,62.25908758233716,5.061036033583431,STRAXUSDT
219,2025-07-22 11:15:00+00:00,62.18181818181818,7.477557645937241,SYNUSDT
1460,2025-11-06 20:15:00+00:00,62.17391304347826,5.799095485267263,DUSKUSDT
2230,2025-04-06 17:30:00+00:00,62.142857142857146,5.380396782052535,EDUUSDT
367,2025-07-23 13:45:00+00:00,62.083333333333314,5.378565254852912,KERNELUSDT
960,2025-11-04 13:45:00+00:00,62.08226221079689,7.6473664623125135,XNOUSDT
1187,2025-10-10 21:15:00+00:00,62.06896551724137,12.22693943589153,BIOUSDT
2724,2025-06-19 11:30:00+00:00,62.0528771384137,6.9685903812539856,FUNUSDT
1913,2025-11-01 16:00:00+00:00,62.02414113277621,7.959166745194406,MINAUSDT
282,2025-05-03 19:15:00+00:00,61.9718309859155,9.137758381777553,ASRUSDT
1646,2025-07-30 00:15:00+00:00,61.96517748684034,26.164683121301962,QKCUSDT
2502,2025-08-15 09:15:00+00:00,61.9463087248322,7.1033258195383775,ALPINEUSDT
2609,2025-09-06 02:45:00+00:00,61.93222782984862,9.689225521687124,NMRUSDT
2988,2025-08-30 04:45:00+00:00,61.904761904761905,6.358071289641787,IDEXUSDT
1445,2025-02-14 13:45:00+00:00,61.887141535615186,19.750376184773824,ACMUSDT
1,2025-10-10 21:45:00+00:00,61.88684923262115,5.139638352362947,FORMUSDT
2416,2025-04-24 00:45:00+00:00,61.88300724997517,7.821295680110626,ARDRUSDT
2321,2026-01-31 06:30:00+00:00,61.87707641196014,7.050994698035336,ARKUSDT
1943,2025-11-29 00:00:00+00:00,61.870503597122315,8.389978034922255,MBLUSDT
35,2025-12-06 19:45:00+00:00,61.86719263642342,29.517218313432426,MDTUSDT
3011,2025-11-08 07:15:00+00:00,61.86440677966103,7.143787269908814,RESOLVUSDT
1615,2025-04-29 00:00:00+00:00,61.862527716186236,38.797908942243204,PUNDIXUSDT
1797,2025-12-02 10:15:00+00:00,61.825318940137365,5.150345278241913,PARTIUSDT
1853,2025-08-09 02:30:00+00:00,61.81384248210024,5.851353117934514,HFTUSDT
694,2025-12-15 14:45:00+00:00,61.79775280898876,10.496285996291178,GHSTUSDT
2473,2025-07-05 11:15:00+00:00,61.79450072358903,12.17950964571693,ALPINEUSDT
2334,2025-10-10 21:30:00+00:00,61.79337231968813,8.768341077462596,OSMOUSDT
413,2025-11-04 05:30:00+00:00,61.77096636866752,5.0185594525491055,ERAUSDT
2105,2025-11-27 14:30:00+00:00,61.76298890834795,8.507872563224362,TURBOUSDT
2493,2025-08-08 08:30:00+00:00,61.750713606089434,7.553972105785835,ALPINEUSDT
1683,2025-10-10 21:15:00+00:00,61.728395061728406,16.231388128402948,VTHOUSDT
1970,2025-04-21 08:00:00+00:00,61.71129578331795,7.916902538839924,PIXELUSDT
786,2025-05-20 05:45:00+00:00,61.70839469808544,6.5242935853847985,LISTAUSDT
2557,2025-10-10 21:30:00+00:00,61.6973125884017,5.925505295714781,RSRUSDT
972,2025-10-10 21:15:00+00:00,61.69088507265521,14.131750205645586,FIOUSDT
2331,2025-11-07 11:30:00+00:00,61.68831168831168,7.477259473321498,LUMIAUSDT
2915,2025-10-24 21:15:00+00:00,61.65289256198348,11.33838526775582,AIXBTUSDT
2916,2025-10-24 21:30:00+00:00,61.65289256198348,6.268718365861518,AIXBTUSDT
1698,2025-12-07 00:45:00+00:00,61.64383561643836,10.608915815891292,HEMIUSDT
43,2025-11-06 04:45:00+00:00,61.636485580147536,6.286051454415144,STORJUSDT
1784,2025-11-11 09:30:00+00:00,61.634349030470915,7.332825368748379,PARTIUSDT
205,2025-07-27 16:15:00+00:00,61.6331096196868,10.44010463758486,1000CATUSDT
563,2025-11-07 04:45:00+00:00,61.6193480546793,7.605204056820565,DUSDT
2875,2025-04-10 13:30:00+00:00,61.612515042117955,5.3230408804346965,SXPUSDT
2451,2025-10-01 08:15:00+00:00,61.55758077879039,6.523340976883336,DASHUSDT
1980,2025-10-10 21:15:00+00:00,61.551064991807756,7.648937394475187,HOMEUSDT
2895,2025-10-10 21:15:00+00:00,61.53846153846152,19.21361959076841,POLYXUSDT
1539,2025-08-08 07:00:00+00:00,61.52885335998002,7.186108196236663,HEIUSDT
1308,2025-09-16 18:00:00+00:00,61.52463142754405,15.17960974532576,BROCCOLI714USDT
161,2025-03-21 12:30:00+00:00,61.51960784313724,5.226639389309964,WUSDT
2440,2025-11-09 11:15:00+00:00,61.5179551513251,7.8097447098941775,UNIUSDT
543,2025-09-21 01:00:00+00:00,61.49207058297967,5.176931123020613,THEUSDT
1404,2025-11-20 09:00:00+00:00,61.43958868894601,8.133445797337918,NTRNUSDT
1374,2025-11-19 13:00:00+00:00,61.41384388807067,5.637225260967738,DATAUSDT
1597,2025-10-04 14:00:00+00:00,61.383455102521765,7.766663713603858,TUTUSDT
314,2025-12-19 14:00:00+00:00,61.38088012139602,11.950194740944447,ASRUSDT
2450,2025-10-01 08:00:00+00:00,61.357054199420766,5.408130204463893,DASHUSDT
662,2025-10-19 14:30:00+00:00,61.35693215339231,14.551882596218102,AUCTIONUSDT
782,2025-04-11 12:15:00+00:00,61.35303265940901,5.993355251212622,LISTAUSDT
107,2025-11-03 15:45:00+00:00,61.33540372670807,7.775058169555069,ALCXUSDT
2469,2025-05-04 09:00:00+00:00,61.32075471698115,7.089160426970231,ALPINEUSDT
2233,2025-04-07 06:30:00+00:00,61.31979695431473,5.030289160810211,EDUUSDT
1491,2025-05-21 05:15:00+00:00,61.31307650569724,6.9615112784155775,COOKIEUSDT
3,2025-12-15 01:15:00+00:00,61.312056737588684,22.212204547831135,FORMUSDT
2926,2025-08-16 09:15:00+00:00,61.303191489361694,12.248006128983892,CTSIUSDT
2696,2025-11-05 11:00:00+00:00,61.3019891500904,8.656434748075515,FARMUSDT
2141,2025-11-21 20:00:00+00:00,61.25706684403058,17.357302105919892,MAVUSDT
447,2025-11-05 19:15:00+00:00,61.196911196911216,5.280470725171166,PHAUSDT
1260,2025-11-01 05:15:00+00:00,61.12956810631229,7.05963495083097,DGBUSDT
42,2025-11-06 04:00:00+00:00,61.09625668449197,6.157178700523852,STORJUSDT
2475,2025-07-05 12:00:00+00:00,61.095100864553345,9.314832764798435,ALPINEUSDT
108,2025-11-03 16:00:00+00:00,61.08527131782946,7.098575573172961,ALCXUSDT
2322,2026-01-31 06:45:00+00:00,61.074380165289256,6.82928999392255,ARKUSDT
1649,2025-07-30 02:00:00+00:00,61.073825503355714,6.933703839473842,QKCUSDT
1967,2025-04-19 18:30:00+00:00,61.0668301655426,22.603574464542078,PIXELUSDT
2290,2025-10-10 21:15:00+00:00,61.03059581320451,10.575190587940678,APTUSDT
980,2025-12-06 19:45:00+00:00,61.029411764705884,15.396152345655711,GLMRUSDT
2020,2025-12-31 20:15:00+00:00,61.010830324909726,24.371299109322,RADUSDT
1598,2025-10-04 15:00:00+00:00,61.00399717846226,6.131196391283422,TUTUSDT
2260,2025-10-10 21:45:00+00:00,60.948750529436666,6.314613717696979,VANAUSDT
463,2025-12-20 00:00:00+00:00,60.9375,21.358753150748342,ANIMEUSDT
2426,2025-11-05 14:30:00+00:00,60.92814371257482,5.123650602312601,ARDRUSDT
3002,2025-11-03 15:30:00+00:00,60.91954022988509,9.02653356571904,RESOLVUSDT
1576,2025-11-08 15:00:00+00:00,60.9071274298056,8.268999001910334,PYRUSDT
693,2025-12-14 22:30:00+00:00,60.89385474860334,9.002602958261173,GHSTUSDT
1620,2025-04-29 01:15:00+00:00,60.88154269972452,5.177998447047145,PUNDIXUSDT
1220,2025-10-10 21:15:00+00:00,60.87545126353788,11.167141448388385,ICPUSDT
2483,2025-07-06 20:15:00+00:00,60.863309352518,7.314314499135321,ALPINEUSDT
2474,2025-07-05 11:45:00+00:00,60.863309352518,7.983847908323635,ALPINEUSDT
2477,2025-07-05 15:30:00+00:00,60.863309352518,11.536109640105883,ALPINEUSDT
2479,2025-07-05 16:45:00+00:00,60.863309352518,8.157597124717947,ALPINEUSDT
2231,2025-04-06 17:45:00+00:00,60.82995951417005,5.635165440461172,EDUUSDT
3026,2025-05-08 01:30:00+00:00,60.79943899018232,5.037104543476965,DOGSUSDT
2711,2025-04-03 05:30:00+00:00,60.79866192766046,12.211394769379549,FUNUSDT
598,2025-06-15 18:00:00+00:00,60.79646017699114,11.87383782477251,MAGICUSDT
1094,2025-03-21 07:15:00+00:00,60.793871866295255,6.750605657521974,ACXUSDT
2900,2025-12-29 00:15:00+00:00,60.74249605055293,7.2045528335913716,ZRXUSDT
2865,2025-12-03 13:15:00+00:00,60.70038910505835,18.205062437936498,SAPIENUSDT
181,2025-07-20 06:45:00+00:00,60.698878343399464,8.32797725059569,CKBUSDT
1780,2025-05-09 10:30:00+00:00,60.69221260815822,9.925746796667864,PARTIUSDT
631,2025-10-05 23:00:00+00:00,60.67917783735477,8.63791129803342,STOUSDT
916,2025-05-07 10:30:00+00:00,60.67647058823529,8.428682582843358,VIRTUALUSDT
1043,2026-01-01 02:15:00+00:00,60.670731707317046,5.235530210325622,HOLOUSDT
1774,2025-05-03 16:45:00+00:00,60.66863323500491,7.7152365558382066,PARTIUSDT
2228,2025-04-06 17:00:00+00:00,60.667340748230544,9.254726889396526,EDUUSDT
464,2025-12-20 00:15:00+00:00,60.65857885615251,13.936060618294952,ANIMEUSDT
2476,2025-07-05 15:15:00+00:00,60.63218390804601,11.23345151389132,ALPINEUSDT
180,2025-07-20 06:30:00+00:00,60.62958171625701,6.581995293558353,CKBUSDT
945,2025-02-09 20:00:00+00:00,60.608622147083665,19.86799881674606,XNOUSDT
1412,2025-12-26 15:15:00+00:00,60.58091286307052,5.6161740562483615,NTRNUSDT
2092,2025-07-13 12:00:00+00:00,60.51541647491947,5.215218438846534,TURBOUSDT
3022,2025-12-18 22:00:00+00:00,60.50069541029206,7.4578986466413815,RESOLVUSDT
2458,2025-11-01 05:45:00+00:00,60.49014737539329,5.710976896974307,DASHUSDT
3034,2025-03-18 07:00:00+00:00,60.48632218844985,9.938785606870091,DYMUSDT
328,2025-10-16 12:15:00+00:00,60.45858680393073,7.28713422606167,ZKCUSDT
223,2025-10-10 21:15:00+00:00,60.45197740112993,19.751709458201038,SYNUSDT
1060,2025-10-10 21:15:00+00:00,60.403726708074544,16.789656223208382,ONTUSDT
1096,2025-03-21 08:15:00+00:00,60.402917679749926,6.082076601237096,ACXUSDT
1422,2025-05-11 07:30:00+00:00,60.398009950248756,11.766966358078733,CATIUSDT
2428,2025-11-06 01:30:00+00:00,60.38791495710554,7.138268252756471,ARDRUSDT
473,2025-11-08 13:45:00+00:00,60.35714285714284,6.030403736930309,HIGHUSDT
2610,2025-09-06 03:00:00+00:00,60.314061384725214,13.15455303595065,NMRUSDT
2779,2025-10-10 21:15:00+00:00,60.30209140201394,6.860395769981062,API3USDT
1727,2025-10-09 14:15:00+00:00,60.271976687712495,5.662150887740142,PIVXUSDT
562,2025-11-06 07:45:00+00:00,60.271115745568316,11.319838711863195,DUSDT
2676,2025-11-09 09:15:00+00:00,60.25641025641026,14.046080022827688,DCRUSDT
2097,2025-11-26 02:30:00+00:00,60.25641025641026,6.940047667530589,TURBOUSDT
1742,2025-01-12 05:00:00+00:00,60.24373013069588,7.622481318077268,PROMUSDT
2795,2025-01-17 13:00:00+00:00,60.23806798672313,9.34928217467982,SPELLUSDT
597,2025-06-15 17:45:00+00:00,60.22927689594355,9.133276876076382,MAGICUSDT
2802,2025-07-20 11:45:00+00:00,60.202492211838,7.052444323036582,UMAUSDT
2608,2025-09-05 07:15:00+00:00,60.19061583577714,5.031638716866401,NMRUSDT
2232,2025-04-06 18:15:00+00:00,60.181451612903246,5.540460175625337,EDUUSDT
2098,2025-11-26 03:30:00+00:00,60.15374759769379,7.767764469341023,TURBOUSDT
378,2025-11-06 13:45:00+00:00,60.13071895424835,9.36531378339447,NEARUSDT
514,2025-10-10 22:00:00+00:00,60.13001083423617,10.23566361904679,JTOUSDT
1527,2025-11-25 14:45:00+00:00,60.126582278481024,11.046219348977914,SUPERUSDT
692,2025-10-10 21:15:00+00:00,60.09852216748768,9.657040274983046,GHSTUSDT
1673,2025-11-20 11:45:00+00:00,60.09174311926606,26.51159382641464,XAIUSDT
2199,2025-02-12 13:30:00+00:00,60.07497656982193,6.041855037431427,CAKEUSDT
2072,2025-10-10 21:15:00+00:00,60.072463768115945,12.783731435519035,POLUSDT
1502,2025-07-02 11:00:00+00:00,60.05181347150259,7.475475069809976,AWEUSDT
2375,2025-02-11 05:00:00+00:00,60.04415011037527,7.627857786510392,DODOUSDT
44,2025-11-06 17:45:00+00:00,60.02656042496679,7.343302206534712,STORJUSDT
1007,2025-08-30 06:45:00+00:00,60.025817555938055,5.93582688405509,DOLOUSDT
743,2025-10-07 13:15:00+00:00,59.9846390168971,7.1148861200115014,1000CHEEMSUSDT
2830,2025-07-10 22:45:00+00:00,59.98233215547704,5.272072851531488,REZUSDT
2191,2025-10-09 15:15:00+00:00,59.961685823754785,9.793000300941879,ALICEUSDT
2809,2025-10-12 12:15:00+00:00,59.95872033023737,7.528367469012755,UMAUSDT
79,2025-08-07 10:00:00+00:00,59.94069471900594,7.326791821743774,OGUSDT
1411,2025-12-26 14:45:00+00:00,59.91735537190082,6.022126154314753,NTRNUSDT
1409,2025-12-25 22:45:00+00:00,59.91735537190082,9.716749954612366,NTRNUSDT
2722,2025-06-18 14:45:00+00:00,59.91620111731844,9.061227429924003,FUNUSDT
982,2025-12-06 20:15:00+00:00,59.85401459854014,9.049191076669267,GLMRUSDT
599,2025-06-15 23:45:00+00:00,59.80650835532102,6.4928140817215185,MAGICUSDT
944,2025-02-09 19:45:00+00:00,59.79814970563497,10.138372156320658,XNOUSDT
39,2025-12-06 21:00:00+00:00,59.76638546398443,16.80639373392066,MDTUSDT
2800,2025-10-10 21:15:00+00:00,59.75924333619949,17.411828648982812,SPELLUSDT
690,2025-10-28 13:15:00+00:00,59.754224270353305,9.619194188639124,PHBUSDT
290,2025-07-25 10:15:00+00:00,59.73101265822787,6.9383068020286744,ASRUSDT
2941,2025-05-07 18:00:00+00:00,59.698113207547166,10.896862208440282,PYTHUSDT
2987,2025-08-30 04:00:00+00:00,59.69490164592533,18.70540516063536,IDEXUSDT
1010,2025-08-30 07:45:00+00:00,59.68226706741091,6.520852283493392,DOLOUSDT
506,2025-07-10 12:15:00+00:00,59.67985502869222,5.7592201305243185,VICUSDT
206,2025-07-27 16:30:00+00:00,59.668508287292795,11.376582533413247,1000CATUSDT
914,2025-01-27 01:30:00+00:00,59.64432284541725,7.655935053567336,ACHUSDT
364,2025-04-23 15:45:00+00:00,59.6248766041461,15.99918239713837,TRUMPUSDT
897,2025-04-16 10:45:00+00:00,59.61502170220796,17.55955455177197,STRAXUSDT
2744,2025-09-04 19:00:00+00:00,59.607438016528945,6.788348477403885,SOMIUSDT
132,2025-10-10 21:15:00+00:00,59.60186361711139,10.605577045157494,HBARUSDT
64,2025-07-23 08:00:00+00:00,59.58095238095238,6.2350769625697655,SAHARAUSDT
1983,2025-10-10 21:45:00+00:00,59.570354457572485,6.688513262577322,SSVUSDT
183,2025-07-20 07:15:00+00:00,59.56307560505461,11.485989094371156,CKBUSDT
2721,2025-06-18 14:30:00+00:00,59.559643255295434,7.569832938024105,FUNUSDT
2320,2026-01-31 05:15:00+00:00,59.557920589439206,5.679485290506361,ARKUSDT
1143,2025-07-08 17:30:00+00:00,59.53648437920096,10.725423073822746,BANANAS31USDT
1375,2025-11-19 13:45:00+00:00,59.534206695778735,6.302215046841603,DATAUSDT
1142,2025-07-08 17:15:00+00:00,59.52790622647597,25.552628959003634,BANANAS31USDT
1144,2025-07-08 18:00:00+00:00,59.52790622647597,5.516195894328825,BANANAS31USDT
780,2025-02-09 08:00:00+00:00,59.50076413652572,11.870597791787151,LISTAUSDT
2902,2025-12-29 00:45:00+00:00,59.48275862068966,11.97536587451175,ZRXUSDT
450,2025-06-07 15:00:00+00:00,59.46817082997582,19.66435740355207,ANIMEUSDT
477,2026-01-16 00:00:00+00:00,59.41626129256428,15.959568107249968,RONINUSDT
765,2025-07-11 08:00:00+00:00,59.39849624060152,8.510761739511992,PORTALUSDT
1034,2025-12-03 14:00:00+00:00,59.38975662913186,5.605520681387654,LUNCUSDT
83,2025-09-07 09:00:00+00:00,59.37437470819715,5.324115240974572,OGUSDT
1135,2025-07-07 13:45:00+00:00,59.37275400196016,6.08992611282854,BANANAS31USDT
1310,2025-09-16 18:30:00+00:00,59.34728627172756,7.817326959809724,BROCCOLI714USDT
2383,2025-11-26 11:00:00+00:00,59.33609958506223,9.23950225499523,DODOUSDT
2382,2025-11-26 09:30:00+00:00,59.33609958506223,9.727128995645474,DODOUSDT
1191,2025-10-19 20:45:00+00:00,59.324009324009296,11.925922656205474,BIOUSDT
2798,2025-01-26 06:00:00+00:00,59.322331460674164,6.215066576268808,SPELLUSDT
441,2025-12-02 08:30:00+00:00,59.27898402294141,7.103684162459887,REDUSDT
2255,2025-01-31 14:00:00+00:00,59.26876202694036,41.108036568881474,QTUMUSDT
82,2025-08-08 05:45:00+00:00,59.26139642238895,5.532062270963048,OGUSDT
1417,2025-12-27 10:45:00+00:00,59.25925925925925,5.229345003448687,NTRNUSDT
1504,2025-07-02 11:45:00+00:00,59.254167382711806,8.087096944027502,AWEUSDT
2869,2025-05-27 03:45:00+00:00,59.210526315789465,6.838488024670174,TRBUSDT
40,2025-10-10 21:15:00+00:00,59.20666013712048,10.298069212692308,AUSDT
2268,2025-02-04 11:00:00+00:00,59.17341524713768,13.592180530957789,FORTHUSDT
1103,2025-06-24 20:45:00+00:00,59.17129863567456,6.487265338394045,DEXEUSDT
2836,2025-07-09 13:30:00+00:00,59.16061339790153,9.366230582292545,CYBERUSDT
1503,2025-07-02 11:15:00+00:00,59.144770736733655,9.683655396011423,AWEUSDT
1095,2025-03-21 08:00:00+00:00,59.13163335630598,7.99365459590037,ACXUSDT
2339,2026-01-20 15:00:00+00:00,59.12408759124088,6.675425631066636,SXTUSDT
923,2025-10-24 09:00:00+00:00,59.1117216117216,5.749723312138235,VIRTUALUSDT
2901,2025-12-29 00:30:00+00:00,59.108678655199355,6.36597238044339,ZRXUSDT
310,2025-12-19 09:30:00+00:00,59.09863945578233,5.366028732256616,ASRUSDT
1863,2025-10-10 21:15:00+00:00,59.0889370932755,16.18429182462852,BIGTIMEUSDT
313,2025-12-19 13:45:00+00:00,59.087509349289434,12.347056219483997,ASRUSDT
263,2025-04-18 01:45:00+00:00,59.07653383934217,13.98832414903292,TUSDT
2692,2025-11-04 05:15:00+00:00,59.07267053053946,7.362338493156364,FARMUSDT
1429,2025-03-10 11:45:00+00:00,59.04804669959589,12.343613557018669,IOSTUSDT
2735,2025-03-02 15:15:00+00:00,59.02260728306486,30.853017192564938,ADAUSDT
961,2025-11-04 16:00:00+00:00,59.01639344262293,6.097932687727841,XNOUSDT
2683,2026-01-13 09:45:00+00:00,58.97720956086716,9.273475887580076,DCRUSDT
1044,2026-01-01 09:30:00+00:00,58.974358974358964,9.477501517973021,HOLOUSDT
394,2025-10-10 22:00:00+00:00,58.974358974358964,10.057531118285494,RAREUSDT
1041,2025-12-31 07:45:00+00:00,58.974358974358964,7.8032569555451055,HOLOUSDT
1540,2025-08-08 09:00:00+00:00,58.94348894348895,6.407057654114774,HEIUSDT
2117,2025-07-27 11:15:00+00:00,58.94039735099339,19.11309064204115,ATMUSDT
1677,2025-12-01 11:30:00+00:00,58.93547427891763,5.447591676331138,CHESSUSDT
1914,2025-11-01 16:15:00+00:00,58.92531876138434,24.003110453444634,MINAUSDT
2441,2025-11-09 12:15:00+00:00,58.90157358839865,5.45333570115596,UNIUSDT
2226,2025-04-06 13:45:00+00:00,58.9,6.367794181174873,EDUUSDT
1273,2025-11-02 15:00:00+00:00,58.88111888111889,16.108742595570643,DGBUSDT
77,2025-10-10 21:30:00+00:00,58.87426236949616,5.997707911334174,RENDERUSDT
2350,2025-01-25 17:30:00+00:00,58.871494818088465,12.68363236453248,OMUSDT
1601,2025-11-19 05:15:00+00:00,58.86699507389164,8.143756448891923,SAGAUSDT
2829,2025-07-10 22:30:00+00:00,58.859649122807014,10.565939830048253,REZUSDT
283,2025-07-24 06:45:00+00:00,58.853681267474364,7.389540961157502,ASRUSDT
2460,2025-11-02 07:00:00+00:00,58.847823784814146,8.405652377138777,DASHUSDT
792,2025-09-20 04:00:00+00:00,58.81513204853677,9.503672678249345,LISTAUSDT
554,2025-07-10 13:45:00+00:00,58.7919841941857,6.123554283468256,DUSDT
131,2025-10-10 22:00:00+00:00,58.776550552251486,6.340609304958771,FLOKIUSDT
738,2025-11-03 15:30:00+00:00,58.760398806121806,5.015316804796972,ZENUSDT
2225,2025-04-06 13:15:00+00:00,58.741258741258775,6.246721749363487,EDUUSDT
755,2025-10-10 21:15:00+00:00,58.737864077669876,10.982453851644433,PONDUSDT
547,2025-10-10 21:15:00+00:00,58.736059479553916,12.203119059245823,ZILUSDT
2555,2026-01-26 20:15:00+00:00,58.73015873015872,5.550928290036341,HMSTRUSDT
1816,2025-10-10 21:30:00+00:00,58.71006630500302,6.789489857247846,AXLUSDT
1653,2026-01-31 00:45:00+00:00,58.68817773075905,5.228867753351571,QKCUSDT
2131,2025-07-26 07:30:00+00:00,58.68263473053892,5.448241573055486,MAVUSDT
746,2025-10-27 02:00:00+00:00,58.68089233753637,12.868957847730254,1000CHEEMSUSDT
2436,2025-10-10 21:15:00+00:00,58.66067203028869,16.01046558387459,UNIUSDT
345,2025-10-10 21:15:00+00:00,58.6206896551724,17.101367057050265,SCRUSDT
1416,2025-12-27 10:15:00+00:00,58.606557377049164,7.7198453397793605,NTRNUSDT
2484,2025-07-07 08:30:00+00:00,58.58156028368797,8.413005847443051,ALPINEUSDT
2307,2025-04-12 00:00:00+00:00,58.56845856845858,5.921907323198161,ARKUSDT
1626,2025-05-08 10:00:00+00:00,58.55039637599093,7.314575742683191,EIGENUSDT
832,2025-05-30 06:45:00+00:00,58.53968253968254,7.547828214149518,BIFIUSDT
2470,2025-05-04 09:30:00+00:00,58.516801853997706,5.164710621549686,ALPINEUSDT
1526,2025-10-10 21:30:00+00:00,58.500286204922716,5.547230392694558,SUPERUSDT
2799,2025-01-26 06:15:00+00:00,58.4737623330132,6.094658369365626,SPELLUSDT
700,2025-04-18 20:00:00+00:00,58.46066779852859,7.509884446528304,WCTUSDT
1370,2025-07-11 05:00:00+00:00,58.44083006169378,10.554347970147253,ALTUSDT
1809,2025-07-19 06:00:00+00:00,58.407421724004635,9.366013168494161,XTZUSDT
2837,2025-07-09 14:00:00+00:00,58.39357429718874,9.305047971671842,CYBERUSDT
106,2025-11-03 15:30:00+00:00,58.38414634146343,6.154824016946309,ALCXUSDT
1945,2025-04-19 17:00:00+00:00,58.365758754863805,6.219790199743241,ACEUSDT
2579,2026-01-25 00:45:00+00:00,58.353127474267616,11.46061839426573,NOMUSDT
887,2025-10-10 21:00:00+00:00,58.33333333333333,14.094772371024005,WIFUSDT
126,2025-11-12 12:00:00+00:00,58.32575068243857,5.102066807017029,ALCXUSDT
672,2026-01-25 09:00:00+00:00,58.3187390542907,8.630699780317384,AUCTIONUSDT
2454,2025-10-08 15:00:00+00:00,58.30650354153253,7.554300729357031,DASHUSDT
561,2025-11-06 07:30:00+00:00,58.29042224510814,11.285958069932295,DUSDT
1065,2025-12-29 00:15:00+00:00,58.27702702702704,6.5134938740229815,ONTUSDT
2838,2025-07-09 15:00:00+00:00,58.26645264847512,7.239494743407875,CYBERUSDT
831,2025-05-30 00:45:00+00:00,58.238276299112776,8.646481163569153,BIFIUSDT
2691,2025-11-04 05:00:00+00:00,58.156028368794345,16.541407179728807,FARMUSDT
448,2025-11-06 14:15:00+00:00,58.143939393939405,14.240698788871441,PHAUSDT
1205,2025-10-16 06:15:00+00:00,58.1400636653024,5.6141706793557145,BELUSDT
2831,2025-07-14 14:30:00+00:00,58.11423390752495,6.185838505707102,REZUSDT
857,2026-01-09 10:00:00+00:00,58.096172718351305,6.9558301820937825,BIFIUSDT
3032,2025-03-17 18:15:00+00:00,58.08383233532935,9.241600095765598,DYMUSDT
947,2025-02-09 22:15:00+00:00,58.06988352745424,9.910532652092002,XNOUSDT
778,2025-02-09 07:30:00+00:00,58.051489146895506,5.486038639457788,LISTAUSDT
1285,2025-03-29 11:15:00+00:00,58.039215686274524,12.034574376107368,MLNUSDT
2384,2025-11-26 11:45:00+00:00,58.02469135802468,8.665019474582927,DODOUSDT
2381,2025-11-25 10:30:00+00:00,58.02469135802468,5.410647690085483,DODOUSDT
370,2026-01-23 19:15:00+00:00,58.013544018058695,6.26995191837762,GUSDT
2240,2025-11-02 14:30:00+00:00,58.00783718872455,10.629670551769797,GIGGLEUSDT
2056,2025-03-21 07:15:00+00:00,57.990580847723706,5.222780351824334,ORCAUSDT
2420,2025-07-23 00:00:00+00:00,57.984628522630246,31.4869018133928,ARDRUSDT
353,2025-09-23 01:30:00+00:00,57.980734056822335,5.341126088116968,FTTUSDT
1262,2025-11-02 06:00:00+00:00,57.98045602605863,7.928763166286134,DGBUSDT
2870,2025-05-27 04:00:00+00:00,57.97222222222223,5.103022534733792,TRBUSDT
2340,2026-01-20 15:15:00+00:00,57.97101449275364,5.51708969724227,SXTUSDT
2338,2026-01-20 14:45:00+00:00,57.97101449275364,6.514697858441054,SXTUSDT
1134,2025-06-23 22:15:00+00:00,57.96647633081599,12.476320925503524,BANANAS31USDT
1410,2025-12-26 14:30:00+00:00,57.95918367346937,5.389123891104496,NTRNUSDT
1415,2025-12-27 09:45:00+00:00,57.95918367346937,5.743478885798592,NTRNUSDT
940,2025-02-08 22:00:00+00:00,57.94481446241675,5.147867172343542,XNOUSDT
1862,2025-11-21 00:00:00+00:00,57.9295154185022,6.060153080824934,HFTUSDT
1009,2025-08-30 07:30:00+00:00,57.91932059447984,5.731321460705271,DOLOUSDT
280,2025-05-03 17:00:00+00:00,57.91599353796446,23.46285225534203,ASRUSDT
1756,2025-12-31 22:30:00+00:00,57.912457912457896,6.282468003779966,QIUSDT
1883,2025-09-22 03:30:00+00:00,57.89473684210527,8.572429197615062,SIGNUSDT
1235,2025-01-24 23:30:00+00:00,57.86877158362111,9.134322826681077,SKLUSDT
2647,2025-07-22 09:15:00+00:00,57.86384976525822,7.497093686383116,SLPUSDT
2919,2025-10-24 22:30:00+00:00,57.73524720893142,6.905984717914863,AIXBTUSDT
1607,2025-02-23 13:45:00+00:00,57.71920387305003,13.029038195927914,COWUSDT
2038,2025-12-13 09:15:00+00:00,57.711757269279396,11.281128036260517,GUNUSDT
195,2025-10-10 21:30:00+00:00,57.70020533880902,16.746903352441233,TKOUSDT
212,2025-11-07 17:15:00+00:00,57.67366720516964,19.028215028380554,KAVAUSDT
552,2025-01-27 00:00:00+00:00,57.6599937765792,5.325280275289984,DUSDT
372,2026-01-24 00:30:00+00:00,57.657657657657644,17.298613196068178,GUSDT
2211,2025-11-03 15:45:00+00:00,57.63546798029555,5.623197163458406,GPSUSDT
1747,2025-11-02 09:30:00+00:00,57.62876579203111,6.873380823181781,0GUSDT
2733,2025-10-10 21:15:00+00:00,57.62052877138413,13.17025263346419,FUNUSDT
1711,2025-05-01 07:15:00+00:00,57.61124121779859,14.721545037399036,PIVXUSDT
915,2025-01-27 01:45:00+00:00,57.596218771100595,5.735575011809669,ACHUSDT
2882,2025-10-10 21:15:00+00:00,57.57719714964371,13.794890238170566,DOTUSDT
688,2025-10-28 12:45:00+00:00,57.57575757575757,5.268887190085042,PHBUSDT
3052,2025-11-20 12:15:00+00:00,57.56302521008403,9.940692876012353,DYMUSDT
981,2025-12-06 20:00:00+00:00,57.55395683453237,33.52008171239466,GLMRUSDT
418,2025-10-10 21:15:00+00:00,57.52808988764044,14.213491043754034,GRTUSDT
429,2025-03-05 08:30:00+00:00,57.52169131125502,5.807824093821749,REDUSDT
1011,2026-01-10 16:15:00+00:00,57.48235294117647,9.222895330824539,DOLOUSDT
1377,2025-11-20 07:30:00+00:00,57.47126436781609,5.529135758741615,DATAUSDT
1493,2025-05-21 05:45:00+00:00,57.468220338983066,6.791867881315783,COOKIEUSDT
2377,2025-02-12 15:15:00+00:00,57.43756786102061,14.881388119612154,DODOUSDT
207,2025-07-27 16:45:00+00:00,57.4074074074074,7.990122280988606,1000CATUSDT
735,2025-10-08 20:00:00+00:00,57.3986975397974,5.046177218081888,ZENUSDT
2591,2026-01-19 09:15:00+00:00,57.39484396200814,8.600681565865619,ARPAUSDT
84,2025-09-07 09:45:00+00:00,57.369599578503696,5.129909137117679,OGUSDT
1385,2025-08-13 14:00:00+00:00,57.34870317002885,32.669204946044346,GTCUSDT
1100,2025-01-29 10:00:00+00:00,57.33626051957557,8.011879787062147,DEXEUSDT
1413,2025-12-27 09:15:00+00:00,57.31707317073169,10.726969997824016,NTRNUSDT
1418,2025-12-27 11:30:00+00:00,57.31707317073169,5.277493114965753,NTRNUSDT
371,2026-01-24 00:15:00+00:00,57.30337078651686,9.104323436287284,GUSDT
1876,2025-10-10 21:00:00+00:00,57.297830374753445,6.0636230252488135,EPICUSDT
2558,2025-10-10 21:45:00+00:00,57.24896836313616,7.160047226855669,RSRUSDT
1619,2025-04-29 01:00:00+00:00,57.24286483575658,5.711074800207933,PUNDIXUSDT
2314,2025-07-12 05:15:00+00:00,57.232704402515736,12.224982632182677,ARKUSDT
1843,2025-10-26 21:00:00+00:00,57.22120658135281,9.758262588707701,DIAUSDT
1261,2025-11-01 10:30:00+00:00,57.212317666126424,8.025438289094545,DGBUSDT
1213,2025-10-10 21:15:00+00:00,57.208872458410355,15.572992902504765,ETCUSDT
377,2025-11-06 13:30:00+00:00,57.20631786771966,8.738750551857176,NEARUSDT
264,2025-04-18 02:00:00+00:00,57.18749999999999,12.547132092661847,TUSDT
182,2025-07-20 07:00:00+00:00,57.17299578059072,11.797762228885468,CKBUSDT
3033,2025-03-18 06:45:00+00:00,57.14285714285714,16.404134301071906,DYMUSDT
1505,2025-07-02 12:00:00+00:00,57.121057985757886,15.23980743000249,AWEUSDT
166,2025-10-10 21:15:00+00:00,57.11687130513867,14.708892957653793,ARBUSDT
2697,2025-11-05 11:15:00+00:00,57.11140466754734,12.370805314456339,FARMUSDT
616,2025-07-10 03:30:00+00:00,57.10455764075066,13.57184653235251,STOUSDT
2132,2025-07-27 06:30:00+00:00,57.10353588820665,10.890900205423094,MAVUSDT
824,2025-12-09 16:00:00+00:00,57.09759188846641,5.758080818361673,LUNAUSDT
163,2025-03-21 18:45:00+00:00,57.0917759237187,6.093165965438996,WUSDT
1113,2025-08-26 15:30:00+00:00,57.082314588427074,8.190383460412741,LPTUSDT
1844,2025-10-26 21:15:00+00:00,57.07762557077625,10.429240285221546,DIAUSDT
2876,2025-04-11 01:15:00+00:00,57.07602339181286,6.064745341083563,SXPUSDT
2877,2025-04-11 01:30:00+00:00,57.07602339181286,5.737420789438507,SXPUSDT
1632,2025-11-09 07:15:00+00:00,57.06806282722514,5.750354576873838,ACTUSDT
1090,2026-01-23 13:15:00+00:00,57.05024311183144,8.109064510446201,KAIAUSDT
756,2025-05-16 09:15:00+00:00,57.0480928689884,5.240827006589206,PORTALUSDT
221,2025-07-22 11:45:00+00:00,57.042253521126774,5.129320475246211,SYNUSDT
220,2025-07-22 11:30:00+00:00,57.042253521126774,9.01010919864897,SYNUSDT
2207,2025-09-07 18:45:00+00:00,57.030692362598145,9.798534995713005,GPSUSDT
1542,2025-08-08 16:45:00+00:00,57.01456310679613,7.335001428184693,HEIUSDT
1658,2025-10-02 03:00:00+00:00,57.014028056112224,10.168071508667797,HOOKUSDT
245,2025-11-07 16:45:00+00:00,57.0023027004396,7.60611711171575,ORDIUSDT
471,2025-11-07 17:00:00+00:00,56.993006993007,5.049020347035937,HIGHUSDT
2917,2025-10-24 22:00:00+00:00,56.98234349919742,5.800090128333765,AIXBTUSDT
1676,2025-12-01 04:30:00+00:00,56.92894891368172,34.59642266644846,CHESSUSDT
354,2025-09-23 14:30:00+00:00,56.90928908804651,5.5694593553857406,FTTUSDT
46,2025-11-06 18:15:00+00:00,56.90104166666667,9.427324883800486,STORJUSDT
2503,2025-08-15 16:30:00+00:00,56.898656898656895,6.438093060235384,ALPINEUSDT
478,2025-05-10 17:45:00+00:00,56.86274509803921,6.7205730786102595,FIDAUSDT
253,2025-12-24 05:30:00+00:00,56.856187290969906,5.686960755700606,BANANAUSDT
1755,2025-12-31 10:15:00+00:00,56.856187290969885,5.130952458141249,QIUSDT
1757,2025-12-31 23:45:00+00:00,56.856187290969885,7.722057014031962,QIUSDT
1360,2025-12-30 07:30:00+00:00,56.845238095238095,17.64956403603304,AMPUSDT
1946,2025-04-19 18:00:00+00:00,56.84007707129093,8.266826933070503,ACEUSDT
2359,2025-07-20 11:15:00+00:00,56.83254344391786,7.747072999671723,OMUSDT
2108,2025-12-02 02:00:00+00:00,56.80699835975944,9.166252295443392,TURBOUSDT
1625,2025-05-08 09:45:00+00:00,56.774916013437824,5.648732987067204,EIGENUSDT
1954,2025-11-26 00:00:00+00:00,56.75675675675676,22.687926610790814,ACEUSDT
2935,2025-11-20 12:00:00+00:00,56.75057208237986,32.86206832260281,CTSIUSDT
1057,2025-08-24 17:45:00+00:00,56.741957563312795,7.160912129747303,ONTUSDT
1652,2026-01-31 00:30:00+00:00,56.739811912225726,7.861112828151227,QKCUSDT
1884,2025-09-22 03:45:00+00:00,56.739811912225726,7.307394114751988,SIGNUSDT
784,2025-05-20 04:15:00+00:00,56.731757451181906,5.145200053376946,LISTAUSDT
1622,2025-05-02 00:00:00+00:00,56.71569809500845,5.018970959021159,PUNDIXUSDT
989,2025-10-10 21:15:00+00:00,56.70696603339089,13.783391509615626,GASUSDT
2227,2025-04-06 14:30:00+00:00,56.7061143984221,5.795824542309399,EDUUSDT
2637,2025-09-26 05:30:00+00:00,56.68316831683167,6.680552380155863,SNXUSDT
1414,2025-12-27 09:30:00+00:00,56.68016194331984,5.925488588897517,NTRNUSDT
3031,2025-03-17 18:00:00+00:00,56.67655786350147,14.072529457007679,DYMUSDT
2366,2025-10-13 11:15:00+00:00,56.67600373482726,5.36983570825459,OMUSDT
877,2025-01-05 00:00:00+00:00,56.6560654248069,18.818990332829085,HIVEUSDT
1185,2025-08-07 10:30:00+00:00,56.65349143610015,6.381357571627076,BIOUSDT
507,2025-07-10 21:45:00+00:00,56.651851851851816,8.295090281174046,VICUSDT
2553,2026-01-26 12:15:00+00:00,56.64690939881456,30.3539681748707,HMSTRUSDT
781,2025-02-09 09:15:00+00:00,56.62831415707854,5.794864221087179,LISTAUSDT
2618,2025-02-21 10:00:00+00:00,56.62650602409636,9.359025401330069,TSTUSDT
2807,2025-10-10 21:30:00+00:00,56.61218424962853,5.182471474167473,UMAUSDT
931,2025-10-01 08:30:00+00:00,56.60377358490567,5.261352792731232,C98USDT
1845,2025-06-28 15:30:00+00:00,56.58627087198516,8.556485491554046,HFTUSDT
1629,2025-10-10 21:30:00+00:00,56.5768621236133,8.331886534917896,CITYUSDT
1630,2025-04-14 18:45:00+00:00,56.56324582338903,8.903826770134184,ACTUSDT
7,2025-03-11 21:30:00+00:00,56.55226209048363,9.174387429079312,MDTUSDT
1058,2025-08-24 18:00:00+00:00,56.52768284347231,5.6042368452841815,ONTUSDT
2360,2025-07-20 11:30:00+00:00,56.523452897122596,16.524149672529802,OMUSDT
2167,2025-10-10 21:45:00+00:00,56.50684931506851,5.32699719439487,INITUSDT
571,2025-09-07 16:15:00+00:00,56.49762282091917,9.805807313368197,AIUSDT
2967,2026-01-19 00:00:00+00:00,56.48854961832062,10.641195633262962,ROSEUSDT
633,2025-10-06 00:00:00+00:00,56.48389904264577,9.081373115104501,STOUSDT
617,2025-07-10 03:45:00+00:00,56.47530040053405,11.792369749536151,STOUSDT
548,2025-10-10 21:15:00+00:00,56.47321428571428,8.844091938161363,XPLUSDT
834,2025-05-30 15:15:00+00:00,56.453634085213025,5.855057690975681,BIFIUSDT
474,2025-11-08 15:15:00+00:00,56.44599303135891,12.026076016826295,HIGHUSDT
2223,2026-01-08 10:15:00+00:00,56.4373897707231,9.715596979606284,GPSUSDT
1650,2025-07-30 02:45:00+00:00,56.43332029722332,9.306834080691688,QKCUSDT
747,2025-10-10 21:15:00+00:00,56.428943258719414,10.611572919817654,CELOUSDT
2165,2025-07-10 07:15:00+00:00,56.421430402460906,5.073700762773276,INITUSDT
1654,2026-01-31 01:30:00+00:00,56.41293013555788,5.528616805517081,QKCUSDT
775,2025-09-18 12:00:00+00:00,56.3969896519285,37.4118637532235,TWTUSDT
2238,2025-05-08 15:30:00+00:00,56.396601010298795,5.119075516556152,NEIROUSDT
2796,2025-01-17 13:15:00+00:00,56.38963360142986,6.695415675839703,SPELLUSDT
596,2025-06-14 14:30:00+00:00,56.36833046471601,14.40044584267302,MAGICUSDT
1376,2025-11-20 07:15:00+00:00,56.348074179743215,5.6865390038328,DATAUSDT
1298,2025-10-19 11:30:00+00:00,56.323930846223824,5.791380881363893,MLNUSDT
1778,2025-05-04 21:15:00+00:00,56.32183908045978,6.50272748784076,PARTIUSDT
9,2025-07-06 12:15:00+00:00,56.3145353455123,5.544808872255619,MDTUSDT
285,2025-07-24 12:45:00+00:00,56.260869565217405,5.454060737547056,ASRUSDT
1173,2025-04-22 02:30:00+00:00,56.25000000000002,6.638987226221944,BIOUSDT
214,2025-11-08 14:15:00+00:00,56.25,11.943050371361997,KAVAUSDT
1875,2025-07-18 18:00:00+00:00,56.236323851203494,6.544443747703528,EPICUSDT
1618,2025-04-29 00:45:00+00:00,56.233279828785435,6.724737944265549,PUNDIXUSDT
1264,2025-11-02 07:30:00+00:00,56.19967793880838,5.827577032772659,DGBUSDT
1008,2025-08-30 07:00:00+00:00,56.194876102477956,6.228235091349613,DOLOUSDT
2781,2025-10-10 21:15:00+00:00,56.161616161616166,13.060264287298802,PEPEUSDT
898,2025-04-16 11:00:00+00:00,56.109265411591004,18.976335271548983,STRAXUSDT
1777,2025-05-04 21:00:00+00:00,56.106519742883386,11.66239625904583,PARTIUSDT
184,2025-07-20 08:15:00+00:00,56.08631887701654,5.203717397552332,CKBUSDT
2864,2025-12-03 13:00:00+00:00,56.08465608465607,9.93313390567482,SAPIENUSDT
1916,2025-11-01 16:45:00+00:00,56.08228980322003,6.031425068381456,MINAUSDT
3072,2025-10-15 04:30:00+00:00,56.07808340727593,7.37624303178464,DEGOUSDT
2966,2025-11-06 15:30:00+00:00,56.05278255880663,6.988789237926688,ROSEUSDT
1830,2025-07-20 17:15:00+00:00,56.03557814485387,11.500703738417725,DIAUSDT
830,2025-11-24 17:00:00+00:00,56.02836879432624,5.300113616737546,USUALUSDT
2308,2025-04-12 00:15:00+00:00,56.01987142022211,9.226628351895227,ARKUSDT
785,2025-05-20 04:45:00+00:00,56.01409159536992,5.895172916699312,LISTAUSDT
303,2025-08-07 16:15:00+00:00,56.0128273650454,5.077790815169818,ASRUSDT
573,2025-09-08 10:45:00+00:00,56.00315955766195,8.061426113282645,AIUSDT
4,2025-12-15 01:30:00+00:00,56.00137174211248,7.736624674656701,FORMUSDT
284,2025-07-24 12:30:00+00:00,55.98958333333335,20.933522568872444,ASRUSDT
1792,2025-11-21 18:30:00+00:00,55.98885793871866,12.045162945846991,PARTIUSDT
75,2025-09-19 14:45:00+00:00,55.987055016181216,11.360808294212854,SUNUSDT
2611,2025-09-06 03:15:00+00:00,55.97222222222222,7.388319928693329,NMRUSDT
789,2025-05-22 02:00:00+00:00,55.96590909090911,7.425136338216383,LISTAUSDT
1176,2025-04-22 08:15:00+00:00,55.9633027522936,6.533367692335796,BIOUSDT
176,2025-09-08 06:00:00+00:00,55.95787362086257,6.849054133142246,KAITOUSDT
128,2025-04-27 06:30:00+00:00,55.948553054662376,6.312870800876881,BMTUSDT
1696,2025-11-09 18:15:00+00:00,55.93590677348872,14.417963177763527,COTIUSDT
2480,2025-07-05 17:30:00+00:00,55.92747559274758,29.883489381987005,ALPINEUSDT
935,2025-10-10 21:45:00+00:00,55.91054313099042,7.013788712126968,C98USDT
1066,2025-12-29 01:45:00+00:00,55.90682196339436,8.894798745043,ONTUSDT
472,2025-11-07 17:15:00+00:00,55.90277777777779,5.340484122321941,HIGHUSDT
369,2026-01-23 16:30:00+00:00,55.90200445434299,5.989768594893014,GUSDT
796,2025-10-07 09:00:00+00:00,55.8904109589041,5.164247011641556,LISTAUSDT
1456,2025-10-10 21:15:00+00:00,55.84795321637426,9.323163654393108,DUSKUSDT
254,2025-12-24 11:15:00+00:00,55.81395348837213,7.1389028489544915,BANANAUSDT
825,2025-07-13 12:15:00+00:00,55.81113801452784,6.800282056182951,USUALUSDT
632,2025-10-05 23:15:00+00:00,55.80589254766031,6.686330906956552,STOUSDT
1439,2025-04-22 06:30:00+00:00,55.803571428571416,6.01296800914349,IMXUSDT
2651,2025-10-10 21:15:00+00:00,55.77777777777779,15.864208450858971,SLPUSDT
2650,2025-07-22 10:00:00+00:00,55.76143601621308,8.451512080670188,SLPUSDT
2521,2025-10-04 16:30:00+00:00,55.75896262395117,5.553939169441402,ALPINEUSDT
2918,2025-10-24 22:15:00+00:00,55.748031496063,6.6599141068831615,AIXBTUSDT
24,2025-08-14 00:00:00+00:00,55.740961462058,5.31304897252388,MDTUSDT
1361,2025-12-31 07:45:00+00:00,55.73286052009458,6.39418576581214,AMPUSDT
2881,2025-12-02 14:30:00+00:00,55.73122529644267,7.170190863733163,SXPUSDT
2341,2026-01-20 15:30:00+00:00,55.714285714285715,8.659017077752791,SXTUSDT
2481,2025-07-05 17:45:00+00:00,55.71030640668526,15.190203154950288,ALPINEUSDT
865,2026-01-13 16:30:00+00:00,55.709342560553644,5.448363171336353,BERAUSDT
968,2025-02-27 13:30:00+00:00,55.70195365742847,33.321261793280975,FIOUSDT
1263,2025-11-02 06:45:00+00:00,55.69823434991974,8.09742977010185,DGBUSDT
197,2025-02-12 13:30:00+00:00,55.6776556776557,8.841414316813406,1000CATUSDT
613,2025-12-08 15:00:00+00:00,55.670103092783485,5.720539584649267,MAGICUSDT
2760,2026-01-27 00:30:00+00:00,55.66873339238263,7.240314087165114,SOMIUSDT
2727,2025-06-19 15:30:00+00:00,55.64814814814814,5.157995118775688,FUNUSDT
8,2025-03-12 12:30:00+00:00,55.64172159751843,5.283387940077641,MDTUSDT
2990,2025-08-30 06:30:00+00:00,55.63380281690142,10.568299582180497,IDEXUSDT
1349,2025-10-10 21:00:00+00:00,55.612244897959194,11.580104426947669,CVXUSDT
1877,2025-10-10 21:15:00+00:00,55.60975609756098,6.727416546070047,EPICUSDT
45,2025-11-06 18:00:00+00:00,55.58424790187215,18.409109313343162,STORJUSDT
1492,2025-05-21 05:30:00+00:00,55.5729984301413,9.486029208476637,COOKIEUSDT
564,2025-11-07 07:30:00+00:00,55.56680161943319,7.925599651938106,DUSDT
482,2025-05-08 20:30:00+00:00,55.55555555555556,8.335546632567038,PEOPLEUSDT
702,2025-11-15 10:00:00+00:00,55.536028119507904,8.80520718986204,WCTUSDT
442,2025-12-02 12:15:00+00:00,55.51999999999999,5.209631557303361,REDUSDT
189,2025-08-21 03:00:00+00:00,55.516431924882646,7.052335845863893,TKOUSDT
2364,2025-10-12 14:45:00+00:00,55.51436515291939,5.236472008568588,OMUSDT
730,2025-07-09 14:30:00+00:00,55.51067907995619,6.960526546035526,PENGUUSDT
2162,2025-07-10 05:30:00+00:00,55.50458715596329,10.82084873262927,INITUSDT
368,2025-10-26 13:15:00+00:00,55.50378567268493,5.306366085812343,KERNELUSDT
2723,2025-06-18 15:00:00+00:00,55.48614883215643,12.823711071113138,FUNUSDT
2943,2025-08-28 13:45:00+00:00,55.47263681592041,45.655233594532476,PYTHUSDT
2871,2025-05-27 04:15:00+00:00,55.46746856205578,5.389910830086395,TRBUSDT
681,2025-11-07 17:15:00+00:00,55.45361875637103,7.822986582936683,FLUXUSDT
177,2025-09-26 12:30:00+00:00,55.42995559144126,6.160079048683077,KAITOUSDT
1419,2025-12-27 12:30:00+00:00,55.42168674698795,7.705919515095011,NTRNUSDT
412,2025-11-03 15:30:00+00:00,55.419222903885476,19.744527589423427,ERAUSDT
1605,2025-10-20 08:15:00+00:00,55.418019480519476,11.076628123633972,AVNTUSDT
1643,2025-10-10 21:15:00+00:00,55.41491884005107,8.726313237124682,SPKUSDT
2526,2025-11-21 07:30:00+00:00,55.40897097625328,10.485960025636846,ENSOUSDT
2494,2025-08-08 21:15:00+00:00,55.393053016453365,8.646843360263787,ALPINEUSDT
125,2025-11-12 11:45:00+00:00,55.35714285714286,7.894000786876171,ALCXUSDT
1150,2025-07-28 11:15:00+00:00,55.35097813578827,5.724144640491631,BANANAS31USDT
567,2025-12-22 10:00:00+00:00,55.34638554216866,22.17560901084712,DUSDT
1031,2025-11-29 05:30:00+00:00,55.339805825242735,7.2345381138422695,LSKUSDT
2210,2025-11-03 15:30:00+00:00,55.33980582524271,12.550800481820904,GPSUSDT
11,2025-07-07 07:00:00+00:00,55.327545382793986,5.660889351660332,MDTUSDT
2002,2025-10-10 21:15:00+00:00,55.32251681836171,12.410440315665031,NXPCUSDT
1921,2025-11-05 16:30:00+00:00,55.3127677806341,6.603728308784201,MITOUSDT
90,2025-05-07 18:00:00+00:00,55.294117647058826,6.712452093337313,ETHFIUSDT
833,2025-05-30 15:00:00+00:00,55.28606965174128,6.6217510298675695,BIFIUSDT
404,2025-10-10 15:30:00+00:00,55.27950310559007,11.663500409463223,ERAUSDT
1363,2025-12-31 08:15:00+00:00,55.27401296405423,9.846190604898444,AMPUSDT
2422,2025-07-23 00:30:00+00:00,55.259231629988825,10.686403233862496,ARDRUSDT
2452,2025-10-01 09:15:00+00:00,55.254777070063696,5.840403639988692,DASHUSDT
352,2025-09-22 06:00:00+00:00,55.23604121734964,9.346839827166251,FTTUSDT
752,2025-08-16 12:15:00+00:00,55.193992490613255,10.327578774122129,PONDUSDT
1275,2025-11-02 16:00:00+00:00,55.19125683060109,5.101006755523608,DGBUSDT
2303,2025-02-17 06:00:00+00:00,55.18707482993197,8.798263820158994,ARKUSDT
2342,2026-01-20 15:45:00+00:00,55.160142348754434,5.317496969758985,SXTUSDT
2345,2026-01-20 17:15:00+00:00,55.160142348754434,6.267537270320121,SXTUSDT
2343,2026-01-20 16:45:00+00:00,55.160142348754434,6.889329935738412,SXTUSDT
317,2025-12-20 16:00:00+00:00,55.14223194748358,5.3537534771704705,ASRUSDT
323,2025-09-26 15:15:00+00:00,55.13626834381551,7.452839321789155,1000SATSUSDT
1529,2025-11-03 15:30:00+00:00,55.13307984790874,7.204413403866133,SCRTUSDT
1175,2025-04-22 08:00:00+00:00,55.1094890510949,6.344740790654753,BIOUSDT
2797,2025-01-17 14:00:00+00:00,55.1074673166408,8.244639172315663,SPELLUSDT
2209,2025-11-03 15:15:00+00:00,55.088852988691414,8.25054860120133,GPSUSDT
1885,2025-09-22 04:00:00+00:00,55.08328546812178,5.141983309150599,SIGNUSDT
85,2025-09-07 14:00:00+00:00,55.08177570093458,13.149820287806401,OGUSDT
2698,2025-11-05 17:45:00+00:00,55.06301607996522,6.19971067247127,FARMUSDT
538,2025-07-15 07:00:00+00:00,55.05783903519568,5.260093736555108,THEUSDT
2994,2025-10-10 21:15:00+00:00,55.05454545454545,13.794540487564637,IDEXUSDT
1099,2025-10-10 21:15:00+00:00,55.054151624548744,11.804695938533456,ACXUSDT
2848,2025-02-20 17:30:00+00:00,55.04322766570604,5.458936602847897,PNUTUSDT
1002,2025-04-20 04:00:00+00:00,55.038759689922486,5.7993687050603695,NKNUSDT
2107,2025-12-02 01:45:00+00:00,55.02702702702702,6.821030966412348,TURBOUSDT
566,2025-12-22 09:45:00+00:00,54.99624342599547,6.096257072693183,DUSDT
932,2025-10-01 14:45:00+00:00,54.9792531120332,5.163205065602712,C98USDT
1128,2025-06-21 07:30:00+00:00,54.97420781134856,11.139167222761818,BANANAS31USDT
2197,2025-02-08 12:30:00+00:00,54.96402877697841,5.191804788241119,CAKEUSDT
1812,2025-07-19 06:45:00+00:00,54.933837429111534,5.254220355702339,XTZUSDT
215,2025-04-23 16:15:00+00:00,54.92405683488484,6.663075697243656,SYNUSDT
1682,2025-04-13 01:15:00+00:00,54.92251595259798,16.642578970583212,VTHOUSDT
2062,2025-04-11 04:30:00+00:00,54.91866769945779,7.760113588813985,ORCAUSDT
175,2025-09-08 05:45:00+00:00,54.916807811098934,15.495284367460979,KAITOUSDT
866,2026-01-13 22:00:00+00:00,54.90533562822721,5.765263964449829,BERAUSDT
1714,2025-10-07 14:00:00+00:00,54.87627365356622,8.711895769308992,PIVXUSDT
2817,2025-03-05 17:15:00+00:00,54.87465181058495,15.173733802041808,REZUSDT
1602,2025-11-19 08:00:00+00:00,54.86194477791118,6.202684542117084,SAGAUSDT
3057,2025-02-14 13:45:00+00:00,54.85553772070626,43.135056670844,JUVUSDT
1753,2025-12-24 14:00:00+00:00,54.850746268656714,5.091346910875544,0GUSDT
2989,2025-08-30 06:15:00+00:00,54.84624367458155,26.104748222529107,IDEXUSDT
1313,2025-09-16 19:30:00+00:00,54.84315753188555,14.2219693232617,BROCCOLI714USDT
1915,2025-11-01 16:30:00+00:00,54.83584738243123,7.960582285815272,MINAUSDT
475,2025-11-08 15:30:00+00:00,54.82758620689656,16.829819230610074,HIGHUSDT
2178,2025-11-05 15:30:00+00:00,54.81473836309216,5.044090571333432,ZECUSDT
570,2025-12-23 13:00:00+00:00,54.76369092273068,5.622105545673423,DUSDT
1541,2025-08-08 09:15:00+00:00,54.760765550239256,12.757623653679717,HEIUSDT
757,2025-05-16 09:30:00+00:00,54.7385620915033,5.923312863575445,PORTALUSDT
2682,2026-01-13 09:15:00+00:00,54.67820443482967,8.794598381205757,DCRUSDT
2332,2025-11-07 15:30:00+00:00,54.658385093167695,5.898118755509053,LUMIAUSDT
2592,2025-03-16 16:00:00+00:00,54.65116279069768,6.7572712894234845,NMRUSDT
102,2025-10-10 21:15:00+00:00,54.64895635673626,11.444571066091267,ALCXUSDT
487,2025-03-11 20:45:00+00:00,54.64697406340058,10.853875150998103,VICUSDT
565,2025-11-07 07:45:00+00:00,54.62776659959761,5.393824826902438,DUSDT
1810,2025-07-19 06:15:00+00:00,54.62206011822413,14.276636062788075,XTZUSDT
619,2025-07-10 04:15:00+00:00,54.61741424802109,8.962065330754504,STOUSDT
2893,2025-08-21 12:45:00+00:00,54.60829493087558,7.572738646217254,BANDUSDT
2636,2025-09-23 00:15:00+00:00,54.58860759493671,8.611289855324825,SNXUSDT
2525,2025-10-28 05:45:00+00:00,54.55049944506105,7.158021709937241,ENSOUSDT
2992,2025-08-31 00:00:00+00:00,54.54545454545456,16.825774222137802,IDEXUSDT
1050,2025-04-16 23:30:00+00:00,54.53183520599252,29.605996010846336,IQUSDT
375,2026-01-24 20:30:00+00:00,54.52538631346577,6.1428524553236885,GUSDT
2929,2025-08-16 10:00:00+00:00,54.522292993630586,5.231829146846251,CTSIUSDT
1712,2025-07-07 07:45:00+00:00,54.50310559006213,6.603040153450515,PIVXUSDT
1680,2025-04-13 00:30:00+00:00,54.49999999999999,10.348259643990293,VTHOUSDT
1355,2026-01-03 16:00:00+00:00,54.493087557603694,8.709843581138585,CVXUSDT
2678,2025-12-24 08:15:00+00:00,54.448871181938905,12.809482303904124,DCRUSDT
1811,2025-07-19 06:30:00+00:00,54.447236180904525,5.1777608846553935,XTZUSDT
1494,2025-05-21 07:00:00+00:00,54.44155844155845,6.420123473098124,COOKIEUSDT
1153,2025-07-28 12:00:00+00:00,54.440154440154444,8.609588100906878,BANANAS31USDT
222,2025-07-22 12:30:00+00:00,54.43213296398892,8.13099611057149,SYNUSDT
870,2025-04-23 20:30:00+00:00,54.43091138177234,6.688217747485478,QUICKUSDT
2034,2025-08-27 22:00:00+00:00,54.42404006677797,8.508772225786592,RLCUSDT
1739,2025-10-26 10:00:00+00:00,54.420432220039295,5.171280333465501,PIVXUSDT
2482,2025-07-05 18:00:00+00:00,54.419889502762445,9.204283717631458,ALPINEUSDT
962,2025-10-10 21:00:00+00:00,54.41509433962264,7.5711370471870385,MORPHOUSDT
614,2025-12-08 21:45:00+00:00,54.39672801635991,6.52483426531015,MAGICUSDT
6,2025-03-11 20:45:00+00:00,54.38461538461541,11.386572216766613,MDTUSDT
1346,2026-01-04 16:00:00+00:00,54.355651547876185,7.8423473710007725,BROCCOLI714USDT
316,2025-12-20 15:45:00+00:00,54.35413642960811,27.173036460046678,ASRUSDT
2468,2026-01-13 10:45:00+00:00,54.34896287258149,5.018633751373017,DASHUSDT
2684,2026-01-13 10:00:00+00:00,54.34430652995144,5.757757726245038,DCRUSDT
23,2025-08-13 09:45:00+00:00,54.33070866141732,5.950018660405876,MDTUSDT
665,2025-10-19 15:15:00+00:00,54.30183356840621,7.917777490326986,AUCTIONUSDT
1758,2026-01-01 00:15:00+00:00,54.27631578947367,15.368751901186053,QIUSDT
1779,2025-05-09 08:30:00+00:00,54.27215189873418,6.5157292201038866,PARTIUSDT
1564,2025-10-10 21:15:00+00:00,54.25185185185186,9.14269547598253,NEOUSDT
2664,2025-10-10 21:15:00+00:00,54.22626788036411,13.922637250301564,CFXUSDT
983,2025-12-06 20:30:00+00:00,54.22535211267605,5.096870347717855,GLMRUSDT
1431,2025-03-01 12:30:00+00:00,54.20645748067303,5.055613186613779,YGGUSDT
1311,2025-09-16 19:00:00+00:00,54.20528664606936,5.914501185107,BROCCOLI714USDT
985,2025-04-09 01:30:00+00:00,54.19780219780221,22.220551751763885,GASUSDT
266,2025-07-09 16:15:00+00:00,54.17690417690417,6.586623239109443,BBUSDT
339,2025-10-10 21:45:00+00:00,54.15831663326654,6.124002524776004,MUBARAKUSDT
988,2025-04-15 00:15:00+00:00,54.148471615720496,5.627257737917329,GASUSDT
2541,2026-01-30 00:15:00+00:00,54.146341463414636,6.0039055379874435,ENSOUSDT
315,2025-12-19 18:45:00+00:00,54.13043478260868,5.46843800212742,ASRUSDT
1767,2025-05-17 01:45:00+00:00,54.121222957268,5.176637823809088,SFPUSDT
2257,2025-10-10 21:15:00+00:00,54.11160058737152,13.823266606206435,QTUMUSDT
1364,2025-12-31 08:45:00+00:00,54.09356725146202,10.4261515294149,AMPUSDT
791,2025-09-19 04:45:00+00:00,54.085872576177294,15.907793464270695,LISTAUSDT
2891,2025-08-20 20:15:00+00:00,54.07577497129736,7.428696774944814,BANDUSDT
2758,2026-01-24 06:15:00+00:00,54.05602037104402,8.908128051034458,SOMIUSDT
2811,2025-02-25 01:00:00+00:00,54.05224380442062,12.751006663293596,REZUSDT
2903,2025-12-29 09:00:00+00:00,54.04996214988644,19.083357826864134,ZRXUSDT
2612,2025-09-06 03:30:00+00:00,54.04663923182442,7.633609771348341,NMRUSDT
2201,2025-03-16 11:15:00+00:00,54.04371584699452,5.269888269989009,CAKEUSDT
733,2025-01-14 10:00:00+00:00,54.01974612129759,5.115203389444281,ZENUSDT
1362,2025-12-31 08:00:00+00:00,54.00350672121568,23.11019223831027,AMPUSDT
2011,2025-03-09 13:00:00+00:00,53.99999999999998,22.160721483596944,RADUSDT
2883,2025-05-07 14:45:00+00:00,53.99853264856933,16.922267343692905,BOMEUSDT
569,2025-12-22 16:30:00+00:00,53.95522388059699,10.673116992990902,DUSDT
1695,2025-11-09 18:00:00+00:00,53.954937679769884,25.143136273787384,COTIUSDT
2991,2025-08-30 23:45:00+00:00,53.94736842105266,18.298578639121146,IDEXUSDT
213,2025-11-07 17:45:00+00:00,53.943217665615165,7.341430597555132,KAVAUSDT
2593,2025-03-17 05:15:00+00:00,53.93518518518518,13.10890584294677,NMRUSDT
2192,2025-10-09 15:30:00+00:00,53.91705069124424,8.260651719003096,ALICEUSDT
1359,2025-12-30 07:15:00+00:00,53.91355140186918,25.221091590385946,AMPUSDT
900,2025-10-10 21:15:00+00:00,53.91304347826089,17.857721232801484,MTLUSDT
396,2025-10-10 22:30:00+00:00,53.900709219858165,7.544253404157494,RAREUSDT
3058,2025-08-09 07:00:00+00:00,53.879686137750646,5.173932539658888,JUVUSDT
2812,2025-02-26 20:00:00+00:00,53.878281622911686,7.236618915601716,REZUSDT
10,2025-07-06 13:15:00+00:00,53.87021110242378,7.078460191757156,MDTUSDT
12,2025-07-07 10:00:00+00:00,53.87021110242378,5.876136755170658,MDTUSDT
123,2025-11-12 11:15:00+00:00,53.84615384615383,16.95535284487503,ALCXUSDT
2850,2025-02-22 08:00:00+00:00,53.84615384615383,5.370661835378751,PNUTUSDT
54,2025-12-27 06:30:00+00:00,53.83275261324043,5.07888622395443,STORJUSDT
224,2025-10-22 21:00:00+00:00,53.825136612021865,9.466361675662215,SYNUSDT
193,2025-08-22 04:00:00+00:00,53.80150899593732,7.192123652830664,TKOUSDT
379,2025-03-07 13:30:00+00:00,53.79999999999998,5.597184422086092,RAREUSDT
5,2025-03-11 13:15:00+00:00,53.799268590004075,6.5775472521881,MDTUSDT
186,2025-07-20 10:00:00+00:00,53.79851362510322,11.53412230585972,CKBUSDT
1127,2025-06-21 04:30:00+00:00,53.78941545270146,21.94309585431785,BANANAS31USDT
1752,2025-11-08 00:30:00+00:00,53.78670788253477,6.250771677689804,0GUSDT
1947,2025-07-10 03:00:00+00:00,53.78486055776892,6.846032820073903,ACEUSDT
1356,2026-01-03 16:15:00+00:00,53.78440366972477,22.9422696304137,CVXUSDT
411,2025-11-03 15:15:00+00:00,53.783893160663695,8.87968974059297,ERAUSDT
307,2025-10-31 07:45:00+00:00,53.77289377289378,11.160861927525588,ASRUSDT
1131,2025-06-21 16:45:00+00:00,53.765507600908634,7.3443048655028536,BANANAS31USDT
1786,2025-11-11 12:15:00+00:00,53.75494071146245,15.918670834254797,PARTIUSDT
174,2025-09-08 05:30:00+00:00,53.73739371168676,13.907674153543244,KAITOUSDT
647,2025-02-14 13:45:00+00:00,53.734177215189845,22.398780990727417,BARUSDT
1039,2025-12-05 15:00:00+00:00,53.71245040619683,5.375086944467538,LUNCUSDT
55,2025-12-27 08:00:00+00:00,53.698868581375116,5.5754859224111275,STORJUSDT
636,2025-10-08 09:15:00+00:00,53.6967418546366,5.3658949460442456,STOUSDT
2133,2025-07-27 07:00:00+00:00,53.686826843413414,8.207626592626731,MAVUSDT
3027,2025-10-10 20:45:00+00:00,53.68421052631578,11.393032035451778,DOGSUSDT
769,2025-11-03 03:30:00+00:00,53.67965367965368,9.630853181521793,PORTALUSDT
663,2025-10-19 14:45:00+00:00,53.65168539325842,20.713010946690755,AUCTIONUSDT
2523,2025-10-28 05:15:00+00:00,53.61279646993935,5.271003892309402,ENSOUSDT
2524,2025-10-28 05:30:00+00:00,53.61279646993935,6.260744689344235,ENSOUSDT
1354,2026-01-02 16:30:00+00:00,53.6082474226804,15.433808592557744,CVXUSDT
1905,2025-08-05 00:45:00+00:00,53.56037151702788,5.188438611770794,ILVUSDT
1986,2025-11-05 12:45:00+00:00,53.55954757152364,7.567560599338626,1INCHUSDT
2739,2025-12-26 08:15:00+00:00,53.55612682090831,5.586224248955667,ATUSDT
1606,2025-10-20 12:30:00+00:00,53.54851643945469,7.291330122288803,AVNTUSDT
2220,2025-11-21 06:30:00+00:00,53.53846153846153,7.716686207038861,GPSUSDT
2039,2025-12-13 09:45:00+00:00,53.53846153846153,7.1738468177121595,GUNUSDT
1321,2025-10-07 08:45:00+00:00,53.50246969016612,17.939667005850048,BROCCOLI714USDT
248,2025-05-07 16:45:00+00:00,53.49770642201834,10.242277601580042,BANANAUSDT
513,2025-10-10 21:30:00+00:00,53.47871235721704,5.952381787898165,JTOUSDT
2839,2025-07-09 15:30:00+00:00,53.46303501945526,14.2011866306676,CYBERUSDT
1534,2025-11-10 14:45:00+00:00,53.43915343915342,5.199209235481846,CVCUSDT
53,2025-12-27 05:30:00+00:00,53.4317984361425,7.409261706168966,STORJUSDT
286,2025-07-24 22:30:00+00:00,53.425229741019194,5.238504174478045,ASRUSDT
2861,2025-11-09 04:00:00+00:00,53.41641598624838,5.678856399782608,SAPIENUSDT
2035,2025-04-04 10:00:00+00:00,53.40934005700506,5.998296732870457,GUNUSDT
2421,2025-07-23 00:15:00+00:00,53.39966832504146,11.542887402936264,ARDRUSDT
1219,2025-10-10 21:15:00+00:00,53.39765100671141,18.588833810656244,COMPUSDT
349,2025-09-17 10:30:00+00:00,53.38790931989923,9.524619934244281,FTTUSDT
86,2025-09-08 04:15:00+00:00,53.385480322659504,7.196921685108458,OGUSDT
2894,2025-08-22 14:15:00+00:00,53.37142857142858,5.091488682061583,BANDUSDT
1210,2025-09-28 00:30:00+00:00,53.32943925233644,8.47714624229362,GNOUSDT
304,2025-10-10 21:15:00+00:00,53.31695331695332,14.520985081427115,ASRUSDT
2424,2025-07-23 01:15:00+00:00,53.31491712707184,5.416536533789716,ARDRUSDT
2184,2025-10-13 02:30:00+00:00,53.30779944289694,5.797810038922665,SYSUSDT
192,2025-08-22 03:45:00+00:00,53.267784846732226,6.98733254506374,TKOUSDT
1352,2026-01-02 09:45:00+00:00,53.257142857142846,6.108414859072974,CVXUSDT
651,2025-03-10 08:45:00+00:00,53.20652173913045,7.369674522430328,AUCTIONUSDT
190,2025-08-22 03:15:00+00:00,53.179190751445105,9.157277739894473,TKOUSDT
374,2026-01-24 14:30:00+00:00,53.17286652078774,14.574098969223137,GUSDT
835,2025-07-26 09:15:00+00:00,53.17286652078774,5.547927507841691,BIFIUSDT
1532,2025-11-09 17:15:00+00:00,53.169014084507026,8.362201036505862,CVCUSDT
1579,2025-06-22 13:30:00+00:00,53.15995525727069,8.817169697344191,TUTUSDT
1174,2025-04-22 03:15:00+00:00,53.15315315315316,7.946505562265763,BIOUSDT
1789,2025-11-12 06:30:00+00:00,53.14960629921259,5.32172168457905,PARTIUSDT
2022,2026-01-30 01:30:00+00:00,53.125,5.273379414312181,RADUSDT
306,2025-10-30 13:30:00+00:00,53.09992706053976,9.040718232952862,ASRUSDT
1208,2026-01-09 00:00:00+00:00,53.09246785058175,5.6950516860309515,GMTUSDT
1353,2026-01-02 10:00:00+00:00,53.082191780821915,7.866154364554487,CVXUSDT
869,2025-04-23 20:15:00+00:00,53.08076602830973,6.8504491718840175,QUICKUSDT
265,2025-04-18 02:30:00+00:00,53.07364576993303,5.697700047042475,TUSDT
2962,2025-11-23 10:15:00+00:00,53.07086614173227,6.399514821885045,TNSRUSDT
2040,2025-12-13 10:00:00+00:00,53.06748466257669,6.934442152259618,GUNUSDT
2044,2026-01-07 16:15:00+00:00,53.03776683087027,7.418371570974244,GUNUSDT
236,2025-05-30 23:15:00+00:00,53.03723056825602,5.114718027775738,SOLVUSDT
2349,2025-01-25 17:15:00+00:00,53.03693488427869,7.503832697990069,OMUSDT
959,2025-11-04 13:30:00+00:00,53.033980582524265,5.792509363070032,XNOUSDT
970,2025-02-27 14:15:00+00:00,52.991071428571445,6.100434981612539,FIOUSDT
948,2025-10-10 21:15:00+00:00,52.989690721649495,18.862554628762858,XNOUSDT
2344,2026-01-20 17:00:00+00:00,52.98245614035086,7.22996732004213,SXTUSDT
250,2025-11-26 17:30:00+00:00,52.97927461139898,5.805532677234906,BANANAUSDT
2884,2025-05-08 15:15:00+00:00,52.971576227390194,5.165101300661488,BOMEUSDT
1098,2025-03-21 08:45:00+00:00,52.96455780059621,8.745023555863122,ACXUSDT
1105,2025-04-22 04:15:00+00:00,52.955367913148386,9.09250176714336,LPTUSDT
2378,2025-02-12 15:30:00+00:00,52.953586497890285,17.835289210698445,DODOUSDT
732,2025-01-14 09:45:00+00:00,52.941176470588225,6.0657630173133885,ZENUSDT
691,2025-10-28 14:15:00+00:00,52.941176470588225,5.050354370216416,PHBUSDT
2179,2025-11-05 18:45:00+00:00,52.93325992536857,7.648278658185156,ZECUSDT
1129,2025-06-21 11:45:00+00:00,52.9176513361207,15.331205308333228,BANANAS31USDT
753,2025-08-16 13:30:00+00:00,52.8976572133169,9.414844519163914,PONDUSDT
1689,2025-11-21 08:15:00+00:00,52.89079229122058,6.782644593521879,MOVEUSDT
3066,2025-10-10 21:45:00+00:00,52.87958115183247,5.474136716953051,DEGOUSDT
373,2026-01-24 14:15:00+00:00,52.838427947598255,10.670947517592415,GUSDT
1234,2025-12-19 18:30:00+00:00,52.819548872180455,20.689449264781235,SOPHUSDT
2351,2025-02-13 10:00:00+00:00,52.81401416325009,8.225457392869648,OMUSDT
1286,2025-03-29 11:30:00+00:00,52.796208530805686,7.3424990263167444,MLNUSDT
560,2025-11-06 07:15:00+00:00,52.78330019880717,24.907143147958564,DUSDT
1974,2025-11-09 07:45:00+00:00,52.771929824561425,5.459673327864513,STRKUSDT
346,2025-09-16 15:45:00+00:00,52.75304151511351,6.06885607758381,FTTUSDT
2373,2025-02-08 15:30:00+00:00,52.74725274725276,6.97489918774753,MEUSDT
1045,2025-01-08 03:45:00+00:00,52.731006160164284,5.666401852473093,IQUSDT
160,2025-10-10 21:15:00+00:00,52.73010920436816,7.419076067414493,WANUSDT
794,2025-09-20 04:45:00+00:00,52.711050102951276,10.1154297671606,LISTAUSDT
2878,2025-04-12 08:00:00+00:00,52.70039795338262,8.978903596484946,SXPUSDT
351,2025-09-17 17:45:00+00:00,52.695586760280854,6.316105862314834,FTTUSDT
1681,2025-04-13 01:00:00+00:00,52.695417789757414,5.5749442088994146,VTHOUSDT
2759,2026-01-27 00:00:00+00:00,52.69331016507384,6.681866838107309,SOMIUSDT
939,2025-10-10 21:15:00+00:00,52.690238278247506,8.75567343425569,TAOUSDT
2046,2026-01-12 14:15:00+00:00,52.655889145496545,10.00690976110682,GUNUSDT
1392,2025-10-19 08:15:00+00:00,52.65486725663715,6.4541260309918576,TREEUSDT
309,2025-10-31 09:00:00+00:00,52.65454545454546,17.04396411272914,ASRUSDT
56,2025-12-27 11:15:00+00:00,52.63612791702681,7.182173948804974,STORJUSDT
2079,2025-02-16 06:30:00+00:00,52.615278733654506,37.419779174315785,GLMUSDT
2619,2025-02-21 10:15:00+00:00,52.6147278548559,6.283808395212645,TSTUSDT
1944,2025-04-19 16:00:00+00:00,52.61121856866537,13.641109496093343,ACEUSDT
1046,2025-01-08 13:45:00+00:00,52.60566270004104,6.009603556062681,IQUSDT
2386,2025-04-22 21:45:00+00:00,52.603231597845614,6.024256097365918,RDNTUSDT
2615,2025-11-19 05:30:00+00:00,52.6,7.056449073665911,NMRUSDT
2423,2025-07-23 01:00:00+00:00,52.584310850439905,6.772698683170903,ARDRUSDT
3062,2025-12-12 15:45:00+00:00,52.580645161290306,7.4599062406351955,JUVUSDT
1372,2025-06-22 00:45:00+00:00,52.57099002302379,8.581519425057376,DATAUSDT
1251,2025-04-20 08:30:00+00:00,52.56797583081574,15.8504601573684,AUDIOUSDT
191,2025-08-22 03:30:00+00:00,52.56188831318367,11.14292685197431,TKOUSDT
929,2026-01-14 18:15:00+00:00,52.56077795786063,17.31735508103626,BARDUSDT
1788,2025-11-12 06:15:00+00:00,52.54901960784313,16.066219206359687,PARTIUSDT
797,2025-10-07 09:30:00+00:00,52.54691689008042,5.505920203322933,LISTAUSDT
173,2025-09-08 03:00:00+00:00,52.54586480918275,7.033406302526242,KAITOUSDT
308,2025-10-31 08:15:00+00:00,52.54360465116281,5.6117792821356955,ASRUSDT
2786,2025-11-21 02:00:00+00:00,52.50544662309369,5.187136790611954,ALLOUSDT
49,2025-12-26 07:45:00+00:00,52.504317789291896,5.846809215168984,STORJUSDT
127,2025-11-12 16:15:00+00:00,52.49780893952671,6.828609296076069,ALCXUSDT
104,2025-10-18 20:30:00+00:00,52.476572958500675,5.3728064922696115,ALCXUSDT
235,2025-05-30 23:00:00+00:00,52.43981782693559,12.203734396960147,SOLVUSDT
873,2026-01-01 04:00:00+00:00,52.4390243902439,12.593502086189183,QUICKUSDT
1679,2025-04-13 00:15:00+00:00,52.42152466367711,5.0646295355442605,VTHOUSDT
2540,2026-01-30 00:00:00+00:00,52.41157556270095,11.946745915405433,ENSOUSDT
2649,2025-07-22 09:45:00+00:00,52.40793201133145,19.329666820410665,SLPUSDT
2224,2026-01-08 14:45:00+00:00,52.40549828178693,16.328834590551235,GPSUSDT
986,2025-04-09 02:00:00+00:00,52.3892267593397,11.214861948288089,GASUSDT
699,2025-12-16 22:00:00+00:00,52.38095238095237,41.752129790160595,GHSTUSDT
2833,2025-05-10 04:00:00+00:00,52.37113402061857,8.920663936217396,RPLUSDT
768,2025-11-03 03:15:00+00:00,52.3605150214592,6.611380002874656,PORTALUSDT
322,2025-09-26 13:30:00+00:00,52.357422277125806,8.79384408965065,1000SATSUSDT
836,2025-07-26 13:15:00+00:00,52.33949945593035,5.856001175218438,BIFIUSDT
1253,2025-04-21 15:30:00+00:00,52.337858220211174,5.385493474205139,AUDIOUSDT
3061,2025-12-12 15:15:00+00:00,52.33494363929145,6.913398811196839,JUVUSDT
246,2025-03-19 13:00:00+00:00,52.33128834355827,6.591784740718508,BANANAUSDT
1097,2025-03-21 08:30:00+00:00,52.308707124010546,12.641985197517704,ACXUSDT
267,2025-07-09 17:00:00+00:00,52.30582524271845,13.002678719459759,BBUSDT
2730,2025-07-03 03:15:00+00:00,52.27866473149489,11.476713004546733,FUNUSDT
252,2025-12-23 11:15:00+00:00,52.272727272727295,12.637519248755295,BANANAUSDT
2613,2025-09-06 03:45:00+00:00,52.271186440677965,7.812455117786428,NMRUSDT
987,2025-04-15 00:00:00+00:00,52.2645578720345,10.042084674482533,GASUSDT
2803,2025-07-20 17:30:00+00:00,52.25758697261287,5.200182367021682,UMAUSDT
1530,2025-11-06 02:30:00+00:00,52.25390984360625,5.315630837326908,SCRTUSDT
1209,2026-01-09 00:30:00+00:00,52.253349573690635,20.280408759374456,GMTUSDT
568,2025-12-22 11:00:00+00:00,52.25092250922509,5.278346179815984,DUSDT
59,2025-12-27 13:30:00+00:00,52.241379310344826,12.26214324245343,STORJUSDT
348,2025-09-17 04:45:00+00:00,52.23749999999998,6.773618733648645,FTTUSDT
347,2025-09-16 16:00:00+00:00,52.23749999999998,11.701161880122743,FTTUSDT
2241,2025-11-02 14:45:00+00:00,52.23480696626477,5.602240716798182,GIGGLEUSDT
1130,2025-06-21 16:30:00+00:00,52.22279882373293,13.610396635392624,BANANAS31USDT
1378,2025-11-20 08:15:00+00:00,52.222222222222214,5.9695665037625885,DATAUSDT
621,2025-10-04 07:45:00+00:00,52.19842164599775,12.033158082929859,STOUSDT
2927,2025-08-16 09:30:00+00:00,52.19573400250943,13.472762947330686,CTSIUSDT
251,2025-11-26 18:00:00+00:00,52.19072164948455,5.089405163878946,BANANAUSDT
1506,2025-09-23 08:45:00+00:00,52.18727831638685,6.396509160109726,AWEUSDT
2767,2025-03-20 15:45:00+00:00,52.17391304347825,8.31606185875795,API3USDT
779,2025-02-09 07:45:00+00:00,52.13799805636539,19.1417193641019,LISTAUSDT
1252,2025-04-20 08:45:00+00:00,52.108433734939766,28.375499906610365,AUDIOUSDT
3025,2026-01-19 02:45:00+00:00,52.10727969348661,9.238018198671297,RESOLVUSDT
2872,2025-05-27 04:30:00+00:00,52.0994918427387,5.517525302105758,TRBUSDT
2010,2025-03-09 12:45:00+00:00,52.098765432098745,23.789288778131457,RADUSDT
89,2025-02-03 14:30:00+00:00,52.091254752851725,5.580505439627028,ETHFIUSDT
1655,2026-01-31 01:45:00+00:00,52.091254752851725,26.644095908092932,QKCUSDT
3063,2025-12-12 16:00:00+00:00,52.090032154340825,8.60717300393567,JUVUSDT
1287,2025-03-29 11:45:00+00:00,52.07547169811322,8.750017578712017,MLNUSDT
1651,2025-07-30 03:15:00+00:00,52.071980737549104,8.0997217676823,QKCUSDT
1661,2025-04-19 18:30:00+00:00,52.069716775599126,8.791211105693467,XAIUSDT
776,2025-09-18 12:15:00+00:00,52.0695174937114,16.535962475593173,TWTUSDT
2109,2025-12-02 13:15:00+00:00,52.06786850477199,6.077730270792907,TURBOUSDT
209,2025-10-10 06:45:00+00:00,52.06749049429658,5.134552116573982,MIRAUSDT
3015,2025-11-16 05:45:00+00:00,52.05306380290588,9.009036740315782,RESOLVUSDT
2237,2025-10-13 11:15:00+00:00,52.04336947456212,6.344043369251351,EDUUSDT
2736,2025-10-10 21:15:00+00:00,52.02485536747376,12.977300783067745,ADAUSDT
618,2025-07-10 04:00:00+00:00,52.010376134889746,15.045498300828859,STOUSDT
2740,2025-12-26 09:15:00+00:00,51.993214588634416,5.480844525002159,ATUSDT
1147,2025-07-26 17:15:00+00:00,51.96681007990165,10.738212728557183,BANANAS31USDT
1211,2025-09-28 22:00:00+00:00,51.964686301469,15.135416886043396,GNOUSDT
2715,2025-04-05 04:30:00+00:00,51.94824509220703,6.572750308167125,FUNUSDT
1408,2025-11-22 18:15:00+00:00,51.94029850746269,12.488947948217188,NTRNUSDT
1656,2026-01-31 02:00:00+00:00,51.937199290959725,16.753081604558368,QKCUSDT
2879,2025-04-12 09:00:00+00:00,51.92307692307692,6.274983569848261,SXPUSDT
2486,2025-08-07 13:00:00+00:00,51.92307692307692,10.177567997347065,ALPINEUSDT
1690,2025-11-22 12:15:00+00:00,51.914893617021285,6.449902014271375,MOVEUSDT
1660,2025-10-10 21:30:00+00:00,51.914893617021285,7.214144498047659,HOOKUSDT
1236,2025-01-25 13:30:00+00:00,51.91075243294565,12.797705801633734,SKLUSDT
1738,2025-10-26 09:45:00+00:00,51.8840579710145,7.781799672182517,PIVXUSDT
868,2025-04-23 20:00:00+00:00,51.87938868236266,10.47309267248113,QUICKUSDT
1151,2025-07-28 11:30:00+00:00,51.87737308395444,6.234291199942845,BANANAS31USDT
1312,2025-09-16 19:15:00+00:00,51.859364435429356,7.4888691623348915,BROCCOLI714USDT
2984,2025-07-24 22:00:00+00:00,51.850594227504246,9.760774429264139,IDEXUSDT
1987,2025-11-05 15:45:00+00:00,51.84210526315791,6.623769980357194,1INCHUSDT
1535,2025-11-11 05:30:00+00:00,51.83246073298429,8.5601730380454,CVCUSDT
2163,2025-07-10 05:45:00+00:00,51.82881313759642,8.383707572515382,INITUSDT
1692,2025-10-10 21:15:00+00:00,51.82453416149067,7.918293811423721,COTIUSDT
2372,2025-02-08 15:15:00+00:00,51.80887372013652,16.080396367919608,MEUSDT
2648,2025-07-22 09:30:00+00:00,51.805869074492115,24.430445468922134,SLPUSDT
1391,2025-10-19 07:45:00+00:00,51.79132620993086,7.137156346797122,TREEUSDT
703,2026-01-23 05:45:00+00:00,51.78335535006604,6.039436514757598,WCTUSDT
255,2025-12-24 11:30:00+00:00,51.77993527508094,27.61819319828445,BANANAUSDT
1420,2025-12-27 14:30:00+00:00,51.764705882352935,8.967360339936024,NTRNUSDT
1922,2025-11-05 16:45:00+00:00,51.73712850565089,10.389099248353087,MITOUSDT
2679,2025-12-24 10:15:00+00:00,51.728636660143515,9.074586029310264,DCRUSDT
767,2025-10-10 22:45:00+00:00,51.7241379310345,10.85138166550115,PORTALUSDT
2520,2025-10-01 04:00:00+00:00,51.72413793103448,8.56882850595961,ALPINEUSDT
129,2025-04-27 07:15:00+00:00,51.720542231491116,8.702850461419736,BMTUSDT
52,2025-12-26 11:15:00+00:00,51.71821305841924,16.308521114313436,STORJUSDT
48,2025-12-26 02:15:00+00:00,51.71821305841924,6.084048551424321,STORJUSDT
1365,2025-12-31 09:00:00+00:00,51.69833045480714,15.954438978843184,AMPUSDT
1081,2025-11-21 17:00:00+00:00,51.69385194479297,6.2144621446552355,LAYERUSDT
867,2025-04-23 19:45:00+00:00,51.691419141914174,8.631020643345368,QUICKUSDT
971,2025-04-25 03:15:00+00:00,51.69117647058823,14.813521099522639,FIOUSDT
2037,2025-12-13 06:15:00+00:00,51.67785234899327,6.009614681468271,GUNUSDT
795,2025-09-20 05:15:00+00:00,51.67007498295841,5.736934586323919,LISTAUSDT
1126,2025-07-12 05:00:00+00:00,51.66733627963036,24.008003451161834,KNCUSDT
790,2025-05-22 02:30:00+00:00,51.65745856353592,9.6035271862785,LISTAUSDT
1059,2025-08-24 18:15:00+00:00,51.655629139072865,10.070975654306814,ONTUSDT
2581,2025-10-10 21:15:00+00:00,51.64644714038129,16.971628611675804,ARPAUSDT
274,2025-05-02 08:00:00+00:00,51.62708883025506,6.351647784458948,ASRUSDT
1064,2025-12-27 10:45:00+00:00,51.61812297734629,26.613270661645142,ONTUSDT
2766,2025-03-17 18:15:00+00:00,51.61290322580645,28.039826744296732,API3USDT
1831,2025-07-20 19:00:00+00:00,51.60493827160493,6.581859184488925,DIAUSDT
3030,2025-10-10 21:15:00+00:00,51.6017316017316,9.094735232986505,STGUSDT
783,2025-05-20 03:30:00+00:00,51.59435441714584,6.5294696764829,LISTAUSDT
1146,2025-07-26 17:00:00+00:00,51.59411404046597,14.030426978007368,BANANAS31USDT
1675,2025-12-01 04:00:00+00:00,51.58820192853091,6.647897296382891,CHESSUSDT
57,2025-12-27 11:45:00+00:00,51.58798283261803,24.662448748762902,STORJUSDT
1288,2025-10-10 21:15:00+00:00,51.55038759689923,12.203481300326906,MLNUSDT
1936,2025-12-29 03:15:00+00:00,51.54716981132075,7.529123749958042,ZBTUSDT
2148,2025-11-22 17:15:00+00:00,51.531249999999986,8.710316356581266,MAVUSDT
1563,2025-12-06 19:15:00+00:00,51.52816367769639,6.679502909982806,WINUSDT
3023,2026-01-18 16:45:00+00:00,51.526717557251885,12.571689040387577,RESOLVUSDT
1017,2026-01-12 14:15:00+00:00,51.51515151515154,9.33472615562631,DOLOUSDT
637,2025-10-10 21:15:00+00:00,51.51515151515154,7.5778593253447415,STOUSDT
3001,2025-11-03 07:15:00+00:00,51.51515151515154,8.30484375118206,RESOLVUSDT
1664,2025-05-09 23:45:00+00:00,51.515151515151516,6.431859236181097,XAIUSDT
350,2025-09-17 11:30:00+00:00,51.49894265455903,6.204049919776319,FTTUSDT
3053,2025-11-23 09:15:00+00:00,51.48717948717949,10.97660816526806,DYMUSDT
403,2025-10-10 15:15:00+00:00,51.48392415498761,9.210808927557068,ERAUSDT
1578,2025-06-22 13:15:00+00:00,51.46570796460177,6.544658739479673,TUTUSDT
13,2025-07-12 05:30:00+00:00,51.454427925016155,6.017207592336217,MDTUSDT
1751,2025-11-08 00:15:00+00:00,51.44596651445965,11.42881873874873,0GUSDT
1988,2025-11-05 16:00:00+00:00,51.44356955380578,6.598608247851954,1INCHUSDT
754,2025-08-16 14:15:00+00:00,51.40415140415142,7.938009624798333,PONDUSDT
2347,2026-01-20 20:15:00+00:00,51.388888888888886,6.677237078921214,SXTUSDT
2346,2026-01-20 20:00:00+00:00,51.388888888888886,13.459482458658421,SXTUSDT
1507,2025-11-22 10:00:00+00:00,51.37673425827107,6.857802321648708,AWEUSDT
1421,2025-05-11 03:45:00+00:00,51.361502347417854,10.856904559577162,CATIUSDT
1485,2025-02-10 04:30:00+00:00,51.34737873591377,5.8933316255819665,COOKIEUSDT
1299,2025-11-27 13:00:00+00:00,51.34615384615384,7.132571465856475,MLNUSDT
2001,2025-06-22 08:45:00+00:00,51.34529147982063,5.811899845474112,GNSUSDT
517,2026-01-26 12:30:00+00:00,51.34328358208955,5.864301805540149,JTOUSDT
572,2025-09-08 05:15:00+00:00,51.340996168582386,5.3531094854878525,AIUSDT
50,2025-12-26 09:30:00+00:00,51.328191945158544,17.632301462305524,STORJUSDT
58,2025-12-27 12:00:00+00:00,51.328191945158544,19.5123374518209,STORJUSDT
664,2025-10-19 15:00:00+00:00,51.313969571230956,9.237419090264305,AUCTIONUSDT
124,2025-11-12 11:30:00+00:00,51.304347826086946,11.01911211313918,ALCXUSDT
22,2025-08-13 09:30:00+00:00,51.30365022061771,9.940080978220687,MDTUSDT
2485,2025-07-07 08:45:00+00:00,51.2855209742896,24.83485636239031,ALPINEUSDT
1424,2025-10-10 21:30:00+00:00,51.27795527156549,5.815550384357852,CATIUSDT
1685,2025-06-22 14:15:00+00:00,51.27753303964757,6.460664322346181,MOVEUSDT
1276,2025-11-02 16:30:00+00:00,51.26498002663116,7.4750073337603995,DGBUSDT
2761,2026-01-27 20:45:00+00:00,51.24784853700515,5.254867439063675,SOMIUSDT
1338,2025-12-31 20:30:00+00:00,51.24016938898972,20.602247192223068,BROCCOLI714USDT
1713,2025-07-08 10:15:00+00:00,51.21580547112463,7.153387037108609,PIVXUSDT
1051,2025-04-16 23:45:00+00:00,51.20938187148789,7.481115636584352,IQUSDT
798,2025-10-07 10:15:00+00:00,51.209141642306655,10.436237353476908,LISTAUSDT
551,2025-01-25 22:45:00+00:00,51.20865783351876,5.198628938910747,DUSDT
51,2025-12-26 10:30:00+00:00,51.19863013698631,12.315316178931276,STORJUSDT
1357,2026-01-03 16:30:00+00:00,51.183765501691084,24.247314616078636,CVXUSDT
674,2026-01-25 11:15:00+00:00,51.17056856187288,9.187249429408444,AUCTIONUSDT
1749,2025-11-03 06:00:00+00:00,51.1649580615098,11.71834537949021,0GUSDT
2880,2025-04-12 09:45:00+00:00,51.15362971299944,6.104189778495293,SXPUSDT
1067,2025-12-29 02:00:00+00:00,51.129032258064534,5.879397294393193,ONTUSDT
524,2025-05-08 05:00:00+00:00,51.12871287128713,5.470373249386936,THEUSDT
2834,2025-05-10 04:45:00+00:00,51.124744376278116,6.219977175694082,RPLUSDT
2487,2025-08-07 13:30:00+00:00,51.115834218916056,7.840744108778212,ALPINEUSDT
2427,2025-11-06 01:15:00+00:00,51.11579687225443,37.094352084544475,ARDRUSDT
2867,2025-12-26 13:00:00+00:00,51.11111111111111,6.537342317703944,TRUUSDT
2868,2025-12-26 13:15:00+00:00,51.11111111111111,8.795984420952772,TRUUSDT
2813,2025-03-04 14:30:00+00:00,51.10864745011086,6.3188274307214805,REZUSDT
1528,2025-11-27 02:45:00+00:00,51.079467156637584,5.651788711093839,SUPERUSDT
247,2025-05-07 15:30:00+00:00,51.07223476297968,9.834912083063388,BANANAUSDT
1186,2025-08-22 14:00:00+00:00,51.0677808727948,5.887035619873653,BIOUSDT
1247,2025-08-29 08:15:00+00:00,51.05740181268883,8.877347036617687,SKLUSDT
2110,2025-10-12 12:00:00+00:00,51.0513923845092,5.280922705474914,FFUSDT
2854,2025-05-06 21:30:00+00:00,51.050847457627135,5.378319714738556,PNUTUSDT
889,2025-10-10 22:00:00+00:00,51.04166666666665,5.124043059562467,WIFUSDT
758,2025-05-16 14:45:00+00:00,51.03668261562999,9.87302000425366,PORTALUSDT
969,2025-02-27 13:45:00+00:00,51.03569854561483,29.158318719345115,FIOUSDT
2365,2025-10-13 11:00:00+00:00,51.035103510351036,5.214540526273198,OMUSDT
2256,2025-01-31 14:15:00+00:00,51.03406326034066,25.235431076644872,QTUMUSDT
2805,2025-07-21 03:00:00+00:00,51.02790014684287,5.128491072031338,UMAUSDT
2804,2025-07-21 02:45:00+00:00,51.02790014684287,6.192436609343688,UMAUSDT
1971,2025-05-08 15:15:00+00:00,51.01938082053863,5.3763400156755194,PIXELUSDT
2840,2025-07-10 04:45:00+00:00,50.995405819295556,6.499534764852719,CYBERUSDT
2976,2025-07-23 05:15:00+00:00,50.99009900990099,9.82948020482687,IDEXUSDT
2306,2025-04-11 00:00:00+00:00,50.98981900452488,5.125528157060462,ARKUSDT
2495,2025-08-08 21:30:00+00:00,50.97690941385436,5.607751423911585,ALPINEUSDT
2134,2025-07-27 07:15:00+00:00,50.96642929806714,8.03347221092588,MAVUSDT
2135,2025-07-27 08:00:00+00:00,50.96642929806714,5.617300730270952,MAVUSDT
1381,2025-11-20 09:00:00+00:00,50.96418732782369,7.717726985205085,DATAUSDT
2665,2025-11-10 14:45:00+00:00,50.962512664640315,8.381281881206531,CFXUSDT
973,2025-10-10 21:15:00+00:00,50.95465393794749,13.383311095813966,POWRUSDT
1688,2025-11-21 07:30:00+00:00,50.95137420718816,19.511387813517306,MOVEUSDT
689,2025-10-28 13:00:00+00:00,50.9433962264151,5.722774262545086,PHBUSDT
60,2025-12-27 14:00:00+00:00,50.94017094017094,14.615136479953629,STORJUSDT
1768,2025-05-18 05:30:00+00:00,50.883948888499894,9.040028421169112,SFPUSDT
1112,2025-08-25 20:30:00+00:00,50.88321042702795,7.305061175830719,LPTUSDT
268,2025-08-20 20:15:00+00:00,50.88013411567476,9.636982645387274,BBUSDT
302,2025-08-07 16:00:00+00:00,50.87870434183321,7.640216909635448,ASRUSDT
2361,2025-07-20 16:00:00+00:00,50.873860182370834,7.86984321481618,OMUSDT
3054,2025-11-23 09:30:00+00:00,50.86823289070479,8.137514032603894,DYMUSDT
611,2025-08-04 06:45:00+00:00,50.860323886639655,5.33125503465957,MAGICUSDT
2496,2025-08-08 22:45:00+00:00,50.84294587400178,5.876697591237417,ALPINEUSDT
925,2025-09-23 03:00:00+00:00,50.83480652131212,5.275624469420062,BARDUSDT
777,2025-09-18 12:30:00+00:00,50.82426825165414,15.80577832397935,TWTUSDT
47,2025-11-06 18:30:00+00:00,50.81351689612015,16.210220565737576,STORJUSDT
938,2025-02-03 02:00:00+00:00,50.802919708029194,5.701726163835816,TAOUSDT
1533,2025-11-10 01:00:00+00:00,50.779896013864814,5.831130024046659,CVCUSDT
2921,2025-10-24 12:30:00+00:00,50.773993808049525,8.420128086426294,EDENUSDT
2253,2025-01-29 19:00:00+00:00,50.75395365943363,5.388222316646617,QTUMUSDT
2677,2025-11-09 09:30:00+00:00,50.75376884422109,6.9116889169077576,DCRUSDT
2417,2025-07-10 22:00:00+00:00,50.75376884422109,5.0254512194698275,ARDRUSDT
1686,2025-06-22 20:15:00+00:00,50.74626865671641,7.97246624135135,MOVEUSDT
2681,2026-01-13 03:30:00+00:00,50.741839762611264,7.048362710443357,DCRUSDT
2993,2025-08-31 00:15:00+00:00,50.73891625615765,16.329430530259636,IDEXUSDT
234,2025-05-30 22:45:00+00:00,50.72370537150208,16.96032195847244,SOLVUSDT
649,2025-06-01 08:45:00+00:00,50.72090628218333,10.306205174428856,MASKUSDT
523,2025-02-12 15:30:00+00:00,50.71380013596192,8.275703920122398,THEUSDT
305,2025-10-29 18:30:00+00:00,50.681981335247684,32.412901249250986,ASRUSDT
2326,2025-07-11 13:45:00+00:00,50.67567567567568,9.314219639010245,LUMIAUSDT
759,2025-07-01 15:15:00+00:00,50.66666666666666,12.098122986539355,PORTALUSDT
105,2025-10-18 21:00:00+00:00,50.66137566137567,7.826184779707807,ALCXUSDT
2235,2025-08-25 16:00:00+00:00,50.656934306569326,8.66173221360022,EDUUSDT
321,2025-09-25 07:30:00+00:00,50.65689742294091,6.843040355300335,1000SATSUSDT
890,2025-10-10 22:15:00+00:00,50.64935064935063,5.649666187431335,WIFUSDT
3059,2025-12-11 18:45:00+00:00,50.63694267515923,8.165477930091079,JUVUSDT
3060,2025-12-12 07:30:00+00:00,50.63694267515923,7.6898234244565105,JUVUSDT
2196,2025-02-07 13:30:00+00:00,50.62937062937063,5.157071302171777,CAKEUSDT
1052,2025-04-17 00:00:00+00:00,50.62058895108299,9.11138191599997,IQUSDT
1769,2025-05-18 10:45:00+00:00,50.620304036344564,5.024530445346741,SFPUSDT
2594,2025-05-30 00:45:00+00:00,50.61576354679804,18.805952356685204,NMRUSDT
682,2025-07-19 03:30:00+00:00,50.61295971978985,5.301668838127269,PHBUSDT
365,2025-10-10 21:15:00+00:00,50.593824228028495,11.986455316500896,TRUMPUSDT
2164,2025-07-10 07:00:00+00:00,50.59230009871667,6.673989239566362,INITUSDT
2200,2025-03-16 11:00:00+00:00,50.587606837606835,7.936347736371528,CAKEUSDT
2348,2025-01-25 17:00:00+00:00,50.5855629959586,20.248062858727597,OMUSDT
1531,2025-04-29 15:30:00+00:00,50.576977202364205,26.608159435580497,CTKUSDT
273,2025-05-02 07:45:00+00:00,50.56768558951965,8.230473887372765,ASRUSDT
2680,2025-12-25 03:30:00+00:00,50.550161812297745,9.044801559291301,DCRUSDT
1379,2025-11-20 08:30:00+00:00,50.54945054945055,5.886225870308942,DATAUSDT
1380,2025-11-20 08:45:00+00:00,50.54945054945055,6.301708352127259,DATAUSDT
2818,2025-03-06 17:15:00+00:00,50.54151624548737,5.744669133734595,REZUSDT
2435,2025-10-10 21:15:00+00:00,50.540216086434576,19.48272596051411,PSGUSDT
1536,2025-11-11 06:15:00+00:00,50.51903114186851,9.695257703679157,CVCUSDT
80,2025-08-07 13:00:00+00:00,50.5174898467182,8.584837557012884,OGUSDT
516,2025-10-10 22:45:00+00:00,50.509164969450104,5.229127041381464,JTOUSDT
608,2025-07-08 14:30:00+00:00,50.47233468286101,11.241291251475468,MAGICUSDT
94,2025-02-09 14:00:00+00:00,50.46948356807513,6.5434197249951955,USTCUSDT
2873,2025-05-27 04:45:00+00:00,50.449735449735456,5.7290595662592265,TRBUSDT
620,2025-07-10 04:30:00+00:00,50.44929396662388,11.633715306926232,STOUSDT
2892,2025-08-20 20:30:00+00:00,50.44843049327354,6.959954415309441,BANDUSDT
185,2025-07-20 09:45:00+00:00,50.4442649434572,11.15009720986111,CKBUSDT
1740,2025-10-26 11:00:00+00:00,50.43062200956938,5.449221674931085,PIVXUSDT
2453,2025-10-01 11:00:00+00:00,50.40493636714232,5.499066455606131,DASHUSDT
704,2026-01-23 06:00:00+00:00,50.392670157068075,6.886866436812342,WCTUSDT
509,2025-05-08 10:45:00+00:00,50.37878787878787,5.100338293494383,VELODROMEUSDT
922,2025-10-24 08:45:00+00:00,50.35154137371551,5.226796695228941,VIRTUALUSDT
172,2025-09-08 02:45:00+00:00,50.34809514600658,13.649542413439468,KAITOUSDT
2616,2025-11-19 14:00:00+00:00,50.34482758620689,13.400618152998067,NMRUSDT
2305,2025-04-04 12:30:00+00:00,50.33020507473061,6.693786206631968,ARKUSDT
2047,2026-01-14 01:00:00+00:00,50.329489291598016,16.280750871644003,GUNUSDT
2819,2025-03-30 04:00:00+00:00,50.32594524119949,6.520921235134424,REZUSDT
2045,2026-01-07 16:30:00+00:00,50.32258064516129,5.6778919416385545,GUNUSDT
2928,2025-08-16 09:45:00+00:00,50.309789343246614,15.287738810673197,CTSIUSDT
793,2025-09-20 04:30:00+00:00,50.28706518068222,13.986462230330625,LISTAUSDT
2160,2025-10-31 11:00:00+00:00,50.2858196570164,8.343189363196869,XVGUSDT
2304,2025-04-04 10:00:00+00:00,50.27797081306462,6.839004375240275,ARKUSDT
2395,2025-12-07 14:15:00+00:00,50.24875621890548,9.690244774535605,RDNTUSDT
1743,2025-09-20 13:30:00+00:00,50.24485798237024,12.685400075608484,AEVOUSDT
465,2025-12-20 00:30:00+00:00,50.24311183144248,25.645801685896576,ANIMEUSDT
1511,2025-10-28 05:15:00+00:00,50.2201502201502,5.331893033454496,AVAUSDT
926,2025-09-23 03:30:00+00:00,50.21517996870111,5.092573050024545,BARDUSDT
736,2025-10-31 23:45:00+00:00,50.20957878100734,7.739106470397181,ZENUSDT
949,2025-10-10 21:30:00+00:00,50.20242914979758,24.532936836438168,XNOUSDT
1237,2025-01-25 14:15:00+00:00,50.19948368927481,16.608084312077324,SKLUSDT
2986,2025-08-01 17:15:00+00:00,50.18796992481202,17.572236404755674,IDEXUSDT
737,2025-11-01 00:00:00+00:00,50.17862050013739,5.100287461875254,ZENUSDT
2385,2025-02-18 17:30:00+00:00,50.175438596491205,6.229923475147348,RDNTUSDT
2021,2025-12-31 20:30:00+00:00,50.16835016835017,34.40862147373313,RADUSDT
600,2025-06-16 06:30:00+00:00,50.16528925619834,8.89253558264731,MAGICUSDT
1989,2025-11-05 16:15:00+00:00,50.162654521795716,7.101865244800768,1INCHUSDT
2269,2025-02-04 20:45:00+00:00,50.158061116965236,24.3903345324274,FORTHUSDT
872,2026-01-01 01:45:00+00:00,50.15015015015014,5.0325420870805,QUICKUSDT
729,2025-07-09 13:00:00+00:00,50.13548344458396,5.059182153392548,PENGUUSDT
837,2025-07-26 14:45:00+00:00,50.13404825737264,6.24549427850317,BIFIUSDT
1621,2025-04-29 04:45:00+00:00,50.128534704370175,5.991362831323907,PUNDIXUSDT
1879,2025-09-21 15:15:00+00:00,50.12778810408922,7.638450002278572,SIGNUSDT
1691,2025-12-12 13:15:00+00:00,50.1272264631043,5.691008327076746,MOVEUSDT
553,2025-01-27 15:00:00+00:00,50.12345679012344,8.226059549311788,DUSDT
1623,2025-10-10 21:15:00+00:00,50.11786892975012,15.28829502751138,PUNDIXUSDT
1212,2025-09-28 22:30:00+00:00,50.107219442458884,6.622479157231715,GNOUSDT
1152,2025-07-28 11:45:00+00:00,50.104239054899246,10.918743044842305,BANANAS31USDT
74,2025-09-19 14:30:00+00:00,50.09731413001166,15.509074695974723,SUNUSDT
103,2025-10-10 21:30:00+00:00,50.09208103130756,14.561002878123448,ALCXUSDT
256,2025-12-24 11:45:00+00:00,50.08000000000001,24.81517497423782,BANANAUSDT
2003,2026-01-23 15:00:00+00:00,50.028392958546284,5.237798593676314,EULUSDT
