Date,Symbol,Reasoning,Max % Move,Close % Move,Hit >=10%?
2026-01-01,FORMUSDT,Structural match with historical FORMUSDT expansion DNA.,3.97,-0.9,NO
2026-01-01,MDTUSDT,Structural match with historical MDTUSDT expansion DNA.,2.03,1.95,NO
2026-01-01,AUSDT,Structural match with historical AUSDT expansion DNA.,3.98,3.41,NO
2026-01-01,STORJUSDT,Structural match with historical STORJUSDT expansion DNA.,3.43,0.7,NO
2026-01-01,SAHARAUSDT,Structural match with historical SAHARAUSDT expansion DNA.,3.88,3.72,NO
2026-01-01,OPUSDT,Structural match with historical OPUSDT expansion DNA.,11.2,10.83,YES
2026-01-01,SUNUSDT,Structural match with historical SUNUSDT expansion DNA.,1.81,1.7,NO
2026-01-01,RENDERUSDT,Structural match with historical RENDERUSDT expansion DNA.,7.85,7.46,NO
2026-01-01,PENDLEUSDT,Structural match with historical PENDLEUSDT expansion DNA.,8.87,7.91,NO
2026-01-01,CRVUSDT,Structural match with historical CRVUSDT expansion DNA.,9.52,9.49,NO
2026-01-01,OGUSDT,Structural match with historical OGUSDT expansion DNA.,1.24,0.58,NO
2026-01-01,ETHFIUSDT,Structural match with historical ETHFIUSDT expansion DNA.,8.14,7.41,NO
2026-01-01,USTCUSDT,Structural match with historical USTCUSDT expansion DNA.,2.5,1.25,NO
2026-01-01,ALCXUSDT,Structural match with historical ALCXUSDT expansion DNA.,3.21,2.28,NO
2026-01-01,BCHUSDT,Structural match with historical BCHUSDT expansion DNA.,1.17,-1.05,NO
2026-01-01,FLOKIUSDT,Structural match with historical FLOKIUSDT expansion DNA.,13.6,12.23,YES
2026-01-01,HBARUSDT,Structural match with historical HBARUSDT expansion DNA.,7.66,7.53,NO
2026-01-01,HYPERUSDT,Structural match with historical HYPERUSDT expansion DNA.,4.22,3.79,NO
2026-01-01,SANTOSUSDT,Structural match with historical SANTOSUSDT expansion DNA.,1.13,-0.17,NO
2026-01-01,IOTAUSDT,Structural match with historical IOTAUSDT expansion DNA.,5.32,4.94,NO
2026-01-01,KSMUSDT,Structural match with historical KSMUSDT expansion DNA.,16.84,10.83,YES
2026-01-01,WANUSDT,Structural match with historical WANUSDT expansion DNA.,3.62,3.62,NO
2026-01-01,WUSDT,Structural match with historical WUSDT expansion DNA.,6.08,5.17,NO
2026-01-01,ADXUSDT,Structural match with historical ADXUSDT expansion DNA.,5.01,2.65,NO
2026-01-01,SANDUSDT,Structural match with historical SANDUSDT expansion DNA.,8.18,7.54,NO
2026-01-01,ARBUSDT,Structural match with historical ARBUSDT expansion DNA.,8.3,7.66,NO
2026-01-01,KAITOUSDT,Structural match with historical KAITOUSDT expansion DNA.,2.58,2.23,NO
2026-01-01,CKBUSDT,Structural match with historical CKBUSDT expansion DNA.,4.48,4.27,NO
2026-01-01,TKOUSDT,Structural match with historical TKOUSDT expansion DNA.,3.77,3.16,NO
2026-01-01,BANKUSDT,Structural match with historical BANKUSDT expansion DNA.,3.38,0.68,NO
2026-01-01,MIRAUSDT,Structural match with historical MIRAUSDT expansion DNA.,7.02,0.82,NO
2026-01-01,KAVAUSDT,Structural match with historical KAVAUSDT expansion DNA.,4.65,4.39,NO
2026-01-01,SYNUSDT,Structural match with historical SYNUSDT expansion DNA.,8.7,7.31,NO
2026-01-01,HOTUSDT,Structural match with historical HOTUSDT expansion DNA.,10.2,9.33,YES
2026-01-01,SOLVUSDT,Structural match with historical SOLVUSDT expansion DNA.,2.81,2.1,NO
2026-01-01,OGNUSDT,Structural match with historical OGNUSDT expansion DNA.,3.7,3.03,NO
2026-01-01,TRXUSDT,Structural match with historical TRXUSDT expansion DNA.,0.91,0.91,NO
2026-01-01,WALUSDT,Structural match with historical WALUSDT expansion DNA.,2.61,2.35,NO
2026-01-01,BATUSDT,Structural match with historical BATUSDT expansion DNA.,7.65,7.55,NO
2026-01-01,SUSHIUSDT,Structural match with historical SUSHIUSDT expansion DNA.,12.24,11.22,YES
2026-01-01,ORDIUSDT,Structural match with historical ORDIUSDT expansion DNA.,9.55,8.58,NO
2026-01-01,BANANAUSDT,Structural match with historical BANANAUSDT expansion DNA.,4.14,2.66,NO
2026-01-01,OPENUSDT,Structural match with historical OPENUSDT expansion DNA.,3.76,3.44,NO
2026-01-02,FORMUSDT,Structural match with historical FORMUSDT expansion DNA.,9.86,7.36,NO
2026-01-02,MDTUSDT,Structural match with historical MDTUSDT expansion DNA.,3.76,0.44,NO
2026-01-02,AUSDT,Structural match with historical AUSDT expansion DNA.,5.62,4.88,NO
2026-01-02,STORJUSDT,Structural match with historical STORJUSDT expansion DNA.,2.48,2.17,NO
2026-01-02,SAHARAUSDT,Structural match with historical SAHARAUSDT expansion DNA.,5.93,5.66,NO
2026-01-02,VANRYUSDT,Structural match with historical VANRYUSDT expansion DNA.,6.33,3.8,NO
2026-01-02,OPUSDT,Structural match with historical OPUSDT expansion DNA.,3.37,3.17,NO
2026-01-02,SUNUSDT,Structural match with historical SUNUSDT expansion DNA.,1.51,1.41,NO
2026-01-02,RENDERUSDT,Structural match with historical RENDERUSDT expansion DNA.,14.82,9.69,YES
2026-01-02,PENDLEUSDT,Structural match with historical PENDLEUSDT expansion DNA.,9.06,7.58,NO
2026-01-02,CRVUSDT,Structural match with historical CRVUSDT expansion DNA.,5.11,3.05,NO
2026-01-02,OGUSDT,Structural match with historical OGUSDT expansion DNA.,0.03,-37.01,NO
2026-01-02,ETHFIUSDT,Structural match with historical ETHFIUSDT expansion DNA.,5.14,4.47,NO
2026-01-02,USTCUSDT,Structural match with historical USTCUSDT expansion DNA.,3.24,1.54,NO
2026-01-02,ALCXUSDT,Structural match with historical ALCXUSDT expansion DNA.,2.75,1.96,NO
2026-01-02,BCHUSDT,Structural match with historical BCHUSDT expansion DNA.,4.3,2.8,NO
2026-01-02,BMTUSDT,Structural match with historical BMTUSDT expansion DNA.,5.39,3.32,NO
2026-01-02,FLOKIUSDT,Structural match with historical FLOKIUSDT expansion DNA.,12.14,9.9,YES
2026-01-02,HBARUSDT,Structural match with historical HBARUSDT expansion DNA.,7.01,6.36,NO
2026-01-02,HYPERUSDT,Structural match with historical HYPERUSDT expansion DNA.,3.17,2.27,NO
2026-01-02,SANTOSUSDT,Structural match with historical SANTOSUSDT expansion DNA.,4.03,3.52,NO
2026-01-02,IOTAUSDT,Structural match with historical IOTAUSDT expansion DNA.,12.37,11.54,YES
2026-01-02,KSMUSDT,Structural match with historical KSMUSDT expansion DNA.,4.36,3.96,NO
2026-01-02,WANUSDT,Structural match with historical WANUSDT expansion DNA.,2.01,1.61,NO
2026-01-02,WUSDT,Structural match with historical WUSDT expansion DNA.,5.49,4.62,NO
2026-01-02,ADXUSDT,Structural match with historical ADXUSDT expansion DNA.,2.95,2.21,NO
2026-01-02,SANDUSDT,Structural match with historical SANDUSDT expansion DNA.,3.33,2.56,NO
2026-01-02,ARBUSDT,Structural match with historical ARBUSDT expansion DNA.,4.57,3.88,NO
2026-01-02,KAITOUSDT,Structural match with historical KAITOUSDT expansion DNA.,3.94,3.26,NO
2026-01-02,CKBUSDT,Structural match with historical CKBUSDT expansion DNA.,13.75,8.56,YES
2026-01-02,TKOUSDT,Structural match with historical TKOUSDT expansion DNA.,2.59,2.48,NO
2026-01-02,CGPTUSDT,Structural match with historical CGPTUSDT expansion DNA.,3.23,1.2,NO
2026-01-02,BANKUSDT,Structural match with historical BANKUSDT expansion DNA.,0.0,-2.01,NO
2026-01-02,1000CATUSDT,Structural match with historical 1000CATUSDT expansion DNA.,8.3,5.88,NO
2026-01-02,MIRAUSDT,Structural match with historical MIRAUSDT expansion DNA.,3.72,3.18,NO
2026-01-02,KAVAUSDT,Structural match with historical KAVAUSDT expansion DNA.,4.08,3.44,NO
2026-01-02,SYNUSDT,Structural match with historical SYNUSDT expansion DNA.,9.94,7.92,NO
2026-01-02,HOTUSDT,Structural match with historical HOTUSDT expansion DNA.,3.17,3.17,NO
2026-01-02,SOLVUSDT,Structural match with historical SOLVUSDT expansion DNA.,2.44,-0.15,NO
2026-01-02,OGNUSDT,Structural match with historical OGNUSDT expansion DNA.,2.29,1.63,NO
2026-01-02,TRXUSDT,Structural match with historical TRXUSDT expansion DNA.,0.66,0.66,NO
2026-01-02,WALUSDT,Structural match with historical WALUSDT expansion DNA.,15.86,12.41,YES
2026-01-02,BATUSDT,Structural match with historical BATUSDT expansion DNA.,1.76,0.72,NO
2026-01-02,SUSHIUSDT,Structural match with historical SUSHIUSDT expansion DNA.,12.71,10.35,YES
2026-01-02,ORDIUSDT,Structural match with historical ORDIUSDT expansion DNA.,1.86,1.17,NO
2026-01-02,BANANAUSDT,Structural match with historical BANANAUSDT expansion DNA.,5.19,4.47,NO
2026-01-02,OPENUSDT,Structural match with historical OPENUSDT expansion DNA.,5.36,5.11,NO
2026-01-03,FORMUSDT,Structural match with historical FORMUSDT expansion DNA.,0.24,-3.31,NO
2026-01-03,MDTUSDT,Structural match with historical MDTUSDT expansion DNA.,5.51,2.42,NO
2026-01-03,AUSDT,Structural match with historical AUSDT expansion DNA.,2.44,0.81,NO
2026-01-03,STORJUSDT,Structural match with historical STORJUSDT expansion DNA.,1.37,0.46,NO
2026-01-03,SAHARAUSDT,Structural match with historical SAHARAUSDT expansion DNA.,4.16,3.43,NO
2026-01-03,VANRYUSDT,Structural match with historical VANRYUSDT expansion DNA.,2.44,0.0,NO
2026-01-03,OPUSDT,Structural match with historical OPUSDT expansion DNA.,1.96,1.4,NO
2026-01-03,SUNUSDT,Structural match with historical SUNUSDT expansion DNA.,1.8,1.7,NO
2026-01-03,RENDERUSDT,Structural match with historical RENDERUSDT expansion DNA.,24.92,21.29,YES
2026-01-03,PENDLEUSDT,Structural match with historical PENDLEUSDT expansion DNA.,3.25,1.42,NO
2026-01-03,CRVUSDT,Structural match with historical CRVUSDT expansion DNA.,7.32,4.88,NO
2026-01-03,OGUSDT,Structural match with historical OGUSDT expansion DNA.,0.14,-10.59,NO
2026-01-03,ETHFIUSDT,Structural match with historical ETHFIUSDT expansion DNA.,1.81,-0.52,NO
2026-01-03,USTCUSDT,Structural match with historical USTCUSDT expansion DNA.,9.26,3.64,NO
2026-01-03,ALCXUSDT,Structural match with historical ALCXUSDT expansion DNA.,4.11,0.9,NO
2026-01-03,BCHUSDT,Structural match with historical BCHUSDT expansion DNA.,8.9,7.33,NO
2026-01-03,BMTUSDT,Structural match with historical BMTUSDT expansion DNA.,1.61,0.4,NO
2026-01-03,FLOKIUSDT,Structural match with historical FLOKIUSDT expansion DNA.,7.88,4.4,NO
2026-01-03,HBARUSDT,Structural match with historical HBARUSDT expansion DNA.,0.57,-0.65,NO
2026-01-03,HYPERUSDT,Structural match with historical HYPERUSDT expansion DNA.,2.38,1.43,NO
2026-01-03,SANTOSUSDT,Structural match with historical SANTOSUSDT expansion DNA.,0.6,-0.55,NO
2026-01-03,IOTAUSDT,Structural match with historical IOTAUSDT expansion DNA.,2.32,-0.74,NO
2026-01-03,KSMUSDT,Structural match with historical KSMUSDT expansion DNA.,2.8,-0.89,NO
2026-01-03,WANUSDT,Structural match with historical WANUSDT expansion DNA.,2.11,1.32,NO
2026-01-03,WUSDT,Structural match with historical WUSDT expansion DNA.,8.01,4.7,NO
2026-01-03,ADXUSDT,Structural match with historical ADXUSDT expansion DNA.,2.61,1.53,NO
2026-01-03,SANDUSDT,Structural match with historical SANDUSDT expansion DNA.,1.5,-0.92,NO
2026-01-03,ARBUSDT,Structural match with historical ARBUSDT expansion DNA.,1.29,0.1,NO
2026-01-03,KAITOUSDT,Structural match with historical KAITOUSDT expansion DNA.,13.25,5.33,YES
2026-01-03,CKBUSDT,Structural match with historical CKBUSDT expansion DNA.,2.58,0.75,NO
2026-01-03,TKOUSDT,Structural match with historical TKOUSDT expansion DNA.,3.8,0.69,NO
2026-01-03,CGPTUSDT,Structural match with historical CGPTUSDT expansion DNA.,2.19,0.88,NO
2026-01-03,BANKUSDT,Structural match with historical BANKUSDT expansion DNA.,9.36,4.57,NO
2026-01-03,1000CATUSDT,Structural match with historical 1000CATUSDT expansion DNA.,0.98,-0.98,NO
2026-01-03,MIRAUSDT,Structural match with historical MIRAUSDT expansion DNA.,0.98,-0.39,NO
2026-01-03,KAVAUSDT,Structural match with historical KAVAUSDT expansion DNA.,3.33,2.59,NO
2026-01-03,SYNUSDT,Structural match with historical SYNUSDT expansion DNA.,1.71,-2.05,NO
2026-01-03,HOTUSDT,Structural match with historical HOTUSDT expansion DNA.,1.15,0.0,NO
2026-01-03,SOLVUSDT,Structural match with historical SOLVUSDT expansion DNA.,3.36,1.3,NO
2026-01-03,OGNUSDT,Structural match with historical OGNUSDT expansion DNA.,0.96,0.0,NO
2026-01-03,TRXUSDT,Structural match with historical TRXUSDT expansion DNA.,2.28,2.28,NO
2026-01-03,BATUSDT,Structural match with historical BATUSDT expansion DNA.,0.22,-1.25,NO
2026-01-03,SUSHIUSDT,Structural match with historical SUSHIUSDT expansion DNA.,0.36,-0.95,NO
2026-01-03,ORDIUSDT,Structural match with historical ORDIUSDT expansion DNA.,2.5,1.01,NO
2026-01-03,BANANAUSDT,Structural match with historical BANANAUSDT expansion DNA.,1.79,-2.07,NO
2026-01-03,OPENUSDT,Structural match with historical OPENUSDT expansion DNA.,1.7,1.58,NO
2026-01-04,FORMUSDT,Structural match with historical FORMUSDT expansion DNA.,10.08,5.26,YES
2026-01-04,MDTUSDT,Structural match with historical MDTUSDT expansion DNA.,3.94,2.29,NO
2026-01-04,AUSDT,Structural match with historical AUSDT expansion DNA.,3.29,2.89,NO
2026-01-04,STORJUSDT,Structural match with historical STORJUSDT expansion DNA.,0.68,-0.15,NO
2026-01-04,VANRYUSDT,Structural match with historical VANRYUSDT expansion DNA.,6.1,3.66,NO
2026-01-04,OPUSDT,Structural match with historical OPUSDT expansion DNA.,4.73,2.9,NO
2026-01-04,SUNUSDT,Structural match with historical SUNUSDT expansion DNA.,2.03,1.62,NO
2026-01-04,RENDERUSDT,Structural match with historical RENDERUSDT expansion DNA.,9.29,8.15,NO
2026-01-04,PENDLEUSDT,Structural match with historical PENDLEUSDT expansion DNA.,2.3,-0.54,NO
2026-01-04,CRVUSDT,Structural match with historical CRVUSDT expansion DNA.,1.86,0.42,NO
2026-01-04,OGUSDT,Structural match with historical OGUSDT expansion DNA.,2.35,-13.5,NO
2026-01-04,ETHFIUSDT,Structural match with historical ETHFIUSDT expansion DNA.,3.65,1.04,NO
2026-01-04,USTCUSDT,Structural match with historical USTCUSDT expansion DNA.,2.78,1.02,NO
2026-01-04,ALCXUSDT,Structural match with historical ALCXUSDT expansion DNA.,3.56,2.42,NO
2026-01-04,BCHUSDT,Structural match with historical BCHUSDT expansion DNA.,1.22,-2.35,NO
2026-01-04,BMTUSDT,Structural match with historical BMTUSDT expansion DNA.,2.4,0.0,NO
2026-01-04,FLOKIUSDT,Structural match with historical FLOKIUSDT expansion DNA.,17.42,12.86,YES
2026-01-04,HBARUSDT,Structural match with historical HBARUSDT expansion DNA.,6.7,3.81,NO
2026-01-04,HYPERUSDT,Structural match with historical HYPERUSDT expansion DNA.,3.52,2.11,NO
2026-01-04,SANTOSUSDT,Structural match with historical SANTOSUSDT expansion DNA.,6.06,3.2,NO
2026-01-04,IOTAUSDT,Structural match with historical IOTAUSDT expansion DNA.,10.0,8.4,YES
2026-01-04,KSMUSDT,Structural match with historical KSMUSDT expansion DNA.,1.54,0.77,NO
2026-01-04,WANUSDT,Structural match with historical WANUSDT expansion DNA.,0.65,0.39,NO
2026-01-04,WUSDT,Structural match with historical WUSDT expansion DNA.,7.65,1.32,NO
2026-01-04,ADXUSDT,Structural match with historical ADXUSDT expansion DNA.,1.42,-0.18,NO
2026-01-04,SANDUSDT,Structural match with historical SANDUSDT expansion DNA.,5.47,3.36,NO
2026-01-04,ARBUSDT,Structural match with historical ARBUSDT expansion DNA.,4.5,3.44,NO
2026-01-04,KAITOUSDT,Structural match with historical KAITOUSDT expansion DNA.,2.16,-3.76,NO
2026-01-04,CKBUSDT,Structural match with historical CKBUSDT expansion DNA.,4.49,3.82,NO
2026-01-04,TKOUSDT,Structural match with historical TKOUSDT expansion DNA.,9.6,2.86,NO
2026-01-04,CGPTUSDT,Structural match with historical CGPTUSDT expansion DNA.,4.68,2.2,NO
2026-01-04,BANKUSDT,Structural match with historical BANKUSDT expansion DNA.,3.49,-1.97,NO
2026-01-04,1000CATUSDT,Structural match with historical 1000CATUSDT expansion DNA.,22.11,13.53,YES
2026-01-04,MIRAUSDT,Structural match with historical MIRAUSDT expansion DNA.,0.66,-0.59,NO
2026-01-04,KAVAUSDT,Structural match with historical KAVAUSDT expansion DNA.,2.88,1.92,NO
2026-01-04,SYNUSDT,Structural match with historical SYNUSDT expansion DNA.,4.53,3.14,NO
2026-01-04,HOTUSDT,Structural match with historical HOTUSDT expansion DNA.,7.5,5.58,NO
2026-01-04,SOLVUSDT,Structural match with historical SOLVUSDT expansion DNA.,4.45,3.4,NO
2026-01-04,OGNUSDT,Structural match with historical OGNUSDT expansion DNA.,5.14,3.54,NO
2026-01-04,TRXUSDT,Structural match with historical TRXUSDT expansion DNA.,0.07,-0.58,NO
2026-01-04,WALUSDT,Structural match with historical WALUSDT expansion DNA.,6.02,2.67,NO
2026-01-04,BATUSDT,Structural match with historical BATUSDT expansion DNA.,1.58,-0.54,NO
2026-01-04,SUSHIUSDT,Structural match with historical SUSHIUSDT expansion DNA.,4.5,1.41,NO
2026-01-04,ORDIUSDT,Structural match with historical ORDIUSDT expansion DNA.,7.69,2.95,NO
2026-01-04,BANANAUSDT,Structural match with historical BANANAUSDT expansion DNA.,14.08,7.89,YES
2026-01-04,OPENUSDT,Structural match with historical OPENUSDT expansion DNA.,1.96,0.46,NO
2026-01-05,FORMUSDT,Structural match with historical FORMUSDT expansion DNA.,2.13,-0.21,NO
2026-01-05,MDTUSDT,Structural match with historical MDTUSDT expansion DNA.,0.7,-1.4,NO
2026-01-05,AUSDT,Structural match with historical AUSDT expansion DNA.,5.67,4.6,NO
2026-01-05,STORJUSDT,Structural match with historical STORJUSDT expansion DNA.,27.91,11.04,YES
2026-01-05,SAHARAUSDT,Structural match with historical SAHARAUSDT expansion DNA.,2.86,1.66,NO
2026-01-05,VANRYUSDT,Structural match with historical VANRYUSDT expansion DNA.,2.35,2.35,NO
2026-01-05,OPUSDT,Structural match with historical OPUSDT expansion DNA.,4.57,3.13,NO
2026-01-05,SUNUSDT,Structural match with historical SUNUSDT expansion DNA.,0.65,0.45,NO
2026-01-05,RENDERUSDT,Structural match with historical RENDERUSDT expansion DNA.,16.08,10.9,YES
2026-01-05,PENDLEUSDT,Structural match with historical PENDLEUSDT expansion DNA.,7.03,6.12,NO
2026-01-05,CRVUSDT,Structural match with historical CRVUSDT expansion DNA.,2.39,1.64,NO
2026-01-05,OGUSDT,Structural match with historical OGUSDT expansion DNA.,0.25,-20.76,NO
2026-01-05,ETHFIUSDT,Structural match with historical ETHFIUSDT expansion DNA.,4.12,2.84,NO
2026-01-05,USTCUSDT,Structural match with historical USTCUSDT expansion DNA.,2.9,1.01,NO
2026-01-05,ALCXUSDT,Structural match with historical ALCXUSDT expansion DNA.,1.12,-0.75,NO
2026-01-05,BCHUSDT,Structural match with historical BCHUSDT expansion DNA.,4.77,0.95,NO
2026-01-05,BMTUSDT,Structural match with historical BMTUSDT expansion DNA.,4.0,2.8,NO
2026-01-05,FLOKIUSDT,Structural match with historical FLOKIUSDT expansion DNA.,6.84,1.17,NO
2026-01-05,HBARUSDT,Structural match with historical HBARUSDT expansion DNA.,5.72,5.0,NO
2026-01-05,HYPERUSDT,Structural match with historical HYPERUSDT expansion DNA.,1.3,0.46,NO
2026-01-05,SANTOSUSDT,Structural match with historical SANTOSUSDT expansion DNA.,2.35,0.91,NO
2026-01-05,IOTAUSDT,Structural match with historical IOTAUSDT expansion DNA.,6.38,4.91,NO
2026-01-05,KSMUSDT,Structural match with historical KSMUSDT expansion DNA.,4.58,3.82,NO
2026-01-05,WANUSDT,Structural match with historical WANUSDT expansion DNA.,2.6,2.34,NO
2026-01-05,WUSDT,Structural match with historical WUSDT expansion DNA.,4.17,2.6,NO
2026-01-05,ADXUSDT,Structural match with historical ADXUSDT expansion DNA.,1.42,-0.62,NO
2026-01-05,SANDUSDT,Structural match with historical SANDUSDT expansion DNA.,4.23,2.69,NO
2026-01-05,ARBUSDT,Structural match with historical ARBUSDT expansion DNA.,3.24,2.22,NO
2026-01-05,KAITOUSDT,Structural match with historical KAITOUSDT expansion DNA.,3.19,2.64,NO
2026-01-05,CKBUSDT,Structural match with historical CKBUSDT expansion DNA.,2.11,0.0,NO
2026-01-05,TKOUSDT,Structural match with historical TKOUSDT expansion DNA.,5.11,4.0,NO
2026-01-05,CGPTUSDT,Structural match with historical CGPTUSDT expansion DNA.,7.91,5.31,NO
2026-01-05,BANKUSDT,Structural match with historical BANKUSDT expansion DNA.,0.67,-1.11,NO
2026-01-05,1000CATUSDT,Structural match with historical 1000CATUSDT expansion DNA.,0.58,-6.1,NO
2026-01-05,MIRAUSDT,Structural match with historical MIRAUSDT expansion DNA.,0.99,0.13,NO
2026-01-05,KAVAUSDT,Structural match with historical KAVAUSDT expansion DNA.,2.47,1.88,NO
2026-01-05,SYNUSDT,Structural match with historical SYNUSDT expansion DNA.,2.7,1.01,NO
2026-01-05,HOTUSDT,Structural match with historical HOTUSDT expansion DNA.,8.01,2.19,NO
2026-01-05,SOLVUSDT,Structural match with historical SOLVUSDT expansion DNA.,0.88,0.15,NO
2026-01-05,OGNUSDT,Structural match with historical OGNUSDT expansion DNA.,9.32,0.93,NO
2026-01-05,TRXUSDT,Structural match with historical TRXUSDT expansion DNA.,0.61,-0.58,NO
2026-01-05,WALUSDT,Structural match with historical WALUSDT expansion DNA.,10.27,6.51,YES
2026-01-05,BATUSDT,Structural match with historical BATUSDT expansion DNA.,8.1,3.78,NO
2026-01-05,SUSHIUSDT,Structural match with historical SUSHIUSDT expansion DNA.,3.28,2.63,NO
2026-01-05,ORDIUSDT,Structural match with historical ORDIUSDT expansion DNA.,2.1,1.14,NO
2026-01-05,BANANAUSDT,Structural match with historical BANANAUSDT expansion DNA.,2.35,1.96,NO
2026-01-05,OPENUSDT,Structural match with historical OPENUSDT expansion DNA.,4.08,2.7,NO
2026-01-06,FORMUSDT,Structural match with historical FORMUSDT expansion DNA.,4.54,1.9,NO
2026-01-06,MDTUSDT,Structural match with historical MDTUSDT expansion DNA.,2.13,-0.36,NO
2026-01-06,AUSDT,Structural match with historical AUSDT expansion DNA.,2.95,-0.16,NO
2026-01-06,STORJUSDT,Structural match with historical STORJUSDT expansion DNA.,2.86,-1.36,NO
2026-01-06,SAHARAUSDT,Structural match with historical SAHARAUSDT expansion DNA.,1.84,1.35,NO
2026-01-06,VANRYUSDT,Structural match with historical VANRYUSDT expansion DNA.,5.75,1.15,NO
2026-01-06,OPUSDT,Structural match with historical OPUSDT expansion DNA.,3.4,0.61,NO
2026-01-06,SUNUSDT,Structural match with historical SUNUSDT expansion DNA.,0.74,-0.1,NO
2026-01-06,RENDERUSDT,Structural match with historical RENDERUSDT expansion DNA.,16.86,7.84,YES
2026-01-06,PENDLEUSDT,Structural match with historical PENDLEUSDT expansion DNA.,2.01,-0.3,NO
2026-01-06,CRVUSDT,Structural match with historical CRVUSDT expansion DNA.,1.13,-1.5,NO
2026-01-06,OGUSDT,Structural match with historical OGUSDT expansion DNA.,4.72,0.98,NO
2026-01-06,ETHFIUSDT,Structural match with historical ETHFIUSDT expansion DNA.,4.26,1.13,NO
2026-01-06,USTCUSDT,Structural match with historical USTCUSDT expansion DNA.,11.05,5.74,YES
2026-01-06,ALCXUSDT,Structural match with historical ALCXUSDT expansion DNA.,2.63,0.5,NO
2026-01-06,BCHUSDT,Structural match with historical BCHUSDT expansion DNA.,1.98,-1.08,NO
2026-01-06,BMTUSDT,Structural match with historical BMTUSDT expansion DNA.,8.17,6.23,NO
2026-01-06,FLOKIUSDT,Structural match with historical FLOKIUSDT expansion DNA.,6.83,-1.48,NO
2026-01-06,HBARUSDT,Structural match with historical HBARUSDT expansion DNA.,2.48,-2.07,NO
2026-01-06,HYPERUSDT,Structural match with historical HYPERUSDT expansion DNA.,2.37,0.46,NO
2026-01-06,SANTOSUSDT,Structural match with historical SANTOSUSDT expansion DNA.,0.79,-1.11,NO
2026-01-06,IOTAUSDT,Structural match with historical IOTAUSDT expansion DNA.,10.57,5.43,YES
2026-01-06,KSMUSDT,Structural match with historical KSMUSDT expansion DNA.,7.72,3.31,NO
2026-01-06,WANUSDT,Structural match with historical WANUSDT expansion DNA.,0.25,0.0,NO
2026-01-06,WUSDT,Structural match with historical WUSDT expansion DNA.,5.58,0.76,NO
2026-01-06,ADXUSDT,Structural match with historical ADXUSDT expansion DNA.,0.54,-1.7,NO
2026-01-06,SANDUSDT,Structural match with historical SANDUSDT expansion DNA.,3.49,0.32,NO
2026-01-06,ARBUSDT,Structural match with historical ARBUSDT expansion DNA.,2.99,0.59,NO
2026-01-06,KAITOUSDT,Structural match with historical KAITOUSDT expansion DNA.,0.52,-0.88,NO
2026-01-06,CKBUSDT,Structural match with historical CKBUSDT expansion DNA.,3.36,1.32,NO
2026-01-06,TKOUSDT,Structural match with historical TKOUSDT expansion DNA.,3.21,1.07,NO
2026-01-06,CGPTUSDT,Structural match with historical CGPTUSDT expansion DNA.,2.21,-1.6,NO
2026-01-06,BANKUSDT,Structural match with historical BANKUSDT expansion DNA.,9.23,7.88,NO
2026-01-06,1000CATUSDT,Structural match with historical 1000CATUSDT expansion DNA.,5.26,1.24,NO
2026-01-06,MIRAUSDT,Structural match with historical MIRAUSDT expansion DNA.,0.13,-0.53,NO
2026-01-06,KAVAUSDT,Structural match with historical KAVAUSDT expansion DNA.,5.2,3.58,NO
2026-01-06,SYNUSDT,Structural match with historical SYNUSDT expansion DNA.,11.87,1.17,YES
2026-01-06,HOTUSDT,Structural match with historical HOTUSDT expansion DNA.,5.35,1.43,NO
2026-01-06,SOLVUSDT,Structural match with historical SOLVUSDT expansion DNA.,1.97,0.29,NO
2026-01-06,OGNUSDT,Structural match with historical OGNUSDT expansion DNA.,3.69,1.54,NO
2026-01-06,TRXUSDT,Structural match with historical TRXUSDT expansion DNA.,0.68,0.68,NO
2026-01-06,WALUSDT,Structural match with historical WALUSDT expansion DNA.,2.24,-1.09,NO
2026-01-06,BATUSDT,Structural match with historical BATUSDT expansion DNA.,2.46,-1.1,NO
2026-01-06,SUSHIUSDT,Structural match with historical SUSHIUSDT expansion DNA.,6.39,2.36,NO
2026-01-06,ORDIUSDT,Structural match with historical ORDIUSDT expansion DNA.,3.18,-0.29,NO
2026-01-06,BANANAUSDT,Structural match with historical BANANAUSDT expansion DNA.,3.84,0.13,NO
2026-01-06,OPENUSDT,Structural match with historical OPENUSDT expansion DNA.,2.52,1.4,NO
2026-01-07,FORMUSDT,Structural match with historical FORMUSDT expansion DNA.,0.23,-7.73,NO
2026-01-07,MDTUSDT,Structural match with historical MDTUSDT expansion DNA.,0.43,-2.57,NO
2026-01-07,AUSDT,Structural match with historical AUSDT expansion DNA.,0.16,-3.82,NO
2026-01-07,STORJUSDT,Structural match with historical STORJUSDT expansion DNA.,1.1,-4.77,NO
2026-01-07,SAHARAUSDT,Structural match with historical SAHARAUSDT expansion DNA.,-0.1,-4.97,NO
2026-01-07,VANRYUSDT,Structural match with historical VANRYUSDT expansion DNA.,0.0,-3.41,NO
2026-01-07,OPUSDT,Structural match with historical OPUSDT expansion DNA.,0.3,-4.37,NO
2026-01-07,SUNUSDT,Structural match with historical SUNUSDT expansion DNA.,1.79,1.49,NO
2026-01-07,RENDERUSDT,Structural match with historical RENDERUSDT expansion DNA.,3.36,-5.63,NO
2026-01-07,PENDLEUSDT,Structural match with historical PENDLEUSDT expansion DNA.,-0.04,-6.64,NO
2026-01-07,CRVUSDT,Structural match with historical CRVUSDT expansion DNA.,0.05,-1.29,NO
2026-01-07,OGUSDT,Structural match with historical OGUSDT expansion DNA.,4.17,-14.7,NO
2026-01-07,ETHFIUSDT,Structural match with historical ETHFIUSDT expansion DNA.,0.0,-5.95,NO
2026-01-07,USTCUSDT,Structural match with historical USTCUSDT expansion DNA.,0.0,-5.56,NO
2026-01-07,ALCXUSDT,Structural match with historical ALCXUSDT expansion DNA.,0.0,-5.6,NO
2026-01-07,BCHUSDT,Structural match with historical BCHUSDT expansion DNA.,0.0,-1.41,NO
2026-01-07,BMTUSDT,Structural match with historical BMTUSDT expansion DNA.,1.1,-5.49,NO
2026-01-07,FLOKIUSDT,Structural match with historical FLOKIUSDT expansion DNA.,2.98,-3.61,NO
2026-01-07,HBARUSDT,Structural match with historical HBARUSDT expansion DNA.,0.51,-4.09,NO
2026-01-07,HYPERUSDT,Structural match with historical HYPERUSDT expansion DNA.,1.67,-2.28,NO
2026-01-07,SANTOSUSDT,Structural match with historical SANTOSUSDT expansion DNA.,1.82,-6.26,NO
2026-01-07,IOTAUSDT,Structural match with historical IOTAUSDT expansion DNA.,0.18,-4.7,NO
2026-01-07,KSMUSDT,Structural match with historical KSMUSDT expansion DNA.,0.36,-7.12,NO
2026-01-07,WANUSDT,Structural match with historical WANUSDT expansion DNA.,0.13,-2.66,NO
2026-01-07,WUSDT,Structural match with historical WUSDT expansion DNA.,0.5,-5.04,NO
2026-01-07,ADXUSDT,Structural match with historical ADXUSDT expansion DNA.,0.91,-8.1,NO
2026-01-07,SANDUSDT,Structural match with historical SANDUSDT expansion DNA.,0.63,-4.42,NO
2026-01-07,ARBUSDT,Structural match with historical ARBUSDT expansion DNA.,0.04,-4.32,NO
2026-01-07,KAITOUSDT,Structural match with historical KAITOUSDT expansion DNA.,4.8,4.55,NO
2026-01-07,CKBUSDT,Structural match with historical CKBUSDT expansion DNA.,0.07,-4.34,NO
2026-01-07,TKOUSDT,Structural match with historical TKOUSDT expansion DNA.,0.32,-4.55,NO
2026-01-07,CGPTUSDT,Structural match with historical CGPTUSDT expansion DNA.,0.97,-4.53,NO
2026-01-07,BANKUSDT,Structural match with historical BANKUSDT expansion DNA.,1.04,-4.8,NO
2026-01-07,1000CATUSDT,Structural match with historical 1000CATUSDT expansion DNA.,0.61,-6.42,NO
2026-01-07,MIRAUSDT,Structural match with historical MIRAUSDT expansion DNA.,0.73,-2.72,NO
2026-01-07,KAVAUSDT,Structural match with historical KAVAUSDT expansion DNA.,0.33,-1.79,NO
2026-01-07,SYNUSDT,Structural match with historical SYNUSDT expansion DNA.,1.49,-2.64,NO
2026-01-07,HOTUSDT,Structural match with historical HOTUSDT expansion DNA.,1.23,-2.81,NO
2026-01-07,SOLVUSDT,Structural match with historical SOLVUSDT expansion DNA.,0.07,-6.1,NO
2026-01-07,OGNUSDT,Structural match with historical OGNUSDT expansion DNA.,1.21,-3.64,NO
2026-01-07,TRXUSDT,Structural match with historical TRXUSDT expansion DNA.,1.5,1.33,NO
2026-01-07,WALUSDT,Structural match with historical WALUSDT expansion DNA.,2.2,-5.77,NO
2026-01-07,BATUSDT,Structural match with historical BATUSDT expansion DNA.,2.84,-5.19,NO
2026-01-07,SUSHIUSDT,Structural match with historical SUSHIUSDT expansion DNA.,-0.03,-5.01,NO
2026-01-07,ORDIUSDT,Structural match with historical ORDIUSDT expansion DNA.,0.27,-4.55,NO
2026-01-07,BANANAUSDT,Structural match with historical BANANAUSDT expansion DNA.,0.26,-4.09,NO
2026-01-07,OPENUSDT,Structural match with historical OPENUSDT expansion DNA.,1.05,-3.64,NO
2026-01-08,FORMUSDT,Structural match with historical FORMUSDT expansion DNA.,1.39,0.64,NO
2026-01-08,MDTUSDT,Structural match with historical MDTUSDT expansion DNA.,0.88,-1.9,NO
2026-01-08,AUSDT,Structural match with historical AUSDT expansion DNA.,0.28,-3.02,NO
2026-01-08,STORJUSDT,Structural match with historical STORJUSDT expansion DNA.,2.68,-1.02,NO
2026-01-08,SAHARAUSDT,Structural match with historical SAHARAUSDT expansion DNA.,2.67,1.05,NO
2026-01-08,VANRYUSDT,Structural match with historical VANRYUSDT expansion DNA.,2.35,2.35,NO
2026-01-08,OPUSDT,Structural match with historical OPUSDT expansion DNA.,1.42,-0.85,NO
2026-01-08,SUNUSDT,Structural match with historical SUNUSDT expansion DNA.,0.68,-1.71,NO
2026-01-08,RENDERUSDT,Structural match with historical RENDERUSDT expansion DNA.,4.45,-3.7,NO
2026-01-08,PENDLEUSDT,Structural match with historical PENDLEUSDT expansion DNA.,1.19,-3.26,NO
2026-01-08,CRVUSDT,Structural match with historical CRVUSDT expansion DNA.,2.27,-3.48,NO
2026-01-08,OGUSDT,Structural match with historical OGUSDT expansion DNA.,13.7,11.92,YES
2026-01-08,ETHFIUSDT,Structural match with historical ETHFIUSDT expansion DNA.,0.66,-2.24,NO
2026-01-08,USTCUSDT,Structural match with historical USTCUSDT expansion DNA.,1.58,-3.02,NO
2026-01-08,ALCXUSDT,Structural match with historical ALCXUSDT expansion DNA.,4.22,0.0,NO
2026-01-08,BCHUSDT,Structural match with historical BCHUSDT expansion DNA.,3.85,0.45,NO
2026-01-08,BMTUSDT,Structural match with historical BMTUSDT expansion DNA.,1.94,-0.78,NO
2026-01-08,FLOKIUSDT,Structural match with historical FLOKIUSDT expansion DNA.,0.78,-3.0,NO
2026-01-08,HBARUSDT,Structural match with historical HBARUSDT expansion DNA.,0.51,-2.53,NO
2026-01-08,HYPERUSDT,Structural match with historical HYPERUSDT expansion DNA.,1.48,-2.18,NO
2026-01-08,SANTOSUSDT,Structural match with historical SANTOSUSDT expansion DNA.,7.82,5.25,NO
2026-01-08,IOTAUSDT,Structural match with historical IOTAUSDT expansion DNA.,27.47,-0.65,YES
2026-01-08,KSMUSDT,Structural match with historical KSMUSDT expansion DNA.,1.4,-1.15,NO
2026-01-08,WANUSDT,Structural match with historical WANUSDT expansion DNA.,0.39,-2.22,NO
2026-01-08,WUSDT,Structural match with historical WUSDT expansion DNA.,0.8,-3.71,NO
2026-01-08,ADXUSDT,Structural match with historical ADXUSDT expansion DNA.,1.29,0.2,NO
2026-01-08,SANDUSDT,Structural match with historical SANDUSDT expansion DNA.,1.32,-2.48,NO
2026-01-08,ARBUSDT,Structural match with historical ARBUSDT expansion DNA.,0.52,-1.79,NO
2026-01-08,KAITOUSDT,Structural match with historical KAITOUSDT expansion DNA.,2.05,-1.65,NO
2026-01-08,CKBUSDT,Structural match with historical CKBUSDT expansion DNA.,2.84,0.74,NO
2026-01-08,TKOUSDT,Structural match with historical TKOUSDT expansion DNA.,1.55,-0.33,NO
2026-01-08,CGPTUSDT,Structural match with historical CGPTUSDT expansion DNA.,2.3,0.75,NO
2026-01-08,BANKUSDT,Structural match with historical BANKUSDT expansion DNA.,1.1,-1.75,NO
2026-01-08,1000CATUSDT,Structural match with historical 1000CATUSDT expansion DNA.,1.31,-0.65,NO
2026-01-08,MIRAUSDT,Structural match with historical MIRAUSDT expansion DNA.,0.48,-1.5,NO
2026-01-08,KAVAUSDT,Structural match with historical KAVAUSDT expansion DNA.,2.05,-3.3,NO
2026-01-08,SYNUSDT,Structural match with historical SYNUSDT expansion DNA.,9.17,6.96,NO
2026-01-08,HOTUSDT,Structural match with historical HOTUSDT expansion DNA.,0.72,-1.99,NO
2026-01-08,SOLVUSDT,Structural match with historical SOLVUSDT expansion DNA.,0.54,-4.49,NO
2026-01-08,OGNUSDT,Structural match with historical OGNUSDT expansion DNA.,1.57,-1.57,NO
2026-01-08,TRXUSDT,Structural match with historical TRXUSDT expansion DNA.,0.17,-1.04,NO
2026-01-08,WALUSDT,Structural match with historical WALUSDT expansion DNA.,2.77,2.55,NO
2026-01-08,BATUSDT,Structural match with historical BATUSDT expansion DNA.,0.56,-1.92,NO
2026-01-08,SUSHIUSDT,Structural match with historical SUSHIUSDT expansion DNA.,0.83,-2.55,NO
2026-01-08,ORDIUSDT,Structural match with historical ORDIUSDT expansion DNA.,0.77,-2.21,NO
2026-01-08,BANANAUSDT,Structural match with historical BANANAUSDT expansion DNA.,1.07,-2.8,NO
2026-01-08,OPENUSDT,Structural match with historical OPENUSDT expansion DNA.,2.8,-4.29,NO
2026-01-09,FORMUSDT,Structural match with historical FORMUSDT expansion DNA.,10.0,5.7,YES
2026-01-09,MDTUSDT,Structural match with historical MDTUSDT expansion DNA.,8.96,0.6,NO
2026-01-09,AUSDT,Structural match with historical AUSDT expansion DNA.,2.19,0.75,NO
2026-01-09,STORJUSDT,Structural match with historical STORJUSDT expansion DNA.,9.67,4.54,NO
2026-01-09,SAHARAUSDT,Structural match with historical SAHARAUSDT expansion DNA.,0.25,-1.89,NO
2026-01-09,VANRYUSDT,Structural match with historical VANRYUSDT expansion DNA.,1.15,-1.15,NO
2026-01-09,OPUSDT,Structural match with historical OPUSDT expansion DNA.,3.18,0.25,NO
2026-01-09,SUNUSDT,Structural match with historical SUNUSDT expansion DNA.,0.8,0.35,NO
2026-01-09,RENDERUSDT,Structural match with historical RENDERUSDT expansion DNA.,13.45,8.65,YES
2026-01-09,PENDLEUSDT,Structural match with historical PENDLEUSDT expansion DNA.,2.56,-0.71,NO
2026-01-09,CRVUSDT,Structural match with historical CRVUSDT expansion DNA.,3.85,0.12,NO
2026-01-09,OGUSDT,Structural match with historical OGUSDT expansion DNA.,6.05,-2.49,NO
2026-01-09,ETHFIUSDT,Structural match with historical ETHFIUSDT expansion DNA.,2.43,0.0,NO
2026-01-09,USTCUSDT,Structural match with historical USTCUSDT expansion DNA.,4.0,3.11,NO
2026-01-09,ALCXUSDT,Structural match with historical ALCXUSDT expansion DNA.,4.09,-0.92,NO
2026-01-09,BCHUSDT,Structural match with historical BCHUSDT expansion DNA.,1.66,0.43,NO
2026-01-09,BMTUSDT,Structural match with historical BMTUSDT expansion DNA.,1.95,0.0,NO
2026-01-09,FLOKIUSDT,Structural match with historical FLOKIUSDT expansion DNA.,2.49,-1.42,NO
2026-01-09,HBARUSDT,Structural match with historical HBARUSDT expansion DNA.,2.48,-0.17,NO
2026-01-09,HYPERUSDT,Structural match with historical HYPERUSDT expansion DNA.,1.67,-0.24,NO
2026-01-09,SANTOSUSDT,Structural match with historical SANTOSUSDT expansion DNA.,2.22,0.87,NO
2026-01-09,IOTAUSDT,Structural match with historical IOTAUSDT expansion DNA.,3.09,-1.59,NO
2026-01-09,KSMUSDT,Structural match with historical KSMUSDT expansion DNA.,1.29,-0.9,NO
2026-01-09,WANUSDT,Structural match with historical WANUSDT expansion DNA.,2.53,0.27,NO
2026-01-09,WUSDT,Structural match with historical WUSDT expansion DNA.,3.31,1.38,NO
2026-01-09,ADXUSDT,Structural match with historical ADXUSDT expansion DNA.,1.38,-0.79,NO
2026-01-09,SANDUSDT,Structural match with historical SANDUSDT expansion DNA.,3.47,0.93,NO
2026-01-09,ARBUSDT,Structural match with historical ARBUSDT expansion DNA.,2.25,-0.72,NO
2026-01-09,KAITOUSDT,Structural match with historical KAITOUSDT expansion DNA.,8.3,3.08,NO
2026-01-09,CKBUSDT,Structural match with historical CKBUSDT expansion DNA.,0.95,-0.59,NO
2026-01-09,TKOUSDT,Structural match with historical TKOUSDT expansion DNA.,1.33,-2.33,NO
2026-01-09,CGPTUSDT,Structural match with historical CGPTUSDT expansion DNA.,9.0,5.78,NO
2026-01-09,BANKUSDT,Structural match with historical BANKUSDT expansion DNA.,5.36,2.23,NO
2026-01-09,1000CATUSDT,Structural match with historical 1000CATUSDT expansion DNA.,5.26,-0.66,NO
2026-01-09,MIRAUSDT,Structural match with historical MIRAUSDT expansion DNA.,1.46,-0.28,NO
2026-01-09,KAVAUSDT,Structural match with historical KAVAUSDT expansion DNA.,3.06,0.94,NO
2026-01-09,SYNUSDT,Structural match with historical SYNUSDT expansion DNA.,9.84,6.98,NO
2026-01-09,HOTUSDT,Structural match with historical HOTUSDT expansion DNA.,1.11,-1.48,NO
2026-01-09,SOLVUSDT,Structural match with historical SOLVUSDT expansion DNA.,5.19,4.7,NO
2026-01-09,OGNUSDT,Structural match with historical OGNUSDT expansion DNA.,1.28,-0.32,NO
2026-01-09,TRXUSDT,Structural match with historical TRXUSDT expansion DNA.,1.53,1.15,NO
2026-01-09,WALUSDT,Structural match with historical WALUSDT expansion DNA.,41.65,4.98,YES
2026-01-09,BATUSDT,Structural match with historical BATUSDT expansion DNA.,1.81,-0.76,NO
2026-01-09,SUSHIUSDT,Structural match with historical SUSHIUSDT expansion DNA.,4.01,0.21,NO
2026-01-09,ORDIUSDT,Structural match with historical ORDIUSDT expansion DNA.,3.6,1.34,NO
2026-01-09,BANANAUSDT,Structural match with historical BANANAUSDT expansion DNA.,1.92,0.0,NO
2026-01-09,OPENUSDT,Structural match with historical OPENUSDT expansion DNA.,0.84,-0.3,NO
2026-01-10,FORMUSDT,Structural match with historical FORMUSDT expansion DNA.,16.99,6.59,YES
2026-01-10,MDTUSDT,Structural match with historical MDTUSDT expansion DNA.,2.37,-0.52,NO
2026-01-10,AUSDT,Structural match with historical AUSDT expansion DNA.,4.8,1.14,NO
2026-01-10,STORJUSDT,Structural match with historical STORJUSDT expansion DNA.,0.14,-3.43,NO
2026-01-10,SAHARAUSDT,Structural match with historical SAHARAUSDT expansion DNA.,0.0,-2.15,NO
2026-01-10,VANRYUSDT,Structural match with historical VANRYUSDT expansion DNA.,1.16,0.0,NO
2026-01-10,OPUSDT,Structural match with historical OPUSDT expansion DNA.,4.16,0.89,NO
2026-01-10,SUNUSDT,Structural match with historical SUNUSDT expansion DNA.,2.58,2.53,NO
2026-01-10,RENDERUSDT,Structural match with historical RENDERUSDT expansion DNA.,1.11,-2.81,NO
2026-01-10,PENDLEUSDT,Structural match with historical PENDLEUSDT expansion DNA.,0.57,-1.24,NO
2026-01-10,CRVUSDT,Structural match with historical CRVUSDT expansion DNA.,2.53,-0.17,NO
2026-01-10,OGUSDT,Structural match with historical OGUSDT expansion DNA.,3.22,0.88,NO
2026-01-10,ETHFIUSDT,Structural match with historical ETHFIUSDT expansion DNA.,1.21,-1.21,NO
2026-01-10,USTCUSDT,Structural match with historical USTCUSDT expansion DNA.,13.94,2.3,YES
2026-01-10,ALCXUSDT,Structural match with historical ALCXUSDT expansion DNA.,2.4,-0.13,NO
2026-01-10,BCHUSDT,Structural match with historical BCHUSDT expansion DNA.,2.47,1.45,NO
2026-01-10,BMTUSDT,Structural match with historical BMTUSDT expansion DNA.,0.78,-1.17,NO
2026-01-10,FLOKIUSDT,Structural match with historical FLOKIUSDT expansion DNA.,0.08,-2.07,NO
2026-01-10,HBARUSDT,Structural match with historical HBARUSDT expansion DNA.,0.55,-2.07,NO
2026-01-10,HYPERUSDT,Structural match with historical HYPERUSDT expansion DNA.,2.15,-1.27,NO
2026-01-10,SANTOSUSDT,Structural match with historical SANTOSUSDT expansion DNA.,5.86,4.68,NO
2026-01-10,IOTAUSDT,Structural match with historical IOTAUSDT expansion DNA.,0.29,-3.52,NO
2026-01-10,KSMUSDT,Structural match with historical KSMUSDT expansion DNA.,6.13,1.83,NO
2026-01-10,WANUSDT,Structural match with historical WANUSDT expansion DNA.,1.2,0.27,NO
2026-01-10,WUSDT,Structural match with historical WUSDT expansion DNA.,3.8,0.54,NO
2026-01-10,ADXUSDT,Structural match with historical ADXUSDT expansion DNA.,1.0,-1.89,NO
2026-01-10,SANDUSDT,Structural match with historical SANDUSDT expansion DNA.,2.52,0.17,NO
2026-01-10,ARBUSDT,Structural match with historical ARBUSDT expansion DNA.,2.84,-0.29,NO
2026-01-10,KAITOUSDT,Structural match with historical KAITOUSDT expansion DNA.,3.2,0.72,NO
2026-01-10,CKBUSDT,Structural match with historical CKBUSDT expansion DNA.,2.1,-0.07,NO
2026-01-10,TKOUSDT,Structural match with historical TKOUSDT expansion DNA.,2.84,1.37,NO
2026-01-10,CGPTUSDT,Structural match with historical CGPTUSDT expansion DNA.,9.3,0.22,NO
2026-01-10,BANKUSDT,Structural match with historical BANKUSDT expansion DNA.,4.8,1.97,NO
2026-01-10,1000CATUSDT,Structural match with historical 1000CATUSDT expansion DNA.,6.95,1.99,NO
2026-01-10,MIRAUSDT,Structural match with historical MIRAUSDT expansion DNA.,4.45,1.46,NO
2026-01-10,KAVAUSDT,Structural match with historical KAVAUSDT expansion DNA.,0.58,0.23,NO
2026-01-10,SYNUSDT,Structural match with historical SYNUSDT expansion DNA.,5.49,-2.08,NO
2026-01-10,HOTUSDT,Structural match with historical HOTUSDT expansion DNA.,1.31,0.19,NO
2026-01-10,SOLVUSDT,Structural match with historical SOLVUSDT expansion DNA.,7.66,-0.93,NO
2026-01-10,OGNUSDT,Structural match with historical OGNUSDT expansion DNA.,3.85,0.64,NO
2026-01-10,TRXUSDT,Structural match with historical TRXUSDT expansion DNA.,1.37,1.34,NO
2026-01-10,WALUSDT,Structural match with historical WALUSDT expansion DNA.,0.0,-4.87,NO
2026-01-10,BATUSDT,Structural match with historical BATUSDT expansion DNA.,0.19,-1.97,NO
2026-01-10,SUSHIUSDT,Structural match with historical SUSHIUSDT expansion DNA.,0.49,-1.76,NO
2026-01-10,ORDIUSDT,Structural match with historical ORDIUSDT expansion DNA.,1.37,-0.4,NO
2026-01-10,BANANAUSDT,Structural match with historical BANANAUSDT expansion DNA.,0.69,-0.55,NO
2026-01-10,OPENUSDT,Structural match with historical OPENUSDT expansion DNA.,1.98,1.92,NO
2026-01-11,FORMUSDT,Structural match with historical FORMUSDT expansion DNA.,1.69,-2.13,NO
2026-01-11,MDTUSDT,Structural match with historical MDTUSDT expansion DNA.,5.15,-1.19,NO
2026-01-11,AUSDT,Structural match with historical AUSDT expansion DNA.,2.2,-3.45,NO
2026-01-11,STORJUSDT,Structural match with historical STORJUSDT expansion DNA.,0.65,-3.05,NO
2026-01-11,SAHARAUSDT,Structural match with historical SAHARAUSDT expansion DNA.,16.54,3.42,YES
2026-01-11,VANRYUSDT,Structural match with historical VANRYUSDT expansion DNA.,1.16,0.0,NO
2026-01-11,OPUSDT,Structural match with historical OPUSDT expansion DNA.,1.89,-0.66,NO
2026-01-11,SUNUSDT,Structural match with historical SUNUSDT expansion DNA.,0.73,0.1,NO
2026-01-11,RENDERUSDT,Structural match with historical RENDERUSDT expansion DNA.,18.74,13.09,YES
2026-01-11,PENDLEUSDT,Structural match with historical PENDLEUSDT expansion DNA.,7.21,6.49,NO
2026-01-11,CRVUSDT,Structural match with historical CRVUSDT expansion DNA.,0.64,-1.52,NO
2026-01-11,OGUSDT,Structural match with historical OGUSDT expansion DNA.,0.42,-0.77,NO
2026-01-11,ETHFIUSDT,Structural match with historical ETHFIUSDT expansion DNA.,3.55,1.09,NO
2026-01-11,USTCUSDT,Structural match with historical USTCUSDT expansion DNA.,2.53,-1.4,NO
2026-01-11,ALCXUSDT,Structural match with historical ALCXUSDT expansion DNA.,2.13,-1.2,NO
2026-01-11,BCHUSDT,Structural match with historical BCHUSDT expansion DNA.,3.59,0.81,NO
2026-01-11,BMTUSDT,Structural match with historical BMTUSDT expansion DNA.,0.79,-2.37,NO
2026-01-11,FLOKIUSDT,Structural match with historical FLOKIUSDT expansion DNA.,2.23,-0.85,NO
2026-01-11,HBARUSDT,Structural match with historical HBARUSDT expansion DNA.,1.16,-0.46,NO
2026-01-11,HYPERUSDT,Structural match with historical HYPERUSDT expansion DNA.,37.69,22.52,YES
2026-01-11,SANTOSUSDT,Structural match with historical SANTOSUSDT expansion DNA.,5.34,-1.39,NO
2026-01-11,IOTAUSDT,Structural match with historical IOTAUSDT expansion DNA.,0.39,-2.76,NO
2026-01-11,KSMUSDT,Structural match with historical KSMUSDT expansion DNA.,0.26,-3.07,NO
2026-01-11,WANUSDT,Structural match with historical WANUSDT expansion DNA.,0.4,-1.46,NO
2026-01-11,WUSDT,Structural match with historical WUSDT expansion DNA.,2.16,-0.54,NO
2026-01-11,ADXUSDT,Structural match with historical ADXUSDT expansion DNA.,1.12,-3.96,NO
2026-01-11,SANDUSDT,Structural match with historical SANDUSDT expansion DNA.,1.51,-2.01,NO
2026-01-11,ARBUSDT,Structural match with historical ARBUSDT expansion DNA.,1.59,-1.3,NO
2026-01-11,KAITOUSDT,Structural match with historical KAITOUSDT expansion DNA.,2.72,-1.94,NO
2026-01-11,CKBUSDT,Structural match with historical CKBUSDT expansion DNA.,1.07,-1.55,NO
2026-01-11,TKOUSDT,Structural match with historical TKOUSDT expansion DNA.,2.02,-1.12,NO
2026-01-11,CGPTUSDT,Structural match with historical CGPTUSDT expansion DNA.,3.35,0.08,NO
2026-01-11,BANKUSDT,Structural match with historical BANKUSDT expansion DNA.,1.28,-4.07,NO
2026-01-11,1000CATUSDT,Structural match with historical 1000CATUSDT expansion DNA.,5.52,-1.3,NO
2026-01-11,MIRAUSDT,Structural match with historical MIRAUSDT expansion DNA.,6.72,-0.75,NO
2026-01-11,KAVAUSDT,Structural match with historical KAVAUSDT expansion DNA.,14.87,1.05,YES
2026-01-11,SYNUSDT,Structural match with historical SYNUSDT expansion DNA.,2.42,-2.88,NO
2026-01-11,HOTUSDT,Structural match with historical HOTUSDT expansion DNA.,0.75,-2.8,NO
2026-01-11,SOLVUSDT,Structural match with historical SOLVUSDT expansion DNA.,1.17,-3.75,NO
2026-01-11,OGNUSDT,Structural match with historical OGNUSDT expansion DNA.,1.59,-0.96,NO
2026-01-11,TRXUSDT,Structural match with historical TRXUSDT expansion DNA.,0.33,-0.96,NO
2026-01-11,WALUSDT,Structural match with historical WALUSDT expansion DNA.,8.68,2.35,NO
2026-01-11,BATUSDT,Structural match with historical BATUSDT expansion DNA.,0.39,-4.02,NO
2026-01-11,SUSHIUSDT,Structural match with historical SUSHIUSDT expansion DNA.,1.2,-1.39,NO
2026-01-11,ORDIUSDT,Structural match with historical ORDIUSDT expansion DNA.,1.37,-2.79,NO
2026-01-11,BANANAUSDT,Structural match with historical BANANAUSDT expansion DNA.,2.48,-0.69,NO
2026-01-11,OPENUSDT,Structural match with historical OPENUSDT expansion DNA.,2.06,-0.88,NO
2026-01-12,FORMUSDT,Structural match with historical FORMUSDT expansion DNA.,0.5,-8.24,NO
2026-01-12,MDTUSDT,Structural match with historical MDTUSDT expansion DNA.,1.66,0.23,NO
2026-01-12,AUSDT,Structural match with historical AUSDT expansion DNA.,2.93,-1.52,NO
2026-01-12,STORJUSDT,Structural match with historical STORJUSDT expansion DNA.,8.08,2.77,NO
2026-01-12,SAHARAUSDT,Structural match with historical SAHARAUSDT expansion DNA.,0.43,-4.92,NO
2026-01-12,VANRYUSDT,Structural match with historical VANRYUSDT expansion DNA.,0.0,-3.49,NO
2026-01-12,OPUSDT,Structural match with historical OPUSDT expansion DNA.,5.45,-2.22,NO
2026-01-12,SUNUSDT,Structural match with historical SUNUSDT expansion DNA.,1.01,-0.1,NO
2026-01-12,RENDERUSDT,Structural match with historical RENDERUSDT expansion DNA.,2.63,-8.21,NO
2026-01-12,PENDLEUSDT,Structural match with historical PENDLEUSDT expansion DNA.,1.91,-3.86,NO
2026-01-12,CRVUSDT,Structural match with historical CRVUSDT expansion DNA.,2.34,-2.49,NO
2026-01-12,OGUSDT,Structural match with historical OGUSDT expansion DNA.,7.5,1.25,NO
2026-01-12,ETHFIUSDT,Structural match with historical ETHFIUSDT expansion DNA.,3.37,-2.56,NO
2026-01-12,USTCUSDT,Structural match with historical USTCUSDT expansion DNA.,1.42,-2.85,NO
2026-01-12,ALCXUSDT,Structural match with historical ALCXUSDT expansion DNA.,2.02,-0.13,NO
2026-01-12,BCHUSDT,Structural match with historical BCHUSDT expansion DNA.,1.86,-4.22,NO
2026-01-12,BMTUSDT,Structural match with historical BMTUSDT expansion DNA.,1.62,-1.21,NO
2026-01-12,FLOKIUSDT,Structural match with historical FLOKIUSDT expansion DNA.,3.13,-1.14,NO
2026-01-12,HBARUSDT,Structural match with historical HBARUSDT expansion DNA.,2.59,-1.93,NO
2026-01-12,HYPERUSDT,Structural match with historical HYPERUSDT expansion DNA.,2.24,-7.51,NO
2026-01-12,SANTOSUSDT,Structural match with historical SANTOSUSDT expansion DNA.,5.78,3.96,NO
2026-01-12,IOTAUSDT,Structural match with historical IOTAUSDT expansion DNA.,3.15,-3.55,NO
2026-01-12,KSMUSDT,Structural match with historical KSMUSDT expansion DNA.,2.51,-3.83,NO
2026-01-12,WANUSDT,Structural match with historical WANUSDT expansion DNA.,1.35,-2.15,NO
2026-01-12,WUSDT,Structural match with historical WUSDT expansion DNA.,2.17,-2.17,NO
2026-01-12,ADXUSDT,Structural match with historical ADXUSDT expansion DNA.,0.42,-0.85,NO
2026-01-12,SANDUSDT,Structural match with historical SANDUSDT expansion DNA.,2.14,-2.65,NO
2026-01-12,ARBUSDT,Structural match with historical ARBUSDT expansion DNA.,3.48,-1.67,NO
2026-01-12,KAITOUSDT,Structural match with historical KAITOUSDT expansion DNA.,21.62,10.94,YES
2026-01-12,CKBUSDT,Structural match with historical CKBUSDT expansion DNA.,1.8,-3.18,NO
2026-01-12,TKOUSDT,Structural match with historical TKOUSDT expansion DNA.,1.93,-0.45,NO
2026-01-12,CGPTUSDT,Structural match with historical CGPTUSDT expansion DNA.,1.23,-3.6,NO
2026-01-12,BANKUSDT,Structural match with historical BANKUSDT expansion DNA.,9.38,5.13,NO
2026-01-12,1000CATUSDT,Structural match with historical 1000CATUSDT expansion DNA.,1.97,-2.96,NO
2026-01-12,MIRAUSDT,Structural match with historical MIRAUSDT expansion DNA.,0.14,-4.63,NO
2026-01-12,KAVAUSDT,Structural match with historical KAVAUSDT expansion DNA.,0.11,-3.79,NO
2026-01-12,SYNUSDT,Structural match with historical SYNUSDT expansion DNA.,3.43,0.0,NO
2026-01-12,HOTUSDT,Structural match with historical HOTUSDT expansion DNA.,1.92,-1.73,NO
2026-01-12,SOLVUSDT,Structural match with historical SOLVUSDT expansion DNA.,0.81,0.32,NO
2026-01-12,OGNUSDT,Structural match with historical OGNUSDT expansion DNA.,2.25,-0.64,NO
2026-01-12,TRXUSDT,Structural match with historical TRXUSDT expansion DNA.,0.4,0.1,NO
2026-01-12,WALUSDT,Structural match with historical WALUSDT expansion DNA.,9.04,2.16,NO
2026-01-12,BATUSDT,Structural match with historical BATUSDT expansion DNA.,0.41,-1.84,NO
2026-01-12,SUSHIUSDT,Structural match with historical SUSHIUSDT expansion DNA.,3.57,-1.5,NO
2026-01-12,ORDIUSDT,Structural match with historical ORDIUSDT expansion DNA.,3.01,-3.49,NO
2026-01-12,BANANAUSDT,Structural match with historical BANANAUSDT expansion DNA.,2.64,-0.42,NO
2026-01-12,OPENUSDT,Structural match with historical OPENUSDT expansion DNA.,0.36,-3.33,NO
2026-01-13,FORMUSDT,Structural match with historical FORMUSDT expansion DNA.,7.19,6.15,NO
2026-01-13,MDTUSDT,Structural match with historical MDTUSDT expansion DNA.,3.31,2.26,NO
2026-01-13,AUSDT,Structural match with historical AUSDT expansion DNA.,9.45,7.97,NO
2026-01-13,STORJUSDT,Structural match with historical STORJUSDT expansion DNA.,8.89,4.52,NO
2026-01-13,SAHARAUSDT,Structural match with historical SAHARAUSDT expansion DNA.,5.18,4.2,NO
2026-01-13,VANRYUSDT,Structural match with historical VANRYUSDT expansion DNA.,4.82,4.82,NO
2026-01-13,OPUSDT,Structural match with historical OPUSDT expansion DNA.,21.89,18.81,YES
2026-01-13,SUNUSDT,Structural match with historical SUNUSDT expansion DNA.,1.69,1.26,NO
2026-01-13,RENDERUSDT,Structural match with historical RENDERUSDT expansion DNA.,3.37,-0.51,NO
2026-01-13,PENDLEUSDT,Structural match with historical PENDLEUSDT expansion DNA.,8.75,6.62,NO
2026-01-13,CRVUSDT,Structural match with historical CRVUSDT expansion DNA.,12.92,10.87,YES
2026-01-13,OGUSDT,Structural match with historical OGUSDT expansion DNA.,0.37,0.3,NO
2026-01-13,ETHFIUSDT,Structural match with historical ETHFIUSDT expansion DNA.,13.16,10.8,YES
2026-01-13,USTCUSDT,Structural match with historical USTCUSDT expansion DNA.,6.3,5.28,NO
2026-01-13,ALCXUSDT,Structural match with historical ALCXUSDT expansion DNA.,6.62,5.54,NO
2026-01-13,BCHUSDT,Structural match with historical BCHUSDT expansion DNA.,0.79,-0.76,NO
2026-01-13,BMTUSDT,Structural match with historical BMTUSDT expansion DNA.,5.74,4.1,NO
2026-01-13,FLOKIUSDT,Structural match with historical FLOKIUSDT expansion DNA.,11.98,9.2,YES
2026-01-13,HBARUSDT,Structural match with historical HBARUSDT expansion DNA.,7.87,6.29,NO
2026-01-13,HYPERUSDT,Structural match with historical HYPERUSDT expansion DNA.,1.92,0.78,NO
2026-01-13,SANTOSUSDT,Structural match with historical SANTOSUSDT expansion DNA.,7.57,2.91,NO
2026-01-13,IOTAUSDT,Structural match with historical IOTAUSDT expansion DNA.,11.68,9.37,YES
2026-01-13,KSMUSDT,Structural match with historical KSMUSDT expansion DNA.,16.62,12.36,YES
2026-01-13,WANUSDT,Structural match with historical WANUSDT expansion DNA.,3.99,3.44,NO
2026-01-13,WUSDT,Structural match with historical WUSDT expansion DNA.,11.94,7.22,YES
2026-01-13,ADXUSDT,Structural match with historical ADXUSDT expansion DNA.,7.14,5.33,NO
2026-01-13,SANDUSDT,Structural match with historical SANDUSDT expansion DNA.,11.78,10.11,YES
2026-01-13,ARBUSDT,Structural match with historical ARBUSDT expansion DNA.,12.6,10.26,YES
2026-01-13,KAITOUSDT,Structural match with historical KAITOUSDT expansion DNA.,16.6,13.25,YES
2026-01-13,CKBUSDT,Structural match with historical CKBUSDT expansion DNA.,20.55,11.16,YES
2026-01-13,TKOUSDT,Structural match with historical TKOUSDT expansion DNA.,6.61,5.25,NO
2026-01-13,CGPTUSDT,Structural match with historical CGPTUSDT expansion DNA.,7.24,6.05,NO
2026-01-13,BANKUSDT,Structural match with historical BANKUSDT expansion DNA.,0.85,-3.61,NO
2026-01-13,1000CATUSDT,Structural match with historical 1000CATUSDT expansion DNA.,19.32,11.53,YES
2026-01-13,MIRAUSDT,Structural match with historical MIRAUSDT expansion DNA.,3.26,2.68,NO
2026-01-13,KAVAUSDT,Structural match with historical KAVAUSDT expansion DNA.,5.38,3.7,NO
2026-01-13,SYNUSDT,Structural match with historical SYNUSDT expansion DNA.,9.2,7.96,NO
2026-01-13,HOTUSDT,Structural match with historical HOTUSDT expansion DNA.,7.83,6.07,NO
2026-01-13,SOLVUSDT,Structural match with historical SOLVUSDT expansion DNA.,15.86,7.52,YES
2026-01-13,OGNUSDT,Structural match with historical OGNUSDT expansion DNA.,21.36,10.03,YES
2026-01-13,TRXUSDT,Structural match with historical TRXUSDT expansion DNA.,2.54,2.43,NO
2026-01-13,WALUSDT,Structural match with historical WALUSDT expansion DNA.,6.33,4.49,NO
2026-01-13,BATUSDT,Structural match with historical BATUSDT expansion DNA.,9.46,7.12,NO
2026-01-13,SUSHIUSDT,Structural match with historical SUSHIUSDT expansion DNA.,15.35,12.52,YES
2026-01-13,ORDIUSDT,Structural match with historical ORDIUSDT expansion DNA.,37.21,29.82,YES
2026-01-13,BANANAUSDT,Structural match with historical BANANAUSDT expansion DNA.,8.51,6.97,NO
2026-01-13,OPENUSDT,Structural match with historical OPENUSDT expansion DNA.,5.65,4.55,NO
2026-01-14,FORMUSDT,Structural match with historical FORMUSDT expansion DNA.,10.28,-1.15,YES
2026-01-14,MDTUSDT,Structural match with historical MDTUSDT expansion DNA.,1.03,-0.66,NO
2026-01-14,AUSDT,Structural match with historical AUSDT expansion DNA.,1.98,-0.83,NO
2026-01-14,STORJUSDT,Structural match with historical STORJUSDT expansion DNA.,3.28,1.11,NO
2026-01-14,SAHARAUSDT,Structural match with historical SAHARAUSDT expansion DNA.,3.48,2.47,NO
2026-01-14,VANRYUSDT,Structural match with historical VANRYUSDT expansion DNA.,3.45,1.15,NO
2026-01-14,OPUSDT,Structural match with historical OPUSDT expansion DNA.,1.01,-4.2,NO
2026-01-14,SUNUSDT,Structural match with historical SUNUSDT expansion DNA.,1.96,0.86,NO
2026-01-14,RENDERUSDT,Structural match with historical RENDERUSDT expansion DNA.,4.2,-4.37,NO
2026-01-14,PENDLEUSDT,Structural match with historical PENDLEUSDT expansion DNA.,3.41,-0.44,NO
2026-01-14,CRVUSDT,Structural match with historical CRVUSDT expansion DNA.,1.36,-1.38,NO
2026-01-14,OGUSDT,Structural match with historical OGUSDT expansion DNA.,1.35,-1.79,NO
2026-01-14,USTCUSDT,Structural match with historical USTCUSDT expansion DNA.,1.53,-1.67,NO
2026-01-14,ALCXUSDT,Structural match with historical ALCXUSDT expansion DNA.,2.94,0.77,NO
2026-01-14,BCHUSDT,Structural match with historical BCHUSDT expansion DNA.,0.41,-3.18,NO
2026-01-14,BMTUSDT,Structural match with historical BMTUSDT expansion DNA.,3.54,1.18,NO
2026-01-14,FLOKIUSDT,Structural match with historical FLOKIUSDT expansion DNA.,1.21,-3.32,NO
2026-01-14,HBARUSDT,Structural match with historical HBARUSDT expansion DNA.,5.46,0.91,NO
2026-01-14,HYPERUSDT,Structural match with historical HYPERUSDT expansion DNA.,2.69,-1.41,NO
2026-01-14,SANTOSUSDT,Structural match with historical SANTOSUSDT expansion DNA.,3.21,1.32,NO
2026-01-14,IOTAUSDT,Structural match with historical IOTAUSDT expansion DNA.,3.56,-2.89,NO
2026-01-14,KSMUSDT,Structural match with historical KSMUSDT expansion DNA.,0.37,-2.44,NO
2026-01-14,WANUSDT,Structural match with historical WANUSDT expansion DNA.,0.66,-1.73,NO
2026-01-14,WUSDT,Structural match with historical WUSDT expansion DNA.,3.89,-0.52,NO
2026-01-14,ADXUSDT,Structural match with historical ADXUSDT expansion DNA.,2.02,-0.81,NO
2026-01-14,SANDUSDT,Structural match with historical SANDUSDT expansion DNA.,4.15,1.76,NO
2026-01-14,ARBUSDT,Structural match with historical ARBUSDT expansion DNA.,1.63,-1.81,NO
2026-01-14,KAITOUSDT,Structural match with historical KAITOUSDT expansion DNA.,1.36,-7.94,NO
2026-01-14,TKOUSDT,Structural match with historical TKOUSDT expansion DNA.,0.87,-1.52,NO
2026-01-14,CGPTUSDT,Structural match with historical CGPTUSDT expansion DNA.,1.17,-2.54,NO
2026-01-14,BANKUSDT,Structural match with historical BANKUSDT expansion DNA.,11.23,5.51,YES
2026-01-14,1000CATUSDT,Structural match with historical 1000CATUSDT expansion DNA.,1.52,-3.95,NO
2026-01-14,MIRAUSDT,Structural match with historical MIRAUSDT expansion DNA.,2.26,0.78,NO
2026-01-14,KAVAUSDT,Structural match with historical KAVAUSDT expansion DNA.,7.72,4.03,NO
2026-01-14,SYNUSDT,Structural match with historical SYNUSDT expansion DNA.,0.29,-2.17,NO
2026-01-14,HOTUSDT,Structural match with historical HOTUSDT expansion DNA.,1.48,-1.48,NO
2026-01-14,SOLVUSDT,Structural match with historical SOLVUSDT expansion DNA.,0.83,-0.08,NO
2026-01-14,OGNUSDT,Structural match with historical OGNUSDT expansion DNA.,1.76,-1.47,NO
2026-01-14,TRXUSDT,Structural match with historical TRXUSDT expansion DNA.,0.1,-0.78,NO
2026-01-14,WALUSDT,Structural match with historical WALUSDT expansion DNA.,8.01,2.8,NO
2026-01-14,BATUSDT,Structural match with historical BATUSDT expansion DNA.,1.94,-0.78,NO
2026-01-14,SUSHIUSDT,Structural match with historical SUSHIUSDT expansion DNA.,1.21,-2.51,NO
2026-01-14,BANANAUSDT,Structural match with historical BANANAUSDT expansion DNA.,1.56,-1.69,NO
2026-01-14,OPENUSDT,Structural match with historical OPENUSDT expansion DNA.,4.82,4.41,NO
2026-01-15,FORMUSDT,Structural match with historical FORMUSDT expansion DNA.,5.37,-3.3,NO
2026-01-15,MDTUSDT,Structural match with historical MDTUSDT expansion DNA.,1.56,-1.85,NO
2026-01-15,AUSDT,Structural match with historical AUSDT expansion DNA.,0.0,-4.33,NO
2026-01-15,STORJUSDT,Structural match with historical STORJUSDT expansion DNA.,2.48,-1.65,NO
2026-01-15,SAHARAUSDT,Structural match with historical SAHARAUSDT expansion DNA.,1.88,-3.47,NO
2026-01-15,VANRYUSDT,Structural match with historical VANRYUSDT expansion DNA.,1.14,-6.82,NO
2026-01-15,OPUSDT,Structural match with historical OPUSDT expansion DNA.,3.84,-2.96,NO
2026-01-15,SUNUSDT,Structural match with historical SUNUSDT expansion DNA.,0.09,-1.14,NO
2026-01-15,RENDERUSDT,Structural match with historical RENDERUSDT expansion DNA.,4.08,-1.55,NO
2026-01-15,PENDLEUSDT,Structural match with historical PENDLEUSDT expansion DNA.,0.18,-5.57,NO
2026-01-15,CRVUSDT,Structural match with historical CRVUSDT expansion DNA.,2.74,2.55,NO
2026-01-15,OGUSDT,Structural match with historical OGUSDT expansion DNA.,1.57,-2.89,NO
2026-01-15,ETHFIUSDT,Structural match with historical ETHFIUSDT expansion DNA.,0.26,-4.62,NO
2026-01-15,USTCUSDT,Structural match with historical USTCUSDT expansion DNA.,2.27,-1.27,NO
2026-01-15,ALCXUSDT,Structural match with historical ALCXUSDT expansion DNA.,0.51,-3.3,NO
2026-01-15,BCHUSDT,Structural match with historical BCHUSDT expansion DNA.,5.56,-1.1,NO
2026-01-15,BMTUSDT,Structural match with historical BMTUSDT expansion DNA.,0.78,-2.72,NO
2026-01-15,FLOKIUSDT,Structural match with historical FLOKIUSDT expansion DNA.,0.04,-6.19,NO
2026-01-15,HBARUSDT,Structural match with historical HBARUSDT expansion DNA.,0.09,-4.52,NO
2026-01-15,HYPERUSDT,Structural match with historical HYPERUSDT expansion DNA.,6.24,-4.09,NO
2026-01-15,SANTOSUSDT,Structural match with historical SANTOSUSDT expansion DNA.,6.25,4.47,NO
2026-01-15,IOTAUSDT,Structural match with historical IOTAUSDT expansion DNA.,0.2,-4.46,NO
2026-01-15,KSMUSDT,Structural match with historical KSMUSDT expansion DNA.,0.5,-6.02,NO
2026-01-15,WANUSDT,Structural match with historical WANUSDT expansion DNA.,1.35,-0.95,NO
2026-01-15,WUSDT,Structural match with historical WUSDT expansion DNA.,3.65,-4.43,NO
2026-01-15,ADXUSDT,Structural match with historical ADXUSDT expansion DNA.,1.73,-3.47,NO
2026-01-15,SANDUSDT,Structural match with historical SANDUSDT expansion DNA.,0.0,-6.12,NO
2026-01-15,ARBUSDT,Structural match with historical ARBUSDT expansion DNA.,0.64,-3.45,NO
2026-01-15,KAITOUSDT,Structural match with historical KAITOUSDT expansion DNA.,6.38,-15.01,NO
2026-01-15,CKBUSDT,Structural match with historical CKBUSDT expansion DNA.,0.42,-5.83,NO
2026-01-15,TKOUSDT,Structural match with historical TKOUSDT expansion DNA.,0.33,-4.07,NO
2026-01-15,CGPTUSDT,Structural match with historical CGPTUSDT expansion DNA.,1.34,-3.67,NO
2026-01-15,BANKUSDT,Structural match with historical BANKUSDT expansion DNA.,5.43,1.04,NO
2026-01-15,1000CATUSDT,Structural match with historical 1000CATUSDT expansion DNA.,0.32,-5.06,NO
2026-01-15,MIRAUSDT,Structural match with historical MIRAUSDT expansion DNA.,1.26,-4.55,NO
2026-01-15,KAVAUSDT,Structural match with historical KAVAUSDT expansion DNA.,9.41,3.65,NO
2026-01-15,SYNUSDT,Structural match with historical SYNUSDT expansion DNA.,1.03,-5.32,NO
2026-01-15,HOTUSDT,Structural match with historical HOTUSDT expansion DNA.,0.19,-2.43,NO
2026-01-15,SOLVUSDT,Structural match with historical SOLVUSDT expansion DNA.,0.0,-1.36,NO
2026-01-15,OGNUSDT,Structural match with historical OGNUSDT expansion DNA.,0.9,-1.79,NO
2026-01-15,TRXUSDT,Structural match with historical TRXUSDT expansion DNA.,2.63,2.59,NO
2026-01-15,WALUSDT,Structural match with historical WALUSDT expansion DNA.,0.7,-4.56,NO
2026-01-15,BATUSDT,Structural match with historical BATUSDT expansion DNA.,1.96,-6.16,NO
2026-01-15,SUSHIUSDT,Structural match with historical SUSHIUSDT expansion DNA.,0.23,-5.22,NO
2026-01-15,ORDIUSDT,Structural match with historical ORDIUSDT expansion DNA.,11.93,2.59,YES
2026-01-15,BANANAUSDT,Structural match with historical BANANAUSDT expansion DNA.,15.38,-1.59,YES
2026-01-15,OPENUSDT,Structural match with historical OPENUSDT expansion DNA.,0.73,-2.93,NO
2026-01-16,FORMUSDT,Structural match with historical FORMUSDT expansion DNA.,5.34,1.91,NO
2026-01-16,MDTUSDT,Structural match with historical MDTUSDT expansion DNA.,1.74,1.66,NO
2026-01-16,AUSDT,Structural match with historical AUSDT expansion DNA.,0.12,-19.97,NO
2026-01-16,STORJUSDT,Structural match with historical STORJUSDT expansion DNA.,4.2,2.17,NO
2026-01-16,SAHARAUSDT,Structural match with historical SAHARAUSDT expansion DNA.,-0.04,-0.44,NO
2026-01-16,VANRYUSDT,Structural match with historical VANRYUSDT expansion DNA.,3.66,3.66,NO
2026-01-16,OPUSDT,Structural match with historical OPUSDT expansion DNA.,0.97,-0.32,NO
2026-01-16,SUNUSDT,Structural match with historical SUNUSDT expansion DNA.,0.14,-0.81,NO
2026-01-16,RENDERUSDT,Structural match with historical RENDERUSDT expansion DNA.,3.51,0.81,NO
2026-01-16,PENDLEUSDT,Structural match with historical PENDLEUSDT expansion DNA.,1.65,0.24,NO
2026-01-16,CRVUSDT,Structural match with historical CRVUSDT expansion DNA.,1.21,-2.78,NO
2026-01-16,OGUSDT,Structural match with historical OGUSDT expansion DNA.,3.4,2.17,NO
2026-01-16,ETHFIUSDT,Structural match with historical ETHFIUSDT expansion DNA.,1.21,0.27,NO
2026-01-16,USTCUSDT,Structural match with historical USTCUSDT expansion DNA.,12.2,6.89,YES
2026-01-16,ALCXUSDT,Structural match with historical ALCXUSDT expansion DNA.,1.97,1.84,NO
2026-01-16,BCHUSDT,Structural match with historical BCHUSDT expansion DNA.,2.73,1.47,NO
2026-01-16,BMTUSDT,Structural match with historical BMTUSDT expansion DNA.,2.4,2.4,NO
2026-01-16,FLOKIUSDT,Structural match with historical FLOKIUSDT expansion DNA.,3.82,3.12,NO
2026-01-16,HBARUSDT,Structural match with historical HBARUSDT expansion DNA.,1.69,0.67,NO
2026-01-16,HYPERUSDT,Structural match with historical HYPERUSDT expansion DNA.,1.79,1.79,NO
2026-01-16,SANTOSUSDT,Structural match with historical SANTOSUSDT expansion DNA.,12.75,11.87,YES
2026-01-16,IOTAUSDT,Structural match with historical IOTAUSDT expansion DNA.,1.76,-1.66,NO
2026-01-16,KSMUSDT,Structural match with historical KSMUSDT expansion DNA.,1.73,1.33,NO
2026-01-16,WANUSDT,Structural match with historical WANUSDT expansion DNA.,1.37,1.09,NO
2026-01-16,WUSDT,Structural match with historical WUSDT expansion DNA.,0.27,-0.54,NO
2026-01-16,ADXUSDT,Structural match with historical ADXUSDT expansion DNA.,2.75,1.16,NO
2026-01-16,SANDUSDT,Structural match with historical SANDUSDT expansion DNA.,5.01,3.93,NO
2026-01-16,ARBUSDT,Structural match with historical ARBUSDT expansion DNA.,0.57,-0.05,NO
2026-01-16,KAITOUSDT,Structural match with historical KAITOUSDT expansion DNA.,1.43,-3.17,NO
2026-01-16,CKBUSDT,Structural match with historical CKBUSDT expansion DNA.,1.94,1.64,NO
2026-01-16,TKOUSDT,Structural match with historical TKOUSDT expansion DNA.,2.64,2.18,NO
2026-01-16,CGPTUSDT,Structural match with historical CGPTUSDT expansion DNA.,3.2,3.03,NO
2026-01-16,BANKUSDT,Structural match with historical BANKUSDT expansion DNA.,11.57,3.72,YES
2026-01-16,1000CATUSDT,Structural match with historical 1000CATUSDT expansion DNA.,4.0,3.67,NO
2026-01-16,MIRAUSDT,Structural match with historical MIRAUSDT expansion DNA.,0.59,0.44,NO
2026-01-16,KAVAUSDT,Structural match with historical KAVAUSDT expansion DNA.,0.53,-2.35,NO
2026-01-16,SYNUSDT,Structural match with historical SYNUSDT expansion DNA.,2.81,2.34,NO
2026-01-16,HOTUSDT,Structural match with historical HOTUSDT expansion DNA.,2.11,1.34,NO
2026-01-16,SOLVUSDT,Structural match with historical SOLVUSDT expansion DNA.,1.91,-0.38,NO
2026-01-16,OGNUSDT,Structural match with historical OGNUSDT expansion DNA.,1.52,0.91,NO
2026-01-16,TRXUSDT,Structural match with historical TRXUSDT expansion DNA.,0.03,-0.96,NO
2026-01-16,WALUSDT,Structural match with historical WALUSDT expansion DNA.,8.17,5.25,NO
2026-01-16,BATUSDT,Structural match with historical BATUSDT expansion DNA.,3.39,3.08,NO
2026-01-16,SUSHIUSDT,Structural match with historical SUSHIUSDT expansion DNA.,2.11,1.93,NO
2026-01-16,ORDIUSDT,Structural match with historical ORDIUSDT expansion DNA.,1.72,-0.42,NO
2026-01-16,BANANAUSDT,Structural match with historical BANANAUSDT expansion DNA.,1.48,-1.21,NO
2026-01-16,OPENUSDT,Structural match with historical OPENUSDT expansion DNA.,4.12,3.59,NO
2026-01-17,FORMUSDT,Structural match with historical FORMUSDT expansion DNA.,1.55,-1.03,NO
2026-01-17,MDTUSDT,Structural match with historical MDTUSDT expansion DNA.,0.59,-1.11,NO
2026-01-17,AUSDT,Structural match with historical AUSDT expansion DNA.,1.09,-7.83,NO
2026-01-17,STORJUSDT,Structural match with historical STORJUSDT expansion DNA.,2.26,0.55,NO
2026-01-17,SAHARAUSDT,Structural match with historical SAHARAUSDT expansion DNA.,0.22,-1.51,NO
2026-01-17,VANRYUSDT,Structural match with historical VANRYUSDT expansion DNA.,17.65,5.88,YES
2026-01-17,OPUSDT,Structural match with historical OPUSDT expansion DNA.,4.56,1.97,NO
2026-01-17,SUNUSDT,Structural match with historical SUNUSDT expansion DNA.,1.69,1.5,NO
2026-01-17,RENDERUSDT,Structural match with historical RENDERUSDT expansion DNA.,3.04,-1.43,NO
2026-01-17,PENDLEUSDT,Structural match with historical PENDLEUSDT expansion DNA.,0.66,-0.89,NO
2026-01-17,CRVUSDT,Structural match with historical CRVUSDT expansion DNA.,7.41,-2.14,NO
2026-01-17,OGUSDT,Structural match with historical OGUSDT expansion DNA.,2.46,-2.34,NO
2026-01-17,ETHFIUSDT,Structural match with historical ETHFIUSDT expansion DNA.,3.09,-0.67,NO
2026-01-17,USTCUSDT,Structural match with historical USTCUSDT expansion DNA.,2.82,-2.28,NO
2026-01-17,ALCXUSDT,Structural match with historical ALCXUSDT expansion DNA.,1.29,-0.13,NO
2026-01-17,BCHUSDT,Structural match with historical BCHUSDT expansion DNA.,0.53,-0.9,NO
2026-01-17,BMTUSDT,Structural match with historical BMTUSDT expansion DNA.,2.73,1.56,NO
2026-01-17,FLOKIUSDT,Structural match with historical FLOKIUSDT expansion DNA.,0.14,-2.67,NO
2026-01-17,HBARUSDT,Structural match with historical HBARUSDT expansion DNA.,1.86,0.21,NO
2026-01-17,HYPERUSDT,Structural match with historical HYPERUSDT expansion DNA.,0.44,-0.73,NO
2026-01-17,SANTOSUSDT,Structural match with historical SANTOSUSDT expansion DNA.,0.16,-7.12,NO
2026-01-17,IOTAUSDT,Structural match with historical IOTAUSDT expansion DNA.,3.27,0.53,NO
2026-01-17,KSMUSDT,Structural match with historical KSMUSDT expansion DNA.,6.45,3.42,NO
2026-01-17,WANUSDT,Structural match with historical WANUSDT expansion DNA.,1.49,0.27,NO
2026-01-17,WUSDT,Structural match with historical WUSDT expansion DNA.,2.47,-0.55,NO
2026-01-17,ADXUSDT,Structural match with historical ADXUSDT expansion DNA.,3.45,2.82,NO
2026-01-17,SANDUSDT,Structural match with historical SANDUSDT expansion DNA.,31.43,20.82,YES
2026-01-17,ARBUSDT,Structural match with historical ARBUSDT expansion DNA.,6.77,3.24,NO
2026-01-17,KAITOUSDT,Structural match with historical KAITOUSDT expansion DNA.,0.0,-3.33,NO
2026-01-17,CKBUSDT,Structural match with historical CKBUSDT expansion DNA.,2.5,0.44,NO
2026-01-17,TKOUSDT,Structural match with historical TKOUSDT expansion DNA.,2.13,0.9,NO
2026-01-17,CGPTUSDT,Structural match with historical CGPTUSDT expansion DNA.,4.35,1.75,NO
2026-01-17,BANKUSDT,Structural match with historical BANKUSDT expansion DNA.,2.19,-2.39,NO
2026-01-17,1000CATUSDT,Structural match with historical 1000CATUSDT expansion DNA.,1.93,0.0,NO
2026-01-17,MIRAUSDT,Structural match with historical MIRAUSDT expansion DNA.,1.39,0.95,NO
2026-01-17,KAVAUSDT,Structural match with historical KAVAUSDT expansion DNA.,2.41,0.11,NO
2026-01-17,SYNUSDT,Structural match with historical SYNUSDT expansion DNA.,1.98,-1.83,NO
2026-01-17,HOTUSDT,Structural match with historical HOTUSDT expansion DNA.,2.27,-0.19,NO
2026-01-17,SOLVUSDT,Structural match with historical SOLVUSDT expansion DNA.,1.07,-0.92,NO
2026-01-17,OGNUSDT,Structural match with historical OGNUSDT expansion DNA.,3.31,-0.3,NO
2026-01-17,TRXUSDT,Structural match with historical TRXUSDT expansion DNA.,3.2,2.97,NO
2026-01-17,WALUSDT,Structural match with historical WALUSDT expansion DNA.,1.51,-1.39,NO
2026-01-17,BATUSDT,Structural match with historical BATUSDT expansion DNA.,11.03,6.32,YES
2026-01-17,SUSHIUSDT,Structural match with historical SUSHIUSDT expansion DNA.,12.6,6.09,YES
2026-01-17,ORDIUSDT,Structural match with historical ORDIUSDT expansion DNA.,1.68,-0.23,NO
2026-01-17,BANANAUSDT,Structural match with historical BANANAUSDT expansion DNA.,0.95,-0.41,NO
2026-01-17,OPENUSDT,Structural match with historical OPENUSDT expansion DNA.,2.57,-1.45,NO
2026-01-18,FORMUSDT,Structural match with historical FORMUSDT expansion DNA.,1.09,-4.31,NO
2026-01-18,MDTUSDT,Structural match with historical MDTUSDT expansion DNA.,0.53,-1.43,NO
2026-01-18,AUSDT,Structural match with historical AUSDT expansion DNA.,1.34,-4.96,NO
2026-01-18,STORJUSDT,Structural match with historical STORJUSDT expansion DNA.,0.89,-6.14,NO
2026-01-18,SAHARAUSDT,Structural match with historical SAHARAUSDT expansion DNA.,1.01,-3.82,NO
2026-01-18,OPUSDT,Structural match with historical OPUSDT expansion DNA.,1.07,-6.66,NO
2026-01-18,SUNUSDT,Structural match with historical SUNUSDT expansion DNA.,0.67,0.0,NO
2026-01-18,RENDERUSDT,Structural match with historical RENDERUSDT expansion DNA.,1.04,-5.98,NO
2026-01-18,PENDLEUSDT,Structural match with historical PENDLEUSDT expansion DNA.,1.23,-6.17,NO
2026-01-18,CRVUSDT,Structural match with historical CRVUSDT expansion DNA.,1.7,-3.96,NO
2026-01-18,OGUSDT,Structural match with historical OGUSDT expansion DNA.,1.86,-0.17,NO
2026-01-18,ETHFIUSDT,Structural match with historical ETHFIUSDT expansion DNA.,2.03,-6.22,NO
2026-01-18,USTCUSDT,Structural match with historical USTCUSDT expansion DNA.,1.79,-5.63,NO
2026-01-18,ALCXUSDT,Structural match with historical ALCXUSDT expansion DNA.,0.78,-3.75,NO
2026-01-18,BCHUSDT,Structural match with historical BCHUSDT expansion DNA.,1.38,-0.45,NO
2026-01-18,BMTUSDT,Structural match with historical BMTUSDT expansion DNA.,0.77,-5.77,NO
2026-01-18,FLOKIUSDT,Structural match with historical FLOKIUSDT expansion DNA.,0.84,-6.91,NO
2026-01-18,HBARUSDT,Structural match with historical HBARUSDT expansion DNA.,0.41,-5.98,NO
2026-01-18,HYPERUSDT,Structural match with historical HYPERUSDT expansion DNA.,0.74,-4.07,NO
2026-01-18,SANTOSUSDT,Structural match with historical SANTOSUSDT expansion DNA.,8.19,5.67,NO
2026-01-18,IOTAUSDT,Structural match with historical IOTAUSDT expansion DNA.,1.36,-7.66,NO
2026-01-18,KSMUSDT,Structural match with historical KSMUSDT expansion DNA.,1.02,-7.12,NO
2026-01-18,WANUSDT,Structural match with historical WANUSDT expansion DNA.,1.08,-2.29,NO
2026-01-18,WUSDT,Structural match with historical WUSDT expansion DNA.,1.93,-4.68,NO
2026-01-18,ADXUSDT,Structural match with historical ADXUSDT expansion DNA.,0.2,-4.78,NO
2026-01-18,SANDUSDT,Structural match with historical SANDUSDT expansion DNA.,10.51,-5.19,YES
2026-01-18,ARBUSDT,Structural match with historical ARBUSDT expansion DNA.,2.03,-4.85,NO
2026-01-18,KAITOUSDT,Structural match with historical KAITOUSDT expansion DNA.,2.31,-2.58,NO
2026-01-18,CKBUSDT,Structural match with historical CKBUSDT expansion DNA.,0.88,-5.52,NO
2026-01-18,TKOUSDT,Structural match with historical TKOUSDT expansion DNA.,1.33,-3.45,NO
2026-01-18,CGPTUSDT,Structural match with historical CGPTUSDT expansion DNA.,1.55,-4.36,NO
2026-01-18,BANKUSDT,Structural match with historical BANKUSDT expansion DNA.,6.12,1.84,NO
2026-01-18,1000CATUSDT,Structural match with historical 1000CATUSDT expansion DNA.,1.61,-4.82,NO
2026-01-18,MIRAUSDT,Structural match with historical MIRAUSDT expansion DNA.,0.0,-6.51,NO
2026-01-18,KAVAUSDT,Structural match with historical KAVAUSDT expansion DNA.,5.25,-0.66,NO
2026-01-18,SYNUSDT,Structural match with historical SYNUSDT expansion DNA.,1.09,-4.66,NO
2026-01-18,HOTUSDT,Structural match with historical HOTUSDT expansion DNA.,0.95,-4.74,NO
2026-01-18,SOLVUSDT,Structural match with historical SOLVUSDT expansion DNA.,0.62,-1.86,NO
2026-01-18,OGNUSDT,Structural match with historical OGNUSDT expansion DNA.,0.91,-3.63,NO
2026-01-18,TRXUSDT,Structural match with historical TRXUSDT expansion DNA.,0.69,-0.31,NO
2026-01-18,WALUSDT,Structural match with historical WALUSDT expansion DNA.,4.67,-2.11,NO
2026-01-18,BATUSDT,Structural match with historical BATUSDT expansion DNA.,1.9,-3.33,NO
2026-01-18,SUSHIUSDT,Structural match with historical SUSHIUSDT expansion DNA.,1.41,-7.15,NO
2026-01-18,ORDIUSDT,Structural match with historical ORDIUSDT expansion DNA.,1.81,-5.2,NO
2026-01-18,BANANAUSDT,Structural match with historical BANANAUSDT expansion DNA.,1.64,-2.74,NO
2026-01-18,OPENUSDT,Structural match with historical OPENUSDT expansion DNA.,4.43,-1.87,NO
2026-01-19,FORMUSDT,Structural match with historical FORMUSDT expansion DNA.,1.78,-0.06,NO
2026-01-19,MDTUSDT,Structural match with historical MDTUSDT expansion DNA.,0.69,-3.2,NO
2026-01-19,AUSDT,Structural match with historical AUSDT expansion DNA.,0.08,-5.22,NO
2026-01-19,STORJUSDT,Structural match with historical STORJUSDT expansion DNA.,-0.15,-2.91,NO
2026-01-19,SAHARAUSDT,Structural match with historical SAHARAUSDT expansion DNA.,0.0,-3.97,NO
2026-01-19,VANRYUSDT,Structural match with historical VANRYUSDT expansion DNA.,13.73,-8.82,YES
2026-01-19,OPUSDT,Structural match with historical OPUSDT expansion DNA.,0.19,-1.24,NO
2026-01-19,SUNUSDT,Structural match with historical SUNUSDT expansion DNA.,3.14,-0.57,NO
2026-01-19,RENDERUSDT,Structural match with historical RENDERUSDT expansion DNA.,3.9,0.05,NO
2026-01-19,PENDLEUSDT,Structural match with historical PENDLEUSDT expansion DNA.,0.35,-1.11,NO
2026-01-19,CRVUSDT,Structural match with historical CRVUSDT expansion DNA.,0.05,-3.57,NO
2026-01-19,OGUSDT,Structural match with historical OGUSDT expansion DNA.,6.94,2.62,NO
2026-01-19,ETHFIUSDT,Structural match with historical ETHFIUSDT expansion DNA.,0.0,-6.48,NO
2026-01-19,USTCUSDT,Structural match with historical USTCUSDT expansion DNA.,1.02,-1.89,NO
2026-01-19,ALCXUSDT,Structural match with historical ALCXUSDT expansion DNA.,0.0,-3.49,NO
2026-01-19,BCHUSDT,Structural match with historical BCHUSDT expansion DNA.,0.57,-1.25,NO
2026-01-19,BMTUSDT,Structural match with historical BMTUSDT expansion DNA.,0.0,-2.45,NO
2026-01-19,FLOKIUSDT,Structural match with historical FLOKIUSDT expansion DNA.,0.02,-3.06,NO
2026-01-19,HBARUSDT,Structural match with historical HBARUSDT expansion DNA.,0.72,-0.79,NO
2026-01-19,HYPERUSDT,Structural match with historical HYPERUSDT expansion DNA.,0.0,-7.71,NO
2026-01-19,SANTOSUSDT,Structural match with historical SANTOSUSDT expansion DNA.,2.68,-1.22,NO
2026-01-19,IOTAUSDT,Structural match with historical IOTAUSDT expansion DNA.,0.0,-2.84,NO
2026-01-19,KSMUSDT,Structural match with historical KSMUSDT expansion DNA.,0.0,-4.11,NO
2026-01-19,WANUSDT,Structural match with historical WANUSDT expansion DNA.,0.14,-1.1,NO
2026-01-19,WUSDT,Structural match with historical WUSDT expansion DNA.,-0.29,-2.89,NO
2026-01-19,ADXUSDT,Structural match with historical ADXUSDT expansion DNA.,1.07,0.85,NO
2026-01-19,SANDUSDT,Structural match with historical SANDUSDT expansion DNA.,0.07,-4.7,NO
2026-01-19,ARBUSDT,Structural match with historical ARBUSDT expansion DNA.,0.0,-6.16,NO
2026-01-19,KAITOUSDT,Structural match with historical KAITOUSDT expansion DNA.,0.12,-7.51,NO
2026-01-19,CKBUSDT,Structural match with historical CKBUSDT expansion DNA.,-0.23,-2.32,NO
2026-01-19,TKOUSDT,Structural match with historical TKOUSDT expansion DNA.,1.15,-3.11,NO
2026-01-19,CGPTUSDT,Structural match with historical CGPTUSDT expansion DNA.,-0.17,-4.53,NO
2026-01-19,BANKUSDT,Structural match with historical BANKUSDT expansion DNA.,9.22,2.0,NO
2026-01-19,1000CATUSDT,Structural match with historical 1000CATUSDT expansion DNA.,-0.34,-3.38,NO
2026-01-19,MIRAUSDT,Structural match with historical MIRAUSDT expansion DNA.,-0.08,-2.01,NO
2026-01-19,SYNUSDT,Structural match with historical SYNUSDT expansion DNA.,-0.65,-4.23,NO
2026-01-19,HOTUSDT,Structural match with historical HOTUSDT expansion DNA.,-0.4,-3.78,NO
2026-01-19,SOLVUSDT,Structural match with historical SOLVUSDT expansion DNA.,-0.08,-8.75,NO
2026-01-19,OGNUSDT,Structural match with historical OGNUSDT expansion DNA.,-0.63,-2.82,NO
2026-01-19,TRXUSDT,Structural match with historical TRXUSDT expansion DNA.,0.91,-1.86,NO
2026-01-19,WALUSDT,Structural match with historical WALUSDT expansion DNA.,-0.07,-8.04,NO
2026-01-19,BATUSDT,Structural match with historical BATUSDT expansion DNA.,4.33,0.54,NO
2026-01-19,SUSHIUSDT,Structural match with historical SUSHIUSDT expansion DNA.,-0.03,-4.05,NO
2026-01-19,ORDIUSDT,Structural match with historical ORDIUSDT expansion DNA.,-0.02,-9.36,NO
2026-01-19,BANANAUSDT,Structural match with historical BANANAUSDT expansion DNA.,0.0,-8.87,NO
2026-01-19,OPENUSDT,Structural match with historical OPENUSDT expansion DNA.,0.12,-6.37,NO
2026-01-20,FORMUSDT,Structural match with historical FORMUSDT expansion DNA.,1.22,-10.71,NO
2026-01-20,MDTUSDT,Structural match with historical MDTUSDT expansion DNA.,14.96,-2.83,YES
2026-01-20,AUSDT,Structural match with historical AUSDT expansion DNA.,0.35,-6.81,NO
2026-01-20,STORJUSDT,Structural match with historical STORJUSDT expansion DNA.,1.42,-5.84,NO
2026-01-20,SAHARAUSDT,Structural match with historical SAHARAUSDT expansion DNA.,-0.04,-8.02,NO
2026-01-20,VANRYUSDT,Structural match with historical VANRYUSDT expansion DNA.,1.08,-6.45,NO
2026-01-20,OPUSDT,Structural match with historical OPUSDT expansion DNA.,1.25,-6.13,NO
2026-01-20,SUNUSDT,Structural match with historical SUNUSDT expansion DNA.,0.05,-3.21,NO
2026-01-20,RENDERUSDT,Structural match with historical RENDERUSDT expansion DNA.,0.19,-8.29,NO
2026-01-20,PENDLEUSDT,Structural match with historical PENDLEUSDT expansion DNA.,6.7,-0.87,NO
2026-01-20,CRVUSDT,Structural match with historical CRVUSDT expansion DNA.,1.48,-5.28,NO
2026-01-20,OGUSDT,Structural match with historical OGUSDT expansion DNA.,0.43,-6.26,NO
2026-01-20,ETHFIUSDT,Structural match with historical ETHFIUSDT expansion DNA.,0.0,-6.32,NO
2026-01-20,USTCUSDT,Structural match with historical USTCUSDT expansion DNA.,0.45,-4.9,NO
2026-01-20,ALCXUSDT,Structural match with historical ALCXUSDT expansion DNA.,1.11,-5.84,NO
2026-01-20,BCHUSDT,Structural match with historical BCHUSDT expansion DNA.,0.55,-1.85,NO
2026-01-20,BMTUSDT,Structural match with historical BMTUSDT expansion DNA.,0.42,-7.11,NO
2026-01-20,FLOKIUSDT,Structural match with historical FLOKIUSDT expansion DNA.,0.73,-6.53,NO
2026-01-20,HBARUSDT,Structural match with historical HBARUSDT expansion DNA.,0.41,-4.7,NO
2026-01-20,HYPERUSDT,Structural match with historical HYPERUSDT expansion DNA.,-0.08,-4.51,NO
2026-01-20,SANTOSUSDT,Structural match with historical SANTOSUSDT expansion DNA.,0.38,-10.31,NO
2026-01-20,IOTAUSDT,Structural match with historical IOTAUSDT expansion DNA.,1.05,-2.92,NO
2026-01-20,KSMUSDT,Structural match with historical KSMUSDT expansion DNA.,0.14,-5.14,NO
2026-01-20,WANUSDT,Structural match with historical WANUSDT expansion DNA.,0.14,-2.79,NO
2026-01-20,WUSDT,Structural match with historical WUSDT expansion DNA.,0.6,-9.52,NO
2026-01-20,ADXUSDT,Structural match with historical ADXUSDT expansion DNA.,2.75,-2.65,NO
2026-01-20,SANDUSDT,Structural match with historical SANDUSDT expansion DNA.,13.55,1.55,YES
2026-01-20,ARBUSDT,Structural match with historical ARBUSDT expansion DNA.,0.62,-5.95,NO
2026-01-20,KAITOUSDT,Structural match with historical KAITOUSDT expansion DNA.,-0.02,-9.85,NO
2026-01-20,CKBUSDT,Structural match with historical CKBUSDT expansion DNA.,0.59,-6.81,NO
2026-01-20,TKOUSDT,Structural match with historical TKOUSDT expansion DNA.,1.07,-3.33,NO
2026-01-20,CGPTUSDT,Structural match with historical CGPTUSDT expansion DNA.,1.52,-6.72,NO
2026-01-20,BANKUSDT,Structural match with historical BANKUSDT expansion DNA.,7.66,-2.95,NO
2026-01-20,1000CATUSDT,Structural match with historical 1000CATUSDT expansion DNA.,0.7,-6.99,NO
2026-01-20,MIRAUSDT,Structural match with historical MIRAUSDT expansion DNA.,-0.08,-6.79,NO
2026-01-20,KAVAUSDT,Structural match with historical KAVAUSDT expansion DNA.,0.23,-10.27,NO
2026-01-20,SYNUSDT,Structural match with historical SYNUSDT expansion DNA.,0.17,-7.65,NO
2026-01-20,HOTUSDT,Structural match with historical HOTUSDT expansion DNA.,0.62,-3.73,NO
2026-01-20,SOLVUSDT,Structural match with historical SOLVUSDT expansion DNA.,2.25,-2.25,NO
2026-01-20,OGNUSDT,Structural match with historical OGNUSDT expansion DNA.,0.0,-4.52,NO
2026-01-20,TRXUSDT,Structural match with historical TRXUSDT expansion DNA.,0.67,-4.78,NO
2026-01-20,WALUSDT,Structural match with historical WALUSDT expansion DNA.,0.36,-7.18,NO
2026-01-20,BATUSDT,Structural match with historical BATUSDT expansion DNA.,4.45,-6.71,NO
2026-01-20,SUSHIUSDT,Structural match with historical SUSHIUSDT expansion DNA.,0.6,-4.25,NO
2026-01-20,ORDIUSDT,Structural match with historical ORDIUSDT expansion DNA.,1.17,-7.05,NO
2026-01-20,BANANAUSDT,Structural match with historical BANANAUSDT expansion DNA.,1.08,-6.8,NO
2026-01-20,OPENUSDT,Structural match with historical OPENUSDT expansion DNA.,2.35,-8.78,NO
2026-01-21,FORMUSDT,Structural match with historical FORMUSDT expansion DNA.,4.55,0.4,NO
2026-01-21,MDTUSDT,Structural match with historical MDTUSDT expansion DNA.,2.84,0.49,NO
2026-01-21,AUSDT,Structural match with historical AUSDT expansion DNA.,5.25,3.66,NO
2026-01-21,STORJUSDT,Structural match with historical STORJUSDT expansion DNA.,4.21,2.7,NO
2026-01-21,VANRYUSDT,Structural match with historical VANRYUSDT expansion DNA.,14.94,3.45,YES
2026-01-21,OPUSDT,Structural match with historical OPUSDT expansion DNA.,5.87,2.93,NO
2026-01-21,SUNUSDT,Structural match with historical SUNUSDT expansion DNA.,4.8,4.65,NO
2026-01-21,RENDERUSDT,Structural match with historical RENDERUSDT expansion DNA.,13.03,3.99,YES
2026-01-21,PENDLEUSDT,Structural match with historical PENDLEUSDT expansion DNA.,11.98,6.35,YES
2026-01-21,CRVUSDT,Structural match with historical CRVUSDT expansion DNA.,3.83,0.6,NO
2026-01-21,OGUSDT,Structural match with historical OGUSDT expansion DNA.,5.25,2.75,NO
2026-01-21,ETHFIUSDT,Structural match with historical ETHFIUSDT expansion DNA.,3.95,0.99,NO
2026-01-21,USTCUSDT,Structural match with historical USTCUSDT expansion DNA.,3.59,2.03,NO
2026-01-21,ALCXUSDT,Structural match with historical ALCXUSDT expansion DNA.,5.02,3.1,NO
2026-01-21,BCHUSDT,Structural match with historical BCHUSDT expansion DNA.,4.33,2.02,NO
2026-01-21,BMTUSDT,Structural match with historical BMTUSDT expansion DNA.,6.31,4.5,NO
2026-01-21,FLOKIUSDT,Structural match with historical FLOKIUSDT expansion DNA.,7.03,3.99,NO
2026-01-21,HBARUSDT,Structural match with historical HBARUSDT expansion DNA.,5.58,3.44,NO
2026-01-21,HYPERUSDT,Structural match with historical HYPERUSDT expansion DNA.,9.27,6.91,NO
2026-01-21,SANTOSUSDT,Structural match with historical SANTOSUSDT expansion DNA.,8.04,5.87,NO
2026-01-21,IOTAUSDT,Structural match with historical IOTAUSDT expansion DNA.,9.04,5.3,NO
2026-01-21,KSMUSDT,Structural match with historical KSMUSDT expansion DNA.,4.37,1.96,NO
2026-01-21,WANUSDT,Structural match with historical WANUSDT expansion DNA.,3.73,1.58,NO
2026-01-21,WUSDT,Structural match with historical WUSDT expansion DNA.,5.26,-0.33,NO
2026-01-21,ADXUSDT,Structural match with historical ADXUSDT expansion DNA.,3.59,2.07,NO
2026-01-21,SANDUSDT,Structural match with historical SANDUSDT expansion DNA.,10.51,4.64,YES
2026-01-21,ARBUSDT,Structural match with historical ARBUSDT expansion DNA.,4.73,1.76,NO
2026-01-21,KAITOUSDT,Structural match with historical KAITOUSDT expansion DNA.,4.01,0.81,NO
2026-01-21,CKBUSDT,Structural match with historical CKBUSDT expansion DNA.,8.5,5.06,NO
2026-01-21,TKOUSDT,Structural match with historical TKOUSDT expansion DNA.,3.94,1.72,NO
2026-01-21,CGPTUSDT,Structural match with historical CGPTUSDT expansion DNA.,6.19,4.23,NO
2026-01-21,BANKUSDT,Structural match with historical BANKUSDT expansion DNA.,9.51,7.29,NO
2026-01-21,1000CATUSDT,Structural match with historical 1000CATUSDT expansion DNA.,7.89,5.26,NO
2026-01-21,MIRAUSDT,Structural match with historical MIRAUSDT expansion DNA.,4.66,3.05,NO
2026-01-21,KAVAUSDT,Structural match with historical KAVAUSDT expansion DNA.,6.04,4.11,NO
2026-01-21,SYNUSDT,Structural match with historical SYNUSDT expansion DNA.,6.08,3.13,NO
2026-01-21,HOTUSDT,Structural match with historical HOTUSDT expansion DNA.,6.45,4.3,NO
2026-01-21,SOLVUSDT,Structural match with historical SOLVUSDT expansion DNA.,4.42,3.36,NO
2026-01-21,OGNUSDT,Structural match with historical OGNUSDT expansion DNA.,4.73,2.7,NO
2026-01-21,TRXUSDT,Structural match with historical TRXUSDT expansion DNA.,1.14,0.77,NO
2026-01-21,WALUSDT,Structural match with historical WALUSDT expansion DNA.,4.21,0.23,NO
2026-01-21,BATUSDT,Structural match with historical BATUSDT expansion DNA.,3.88,-1.47,NO
2026-01-21,SUSHIUSDT,Structural match with historical SUSHIUSDT expansion DNA.,6.53,2.09,NO
2026-01-21,ORDIUSDT,Structural match with historical ORDIUSDT expansion DNA.,3.52,-0.46,NO
2026-01-21,BANANAUSDT,Structural match with historical BANANAUSDT expansion DNA.,4.64,1.33,NO
2026-01-21,OPENUSDT,Structural match with historical OPENUSDT expansion DNA.,6.1,2.71,NO
2026-01-22,FORMUSDT,Structural match with historical FORMUSDT expansion DNA.,3.66,-0.31,NO
2026-01-22,MDTUSDT,Structural match with historical MDTUSDT expansion DNA.,7.18,2.98,NO
2026-01-22,AUSDT,Structural match with historical AUSDT expansion DNA.,2.08,-1.36,NO
2026-01-22,STORJUSDT,Structural match with historical STORJUSDT expansion DNA.,2.55,-0.08,NO
2026-01-22,SAHARAUSDT,Structural match with historical SAHARAUSDT expansion DNA.,1.75,-0.04,NO
2026-01-22,VANRYUSDT,Structural match with historical VANRYUSDT expansion DNA.,3.33,-4.44,NO
2026-01-22,OPUSDT,Structural match with historical OPUSDT expansion DNA.,5.86,-0.42,NO
2026-01-22,SUNUSDT,Structural match with historical SUNUSDT expansion DNA.,2.08,0.28,NO
2026-01-22,RENDERUSDT,Structural match with historical RENDERUSDT expansion DNA.,6.57,2.47,NO
2026-01-22,PENDLEUSDT,Structural match with historical PENDLEUSDT expansion DNA.,8.5,5.44,NO
2026-01-22,CRVUSDT,Structural match with historical CRVUSDT expansion DNA.,1.87,-1.44,NO
2026-01-22,OGUSDT,Structural match with historical OGUSDT expansion DNA.,2.75,-5.61,NO
2026-01-22,ETHFIUSDT,Structural match with historical ETHFIUSDT expansion DNA.,1.95,-2.61,NO
2026-01-22,USTCUSDT,Structural match with historical USTCUSDT expansion DNA.,1.07,-1.22,NO
2026-01-22,ALCXUSDT,Structural match with historical ALCXUSDT expansion DNA.,1.58,-0.86,NO
2026-01-22,BCHUSDT,Structural match with historical BCHUSDT expansion DNA.,3.28,2.46,NO
2026-01-22,BMTUSDT,Structural match with historical BMTUSDT expansion DNA.,3.02,-2.16,NO
2026-01-22,FLOKIUSDT,Structural match with historical FLOKIUSDT expansion DNA.,2.32,-1.79,NO
2026-01-22,HBARUSDT,Structural match with historical HBARUSDT expansion DNA.,1.83,-0.99,NO
2026-01-22,HYPERUSDT,Structural match with historical HYPERUSDT expansion DNA.,0.98,-1.96,NO
2026-01-22,SANTOSUSDT,Structural match with historical SANTOSUSDT expansion DNA.,15.28,9.92,YES
2026-01-22,IOTAUSDT,Structural match with historical IOTAUSDT expansion DNA.,7.67,0.46,NO
2026-01-22,KSMUSDT,Structural match with historical KSMUSDT expansion DNA.,1.92,-1.18,NO
2026-01-22,WANUSDT,Structural match with historical WANUSDT expansion DNA.,1.69,-0.14,NO
2026-01-22,WUSDT,Structural match with historical WUSDT expansion DNA.,2.64,-3.3,NO
2026-01-22,ADXUSDT,Structural match with historical ADXUSDT expansion DNA.,0.64,-1.7,NO
2026-01-22,SANDUSDT,Structural match with historical SANDUSDT expansion DNA.,20.17,14.0,YES
2026-01-22,ARBUSDT,Structural match with historical ARBUSDT expansion DNA.,2.0,-4.05,NO
2026-01-22,KAITOUSDT,Structural match with historical KAITOUSDT expansion DNA.,0.76,-8.55,NO
2026-01-22,CKBUSDT,Structural match with historical CKBUSDT expansion DNA.,2.27,-2.31,NO
2026-01-22,TKOUSDT,Structural match with historical TKOUSDT expansion DNA.,2.06,-0.97,NO
2026-01-22,CGPTUSDT,Structural match with historical CGPTUSDT expansion DNA.,2.19,-2.81,NO
2026-01-22,BANKUSDT,Structural match with historical BANKUSDT expansion DNA.,2.26,-3.02,NO
2026-01-22,1000CATUSDT,Structural match with historical 1000CATUSDT expansion DNA.,2.5,-2.14,NO
2026-01-22,MIRAUSDT,Structural match with historical MIRAUSDT expansion DNA.,1.15,-1.48,NO
2026-01-22,KAVAUSDT,Structural match with historical KAVAUSDT expansion DNA.,2.59,-1.6,NO
2026-01-22,SYNUSDT,Structural match with historical SYNUSDT expansion DNA.,1.79,-3.39,NO
2026-01-22,HOTUSDT,Structural match with historical HOTUSDT expansion DNA.,1.86,-1.24,NO
2026-01-22,SOLVUSDT,Structural match with historical SOLVUSDT expansion DNA.,11.54,9.23,YES
2026-01-22,OGNUSDT,Structural match with historical OGNUSDT expansion DNA.,1.32,-0.99,NO
2026-01-22,TRXUSDT,Structural match with historical TRXUSDT expansion DNA.,2.91,2.04,NO
2026-01-22,WALUSDT,Structural match with historical WALUSDT expansion DNA.,1.99,-3.21,NO
2026-01-22,BATUSDT,Structural match with historical BATUSDT expansion DNA.,4.58,-0.16,NO
2026-01-22,SUSHIUSDT,Structural match with historical SUSHIUSDT expansion DNA.,3.28,-1.56,NO
2026-01-22,ORDIUSDT,Structural match with historical ORDIUSDT expansion DNA.,2.56,-0.39,NO
2026-01-22,BANANAUSDT,Structural match with historical BANANAUSDT expansion DNA.,2.13,-2.78,NO
2026-01-22,OPENUSDT,Structural match with historical OPENUSDT expansion DNA.,1.78,-2.44,NO
2026-01-23,FORMUSDT,Structural match with historical FORMUSDT expansion DNA.,5.38,1.18,NO
2026-01-23,MDTUSDT,Structural match with historical MDTUSDT expansion DNA.,4.54,-1.1,NO
2026-01-23,AUSDT,Structural match with historical AUSDT expansion DNA.,10.17,3.48,YES
2026-01-23,STORJUSDT,Structural match with historical STORJUSDT expansion DNA.,2.01,-0.46,NO
2026-01-23,SAHARAUSDT,Structural match with historical SAHARAUSDT expansion DNA.,4.26,1.75,NO
2026-01-23,VANRYUSDT,Structural match with historical VANRYUSDT expansion DNA.,1.16,-5.81,NO
2026-01-23,OPUSDT,Structural match with historical OPUSDT expansion DNA.,3.84,-1.01,NO
2026-01-23,SUNUSDT,Structural match with historical SUNUSDT expansion DNA.,0.38,-2.26,NO
2026-01-23,RENDERUSDT,Structural match with historical RENDERUSDT expansion DNA.,4.29,-0.54,NO
2026-01-23,PENDLEUSDT,Structural match with historical PENDLEUSDT expansion DNA.,0.74,-6.95,NO
2026-01-23,CRVUSDT,Structural match with historical CRVUSDT expansion DNA.,4.19,-0.28,NO
2026-01-23,OGUSDT,Structural match with historical OGUSDT expansion DNA.,2.79,0.81,NO
2026-01-23,ETHFIUSDT,Structural match with historical ETHFIUSDT expansion DNA.,5.35,1.67,NO
2026-01-23,USTCUSDT,Structural match with historical USTCUSDT expansion DNA.,1.86,-0.62,NO
2026-01-23,ALCXUSDT,Structural match with historical ALCXUSDT expansion DNA.,2.6,1.01,NO
2026-01-23,BCHUSDT,Structural match with historical BCHUSDT expansion DNA.,0.38,-0.58,NO
2026-01-23,BMTUSDT,Structural match with historical BMTUSDT expansion DNA.,4.85,1.32,NO
2026-01-23,FLOKIUSDT,Structural match with historical FLOKIUSDT expansion DNA.,3.98,0.16,NO
2026-01-23,HBARUSDT,Structural match with historical HBARUSDT expansion DNA.,4.08,1.16,NO
2026-01-23,HYPERUSDT,Structural match with historical HYPERUSDT expansion DNA.,3.09,-1.84,NO
2026-01-23,SANTOSUSDT,Structural match with historical SANTOSUSDT expansion DNA.,3.66,-1.14,NO
2026-01-23,IOTAUSDT,Structural match with historical IOTAUSDT expansion DNA.,3.76,2.16,NO
2026-01-23,KSMUSDT,Structural match with historical KSMUSDT expansion DNA.,2.84,0.3,NO
2026-01-23,WANUSDT,Structural match with historical WANUSDT expansion DNA.,1.84,0.14,NO
2026-01-23,WUSDT,Structural match with historical WUSDT expansion DNA.,4.78,0.34,NO
2026-01-23,ADXUSDT,Structural match with historical ADXUSDT expansion DNA.,1.95,0.33,NO
2026-01-23,SANDUSDT,Structural match with historical SANDUSDT expansion DNA.,7.84,-3.34,NO
2026-01-23,ARBUSDT,Structural match with historical ARBUSDT expansion DNA.,2.82,-0.45,NO
2026-01-23,KAITOUSDT,Structural match with historical KAITOUSDT expansion DNA.,18.31,5.33,YES
2026-01-23,CKBUSDT,Structural match with historical CKBUSDT expansion DNA.,3.11,1.49,NO
2026-01-23,TKOUSDT,Structural match with historical TKOUSDT expansion DNA.,1.47,-1.34,NO
2026-01-23,CGPTUSDT,Structural match with historical CGPTUSDT expansion DNA.,3.34,-0.64,NO
2026-01-23,BANKUSDT,Structural match with historical BANKUSDT expansion DNA.,9.14,7.2,NO
2026-01-23,1000CATUSDT,Structural match with historical 1000CATUSDT expansion DNA.,2.92,-0.36,NO
2026-01-23,MIRAUSDT,Structural match with historical MIRAUSDT expansion DNA.,12.59,8.67,YES
2026-01-23,KAVAUSDT,Structural match with historical KAVAUSDT expansion DNA.,3.39,0.75,NO
2026-01-23,SYNUSDT,Structural match with historical SYNUSDT expansion DNA.,2.77,0.0,NO
2026-01-23,HOTUSDT,Structural match with historical HOTUSDT expansion DNA.,2.3,0.21,NO
2026-01-23,SOLVUSDT,Structural match with historical SOLVUSDT expansion DNA.,5.63,-0.63,NO
2026-01-23,OGNUSDT,Structural match with historical OGNUSDT expansion DNA.,2.99,0.66,NO
2026-01-23,TRXUSDT,Structural match with historical TRXUSDT expansion DNA.,1.83,-2.46,NO
2026-01-23,WALUSDT,Structural match with historical WALUSDT expansion DNA.,2.45,-0.87,NO
2026-01-23,BATUSDT,Structural match with historical BATUSDT expansion DNA.,2.83,-1.07,NO
2026-01-23,SUSHIUSDT,Structural match with historical SUSHIUSDT expansion DNA.,3.96,-0.43,NO
2026-01-23,ORDIUSDT,Structural match with historical ORDIUSDT expansion DNA.,2.84,-1.76,NO
2026-01-23,BANANAUSDT,Structural match with historical BANANAUSDT expansion DNA.,5.22,2.36,NO
2026-01-23,OPENUSDT,Structural match with historical OPENUSDT expansion DNA.,10.41,6.15,YES
2026-01-24,FORMUSDT,Structural match with historical FORMUSDT expansion DNA.,1.85,0.8,NO
2026-01-24,MDTUSDT,Structural match with historical MDTUSDT expansion DNA.,3.25,0.24,NO
2026-01-24,AUSDT,Structural match with historical AUSDT expansion DNA.,2.21,1.95,NO
2026-01-24,STORJUSDT,Structural match with historical STORJUSDT expansion DNA.,1.95,-0.08,NO
2026-01-24,SAHARAUSDT,Structural match with historical SAHARAUSDT expansion DNA.,5.99,5.28,NO
2026-01-24,VANRYUSDT,Structural match with historical VANRYUSDT expansion DNA.,1.23,-2.47,NO
2026-01-24,OPUSDT,Structural match with historical OPUSDT expansion DNA.,0.92,-0.16,NO
2026-01-24,SUNUSDT,Structural match with historical SUNUSDT expansion DNA.,1.3,1.25,NO
2026-01-24,RENDERUSDT,Structural match with historical RENDERUSDT expansion DNA.,0.94,-0.25,NO
2026-01-24,PENDLEUSDT,Structural match with historical PENDLEUSDT expansion DNA.,2.13,-0.54,NO
2026-01-24,CRVUSDT,Structural match with historical CRVUSDT expansion DNA.,0.94,-0.72,NO
2026-01-24,OGUSDT,Structural match with historical OGUSDT expansion DNA.,1.12,0.21,NO
2026-01-24,ETHFIUSDT,Structural match with historical ETHFIUSDT expansion DNA.,0.82,-0.33,NO
2026-01-24,USTCUSDT,Structural match with historical USTCUSDT expansion DNA.,7.32,2.8,NO
2026-01-24,ALCXUSDT,Structural match with historical ALCXUSDT expansion DNA.,1.14,-0.86,NO
2026-01-24,BCHUSDT,Structural match with historical BCHUSDT expansion DNA.,0.57,-0.35,NO
2026-01-24,BMTUSDT,Structural match with historical BMTUSDT expansion DNA.,3.48,-0.43,NO
2026-01-24,FLOKIUSDT,Structural match with historical FLOKIUSDT expansion DNA.,0.69,-0.65,NO
2026-01-24,HBARUSDT,Structural match with historical HBARUSDT expansion DNA.,0.43,-0.92,NO
2026-01-24,HYPERUSDT,Structural match with historical HYPERUSDT expansion DNA.,7.4,6.55,NO
2026-01-24,SANTOSUSDT,Structural match with historical SANTOSUSDT expansion DNA.,1.23,-2.43,NO
2026-01-24,IOTAUSDT,Structural match with historical IOTAUSDT expansion DNA.,0.0,-1.34,NO
2026-01-24,KSMUSDT,Structural match with historical KSMUSDT expansion DNA.,2.24,0.6,NO
2026-01-24,WANUSDT,Structural match with historical WANUSDT expansion DNA.,1.27,0.56,NO
2026-01-24,WUSDT,Structural match with historical WUSDT expansion DNA.,3.74,2.38,NO
2026-01-24,ADXUSDT,Structural match with historical ADXUSDT expansion DNA.,0.22,-0.11,NO
2026-01-24,SANDUSDT,Structural match with historical SANDUSDT expansion DNA.,0.5,-6.48,NO
2026-01-24,ARBUSDT,Structural match with historical ARBUSDT expansion DNA.,2.6,-0.28,NO
2026-01-24,KAITOUSDT,Structural match with historical KAITOUSDT expansion DNA.,2.91,1.81,NO
2026-01-24,CKBUSDT,Structural match with historical CKBUSDT expansion DNA.,2.82,1.67,NO
2026-01-24,TKOUSDT,Structural match with historical TKOUSDT expansion DNA.,1.24,-0.37,NO
2026-01-24,CGPTUSDT,Structural match with historical CGPTUSDT expansion DNA.,4.72,2.65,NO
2026-01-24,BANKUSDT,Structural match with historical BANKUSDT expansion DNA.,6.35,-8.17,NO
2026-01-24,1000CATUSDT,Structural match with historical 1000CATUSDT expansion DNA.,2.56,0.0,NO
2026-01-24,MIRAUSDT,Structural match with historical MIRAUSDT expansion DNA.,12.43,11.36,YES
2026-01-24,KAVAUSDT,Structural match with historical KAVAUSDT expansion DNA.,2.74,0.87,NO
2026-01-24,SYNUSDT,Structural match with historical SYNUSDT expansion DNA.,1.48,-2.4,NO
2026-01-24,HOTUSDT,Structural match with historical HOTUSDT expansion DNA.,0.62,-0.63,NO
2026-01-24,SOLVUSDT,Structural match with historical SOLVUSDT expansion DNA.,16.38,2.91,YES
2026-01-24,OGNUSDT,Structural match with historical OGNUSDT expansion DNA.,1.32,0.33,NO
2026-01-24,TRXUSDT,Structural match with historical TRXUSDT expansion DNA.,0.07,-0.84,NO
2026-01-24,WALUSDT,Structural match with historical WALUSDT expansion DNA.,2.79,2.15,NO
2026-01-24,BATUSDT,Structural match with historical BATUSDT expansion DNA.,0.81,-3.45,NO
2026-01-24,SUSHIUSDT,Structural match with historical SUSHIUSDT expansion DNA.,1.59,0.56,NO
2026-01-24,ORDIUSDT,Structural match with historical ORDIUSDT expansion DNA.,2.5,1.12,NO
2026-01-24,BANANAUSDT,Structural match with historical BANANAUSDT expansion DNA.,6.74,0.99,NO
2026-01-24,OPENUSDT,Structural match with historical OPENUSDT expansion DNA.,21.21,18.66,YES
2026-01-25,FORMUSDT,Structural match with historical FORMUSDT expansion DNA.,1.62,-7.2,NO
2026-01-25,MDTUSDT,Structural match with historical MDTUSDT expansion DNA.,1.66,-4.34,NO
2026-01-25,AUSDT,Structural match with historical AUSDT expansion DNA.,0.17,-4.34,NO
2026-01-25,STORJUSDT,Structural match with historical STORJUSDT expansion DNA.,0.31,-5.14,NO
2026-01-25,SAHARAUSDT,Structural match with historical SAHARAUSDT expansion DNA.,4.7,-5.97,NO
2026-01-25,VANRYUSDT,Structural match with historical VANRYUSDT expansion DNA.,1.27,-8.86,NO
2026-01-25,OPUSDT,Structural match with historical OPUSDT expansion DNA.,0.86,-5.69,NO
2026-01-25,SUNUSDT,Structural match with historical SUNUSDT expansion DNA.,0.19,-1.76,NO
2026-01-25,RENDERUSDT,Structural match with historical RENDERUSDT expansion DNA.,0.4,-7.0,NO
2026-01-25,PENDLEUSDT,Structural match with historical PENDLEUSDT expansion DNA.,1.79,-8.11,NO
2026-01-25,CRVUSDT,Structural match with historical CRVUSDT expansion DNA.,1.53,-4.18,NO
2026-01-25,OGUSDT,Structural match with historical OGUSDT expansion DNA.,3.43,-6.35,NO
2026-01-25,ETHFIUSDT,Structural match with historical ETHFIUSDT expansion DNA.,0.83,-6.27,NO
2026-01-25,USTCUSDT,Structural match with historical USTCUSDT expansion DNA.,1.06,-5.91,NO
2026-01-25,ALCXUSDT,Structural match with historical ALCXUSDT expansion DNA.,3.9,-5.05,NO
2026-01-25,BCHUSDT,Structural match with historical BCHUSDT expansion DNA.,0.39,-3.61,NO
2026-01-25,BMTUSDT,Structural match with historical BMTUSDT expansion DNA.,2.62,-3.06,NO
2026-01-25,FLOKIUSDT,Structural match with historical FLOKIUSDT expansion DNA.,0.39,-5.92,NO
2026-01-25,HBARUSDT,Structural match with historical HBARUSDT expansion DNA.,0.24,-4.8,NO
2026-01-25,HYPERUSDT,Structural match with historical HYPERUSDT expansion DNA.,8.3,-2.0,NO
2026-01-25,SANTOSUSDT,Structural match with historical SANTOSUSDT expansion DNA.,2.28,-6.28,NO
2026-01-25,IOTAUSDT,Structural match with historical IOTAUSDT expansion DNA.,0.45,-5.99,NO
2026-01-25,KSMUSDT,Structural match with historical KSMUSDT expansion DNA.,0.59,-5.48,NO
2026-01-25,WANUSDT,Structural match with historical WANUSDT expansion DNA.,0.14,-3.51,NO
2026-01-25,WUSDT,Structural match with historical WUSDT expansion DNA.,2.33,-6.64,NO
2026-01-25,ADXUSDT,Structural match with historical ADXUSDT expansion DNA.,0.22,-6.16,NO
2026-01-25,SANDUSDT,Structural match with historical SANDUSDT expansion DNA.,0.13,-12.58,NO
2026-01-25,ARBUSDT,Structural match with historical ARBUSDT expansion DNA.,0.51,-5.1,NO
2026-01-25,KAITOUSDT,Structural match with historical KAITOUSDT expansion DNA.,-0.05,-7.5,NO
2026-01-25,CKBUSDT,Structural match with historical CKBUSDT expansion DNA.,2.61,-5.94,NO
2026-01-25,TKOUSDT,Structural match with historical TKOUSDT expansion DNA.,0.62,-4.1,NO
2026-01-25,CGPTUSDT,Structural match with historical CGPTUSDT expansion DNA.,1.42,-8.42,NO
2026-01-25,BANKUSDT,Structural match with historical BANKUSDT expansion DNA.,6.32,3.95,NO
2026-01-25,1000CATUSDT,Structural match with historical 1000CATUSDT expansion DNA.,0.37,-9.16,NO
2026-01-25,MIRAUSDT,Structural match with historical MIRAUSDT expansion DNA.,34.94,-10.34,YES
2026-01-25,KAVAUSDT,Structural match with historical KAVAUSDT expansion DNA.,0.99,-7.28,NO
2026-01-25,SYNUSDT,Structural match with historical SYNUSDT expansion DNA.,0.95,-3.98,NO
2026-01-25,HOTUSDT,Structural match with historical HOTUSDT expansion DNA.,0.42,-4.19,NO
2026-01-25,SOLVUSDT,Structural match with historical SOLVUSDT expansion DNA.,5.66,-5.74,NO
2026-01-25,OGNUSDT,Structural match with historical OGNUSDT expansion DNA.,0.33,-5.59,NO
2026-01-25,TRXUSDT,Structural match with historical TRXUSDT expansion DNA.,1.15,0.1,NO
2026-01-25,WALUSDT,Structural match with historical WALUSDT expansion DNA.,5.61,-6.39,NO
2026-01-25,BATUSDT,Structural match with historical BATUSDT expansion DNA.,1.01,-7.04,NO
2026-01-25,SUSHIUSDT,Structural match with historical SUSHIUSDT expansion DNA.,0.16,-6.19,NO
2026-01-25,ORDIUSDT,Structural match with historical ORDIUSDT expansion DNA.,0.57,-6.88,NO
2026-01-25,BANANAUSDT,Structural match with historical BANANAUSDT expansion DNA.,29.48,1.79,YES
2026-01-25,OPENUSDT,Structural match with historical OPENUSDT expansion DNA.,2.52,-17.66,NO
2026-01-26,FORMUSDT,Structural match with historical FORMUSDT expansion DNA.,4.44,3.42,NO
2026-01-26,MDTUSDT,Structural match with historical MDTUSDT expansion DNA.,17.42,0.17,YES
2026-01-26,AUSDT,Structural match with historical AUSDT expansion DNA.,2.18,1.09,NO
2026-01-26,STORJUSDT,Structural match with historical STORJUSDT expansion DNA.,4.52,4.02,NO
2026-01-26,VANRYUSDT,Structural match with historical VANRYUSDT expansion DNA.,9.72,6.94,NO
2026-01-26,OPUSDT,Structural match with historical OPUSDT expansion DNA.,5.3,3.94,NO
2026-01-26,SUNUSDT,Structural match with historical SUNUSDT expansion DNA.,0.24,-5.09,NO
2026-01-26,RENDERUSDT,Structural match with historical RENDERUSDT expansion DNA.,5.56,1.5,NO
2026-01-26,PENDLEUSDT,Structural match with historical PENDLEUSDT expansion DNA.,6.98,4.66,NO
2026-01-26,CRVUSDT,Structural match with historical CRVUSDT expansion DNA.,4.21,3.11,NO
2026-01-26,OGUSDT,Structural match with historical OGUSDT expansion DNA.,3.0,2.64,NO
2026-01-26,ETHFIUSDT,Structural match with historical ETHFIUSDT expansion DNA.,7.22,5.99,NO
2026-01-26,USTCUSDT,Structural match with historical USTCUSDT expansion DNA.,4.35,3.86,NO
2026-01-26,ALCXUSDT,Structural match with historical ALCXUSDT expansion DNA.,5.78,3.19,NO
2026-01-26,BCHUSDT,Structural match with historical BCHUSDT expansion DNA.,1.94,1.14,NO
2026-01-26,BMTUSDT,Structural match with historical BMTUSDT expansion DNA.,3.6,3.15,NO
2026-01-26,FLOKIUSDT,Structural match with historical FLOKIUSDT expansion DNA.,4.72,2.74,NO
2026-01-26,HBARUSDT,Structural match with historical HBARUSDT expansion DNA.,4.57,3.22,NO
2026-01-26,HYPERUSDT,Structural match with historical HYPERUSDT expansion DNA.,4.4,2.85,NO
2026-01-26,SANTOSUSDT,Structural match with historical SANTOSUSDT expansion DNA.,5.89,5.13,NO
2026-01-26,IOTAUSDT,Structural match with historical IOTAUSDT expansion DNA.,5.53,3.85,NO
2026-01-26,KSMUSDT,Structural match with historical KSMUSDT expansion DNA.,7.05,5.64,NO
2026-01-26,WANUSDT,Structural match with historical WANUSDT expansion DNA.,18.05,4.8,YES
2026-01-26,WUSDT,Structural match with historical WUSDT expansion DNA.,6.05,4.27,NO
2026-01-26,ADXUSDT,Structural match with historical ADXUSDT expansion DNA.,4.72,4.49,NO
2026-01-26,SANDUSDT,Structural match with historical SANDUSDT expansion DNA.,6.15,2.15,NO
2026-01-26,ARBUSDT,Structural match with historical ARBUSDT expansion DNA.,3.59,1.67,NO
2026-01-26,KAITOUSDT,Structural match with historical KAITOUSDT expansion DNA.,6.2,4.25,NO
2026-01-26,CKBUSDT,Structural match with historical CKBUSDT expansion DNA.,4.1,2.65,NO
2026-01-26,TKOUSDT,Structural match with historical TKOUSDT expansion DNA.,4.27,2.46,NO
2026-01-26,CGPTUSDT,Structural match with historical CGPTUSDT expansion DNA.,5.44,3.92,NO
2026-01-26,BANKUSDT,Structural match with historical BANKUSDT expansion DNA.,7.79,0.95,NO
2026-01-26,1000CATUSDT,Structural match with historical 1000CATUSDT expansion DNA.,6.45,5.24,NO
2026-01-26,MIRAUSDT,Structural match with historical MIRAUSDT expansion DNA.,21.45,-1.23,YES
2026-01-26,KAVAUSDT,Structural match with historical KAVAUSDT expansion DNA.,5.46,3.33,NO
2026-01-26,SYNUSDT,Structural match with historical SYNUSDT expansion DNA.,5.92,3.55,NO
2026-01-26,HOTUSDT,Structural match with historical HOTUSDT expansion DNA.,16.19,4.38,YES
2026-01-26,SOLVUSDT,Structural match with historical SOLVUSDT expansion DNA.,2.19,-2.44,NO
2026-01-26,OGNUSDT,Structural match with historical OGNUSDT expansion DNA.,5.92,4.88,NO
2026-01-26,TRXUSDT,Structural match with historical TRXUSDT expansion DNA.,0.54,0.3,NO
2026-01-26,WALUSDT,Structural match with historical WALUSDT expansion DNA.,4.16,3.25,NO
2026-01-26,BATUSDT,Structural match with historical BATUSDT expansion DNA.,7.81,4.86,NO
2026-01-26,SUSHIUSDT,Structural match with historical SUSHIUSDT expansion DNA.,7.51,4.21,NO
2026-01-26,ORDIUSDT,Structural match with historical ORDIUSDT expansion DNA.,5.41,3.92,NO
2026-01-26,BANANAUSDT,Structural match with historical BANANAUSDT expansion DNA.,7.2,0.16,NO
2026-01-26,OPENUSDT,Structural match with historical OPENUSDT expansion DNA.,13.62,11.47,YES
2026-01-27,FORMUSDT,Structural match with historical FORMUSDT expansion DNA.,1.53,-1.46,NO
2026-01-27,MDTUSDT,Structural match with historical MDTUSDT expansion DNA.,5.94,0.99,NO
2026-01-27,AUSDT,Structural match with historical AUSDT expansion DNA.,-0.09,-1.62,NO
2026-01-27,STORJUSDT,Structural match with historical STORJUSDT expansion DNA.,3.0,-1.1,NO
2026-01-27,SAHARAUSDT,Structural match with historical SAHARAUSDT expansion DNA.,0.04,-3.61,NO
2026-01-27,VANRYUSDT,Structural match with historical VANRYUSDT expansion DNA.,2.6,-2.6,NO
2026-01-27,OPUSDT,Structural match with historical OPUSDT expansion DNA.,0.87,-1.04,NO
2026-01-27,SUNUSDT,Structural match with historical SUNUSDT expansion DNA.,0.05,-7.97,NO
2026-01-27,RENDERUSDT,Structural match with historical RENDERUSDT expansion DNA.,1.05,-4.58,NO
2026-01-27,PENDLEUSDT,Structural match with historical PENDLEUSDT expansion DNA.,0.78,-2.69,NO
2026-01-27,CRVUSDT,Structural match with historical CRVUSDT expansion DNA.,0.23,-4.17,NO
2026-01-27,OGUSDT,Structural match with historical OGUSDT expansion DNA.,2.14,-2.9,NO
2026-01-27,ETHFIUSDT,Structural match with historical ETHFIUSDT expansion DNA.,0.66,-1.99,NO
2026-01-27,USTCUSDT,Structural match with historical USTCUSDT expansion DNA.,0.47,-2.48,NO
2026-01-27,ALCXUSDT,Structural match with historical ALCXUSDT expansion DNA.,0.59,-2.06,NO
2026-01-27,BCHUSDT,Structural match with historical BCHUSDT expansion DNA.,3.47,1.68,NO
2026-01-27,BMTUSDT,Structural match with historical BMTUSDT expansion DNA.,0.0,-3.06,NO
2026-01-27,FLOKIUSDT,Structural match with historical FLOKIUSDT expansion DNA.,1.68,-0.99,NO
2026-01-27,HBARUSDT,Structural match with historical HBARUSDT expansion DNA.,0.99,-1.03,NO
2026-01-27,HYPERUSDT,Structural match with historical HYPERUSDT expansion DNA.,0.0,-2.14,NO
2026-01-27,SANTOSUSDT,Structural match with historical SANTOSUSDT expansion DNA.,3.55,-0.43,NO
2026-01-27,IOTAUSDT,Structural match with historical IOTAUSDT expansion DNA.,0.58,-2.66,NO
2026-01-27,KSMUSDT,Structural match with historical KSMUSDT expansion DNA.,0.74,-1.63,NO
2026-01-27,WANUSDT,Structural match with historical WANUSDT expansion DNA.,0.69,-1.25,NO
2026-01-27,WUSDT,Structural match with historical WUSDT expansion DNA.,0.34,-2.73,NO
2026-01-27,ADXUSDT,Structural match with historical ADXUSDT expansion DNA.,0.44,-1.76,NO
2026-01-27,SANDUSDT,Structural match with historical SANDUSDT expansion DNA.,3.31,-4.67,NO
2026-01-27,ARBUSDT,Structural match with historical ARBUSDT expansion DNA.,0.94,-1.53,NO
2026-01-27,KAITOUSDT,Structural match with historical KAITOUSDT expansion DNA.,1.14,-0.9,NO
2026-01-27,CKBUSDT,Structural match with historical CKBUSDT expansion DNA.,1.91,-2.37,NO
2026-01-27,TKOUSDT,Structural match with historical TKOUSDT expansion DNA.,3.16,-1.26,NO
2026-01-27,CGPTUSDT,Structural match with historical CGPTUSDT expansion DNA.,0.79,-3.71,NO
2026-01-27,BANKUSDT,Structural match with historical BANKUSDT expansion DNA.,0.38,-4.71,NO
2026-01-27,1000CATUSDT,Structural match with historical 1000CATUSDT expansion DNA.,1.92,-0.77,NO
2026-01-27,MIRAUSDT,Structural match with historical MIRAUSDT expansion DNA.,2.8,-5.14,NO
2026-01-27,KAVAUSDT,Structural match with historical KAVAUSDT expansion DNA.,0.77,-2.32,NO
2026-01-27,SYNUSDT,Structural match with historical SYNUSDT expansion DNA.,0.19,-3.62,NO
2026-01-27,HOTUSDT,Structural match with historical HOTUSDT expansion DNA.,1.47,-1.89,NO
2026-01-27,SOLVUSDT,Structural match with historical SOLVUSDT expansion DNA.,2.66,0.5,NO
2026-01-27,OGNUSDT,Structural match with historical OGNUSDT expansion DNA.,1.0,-1.33,NO
2026-01-27,TRXUSDT,Structural match with historical TRXUSDT expansion DNA.,0.03,-0.98,NO
2026-01-27,WALUSDT,Structural match with historical WALUSDT expansion DNA.,0.48,-2.9,NO
2026-01-27,BATUSDT,Structural match with historical BATUSDT expansion DNA.,1.95,-2.18,NO
2026-01-27,SUSHIUSDT,Structural match with historical SUSHIUSDT expansion DNA.,1.11,-1.55,NO
2026-01-27,ORDIUSDT,Structural match with historical ORDIUSDT expansion DNA.,0.61,-1.63,NO
2026-01-27,BANANAUSDT,Structural match with historical BANANAUSDT expansion DNA.,3.83,0.96,NO
2026-01-28,FORMUSDT,Structural match with historical FORMUSDT expansion DNA.,1.26,0.77,NO
2026-01-28,MDTUSDT,Structural match with historical MDTUSDT expansion DNA.,4.33,4.24,NO
2026-01-28,AUSDT,Structural match with historical AUSDT expansion DNA.,0.91,0.91,NO
2026-01-28,STORJUSDT,Structural match with historical STORJUSDT expansion DNA.,2.08,1.92,NO
2026-01-28,SAHARAUSDT,Structural match with historical SAHARAUSDT expansion DNA.,7.4,5.38,NO
2026-01-28,VANRYUSDT,Structural match with historical VANRYUSDT expansion DNA.,4.0,4.0,NO
2026-01-28,OPUSDT,Structural match with historical OPUSDT expansion DNA.,2.58,2.37,NO
2026-01-28,SUNUSDT,Structural match with historical SUNUSDT expansion DNA.,-2.28,-2.72,NO
2026-01-28,RENDERUSDT,Structural match with historical RENDERUSDT expansion DNA.,3.2,2.7,NO
2026-01-28,PENDLEUSDT,Structural match with historical PENDLEUSDT expansion DNA.,1.7,1.59,NO
2026-01-28,CRVUSDT,Structural match with historical CRVUSDT expansion DNA.,1.88,1.76,NO
2026-01-28,OGUSDT,Structural match with historical OGUSDT expansion DNA.,1.84,1.59,NO
2026-01-28,ETHFIUSDT,Structural match with historical ETHFIUSDT expansion DNA.,8.31,7.46,NO
2026-01-28,USTCUSDT,Structural match with historical USTCUSDT expansion DNA.,2.38,2.23,NO
2026-01-28,ALCXUSDT,Structural match with historical ALCXUSDT expansion DNA.,4.66,4.51,NO
2026-01-28,BCHUSDT,Structural match with historical BCHUSDT expansion DNA.,2.11,2.04,NO
2026-01-28,BMTUSDT,Structural match with historical BMTUSDT expansion DNA.,2.7,2.7,NO
2026-01-28,FLOKIUSDT,Structural match with historical FLOKIUSDT expansion DNA.,2.31,2.04,NO
2026-01-28,HBARUSDT,Structural match with historical HBARUSDT expansion DNA.,2.61,2.55,NO
2026-01-28,HYPERUSDT,Structural match with historical HYPERUSDT expansion DNA.,3.32,2.91,NO
2026-01-28,SANTOSUSDT,Structural match with historical SANTOSUSDT expansion DNA.,2.45,2.28,NO
2026-01-28,IOTAUSDT,Structural match with historical IOTAUSDT expansion DNA.,4.4,3.69,NO
2026-01-28,KSMUSDT,Structural match with historical KSMUSDT expansion DNA.,2.56,2.56,NO
2026-01-28,WANUSDT,Structural match with historical WANUSDT expansion DNA.,2.25,2.25,NO
2026-01-28,WUSDT,Structural match with historical WUSDT expansion DNA.,2.11,1.75,NO
2026-01-28,ADXUSDT,Structural match with historical ADXUSDT expansion DNA.,0.9,0.9,NO
2026-01-28,SANDUSDT,Structural match with historical SANDUSDT expansion DNA.,2.21,2.13,NO
2026-01-28,ARBUSDT,Structural match with historical ARBUSDT expansion DNA.,2.63,2.51,NO
2026-01-28,KAITOUSDT,Structural match with historical KAITOUSDT expansion DNA.,5.37,4.93,NO
2026-01-28,CKBUSDT,Structural match with historical CKBUSDT expansion DNA.,3.83,3.83,NO
2026-01-28,TKOUSDT,Structural match with historical TKOUSDT expansion DNA.,4.87,4.61,NO
2026-01-28,CGPTUSDT,Structural match with historical CGPTUSDT expansion DNA.,2.51,2.37,NO
2026-01-28,BANKUSDT,Structural match with historical BANKUSDT expansion DNA.,1.19,1.19,NO
2026-01-28,1000CATUSDT,Structural match with historical 1000CATUSDT expansion DNA.,2.7,2.32,NO
2026-01-28,MIRAUSDT,Structural match with historical MIRAUSDT expansion DNA.,1.64,0.82,NO
2026-01-28,KAVAUSDT,Structural match with historical KAVAUSDT expansion DNA.,3.56,3.17,NO
2026-01-28,SYNUSDT,Structural match with historical SYNUSDT expansion DNA.,3.56,3.56,NO
2026-01-28,HOTUSDT,Structural match with historical HOTUSDT expansion DNA.,1.71,1.71,NO
2026-01-28,SOLVUSDT,Structural match with historical SOLVUSDT expansion DNA.,6.46,6.29,NO
2026-01-28,OGNUSDT,Structural match with historical OGNUSDT expansion DNA.,3.03,3.03,NO
2026-01-28,TRXUSDT,Structural match with historical TRXUSDT expansion DNA.,0.34,0.17,NO
2026-01-28,WALUSDT,Structural match with historical WALUSDT expansion DNA.,1.25,1.08,NO
2026-01-28,BATUSDT,Structural match with historical BATUSDT expansion DNA.,2.34,2.34,NO
2026-01-28,SUSHIUSDT,Structural match with historical SUSHIUSDT expansion DNA.,3.8,3.56,NO
2026-01-28,ORDIUSDT,Structural match with historical ORDIUSDT expansion DNA.,3.06,2.67,NO
2026-01-28,BANANAUSDT,Structural match with historical BANANAUSDT expansion DNA.,1.42,1.42,NO
2026-01-28,OPENUSDT,Structural match with historical OPENUSDT expansion DNA.,2.24,1.62,NO
2026-01-29,FORMUSDT,Structural match with historical FORMUSDT expansion DNA.,-0.35,-3.01,NO
2026-01-29,MDTUSDT,Structural match with historical MDTUSDT expansion DNA.,-1.49,-2.58,NO
2026-01-29,AUSDT,Structural match with historical AUSDT expansion DNA.,-0.27,-3.71,NO
2026-01-29,STORJUSDT,Structural match with historical STORJUSDT expansion DNA.,-1.72,-4.7,NO
2026-01-29,SAHARAUSDT,Structural match with historical SAHARAUSDT expansion DNA.,27.76,-3.51,YES
2026-01-29,VANRYUSDT,Structural match with historical VANRYUSDT expansion DNA.,0.0,-4.1,NO
2026-01-29,OPUSDT,Structural match with historical OPUSDT expansion DNA.,0.2,-5.04,NO
2026-01-29,SUNUSDT,Structural match with historical SUNUSDT expansion DNA.,8.04,4.39,NO
2026-01-29,RENDERUSDT,Structural match with historical RENDERUSDT expansion DNA.,7.79,-2.2,NO
2026-01-29,PENDLEUSDT,Structural match with historical PENDLEUSDT expansion DNA.,5.91,2.93,NO
2026-01-29,CRVUSDT,Structural match with historical CRVUSDT expansion DNA.,2.37,-2.17,NO
2026-01-29,OGUSDT,Structural match with historical OGUSDT expansion DNA.,-0.14,-3.59,NO
2026-01-29,ETHFIUSDT,Structural match with historical ETHFIUSDT expansion DNA.,-1.74,-5.68,NO
2026-01-29,USTCUSDT,Structural match with historical USTCUSDT expansion DNA.,-1.09,-4.98,NO
2026-01-29,ALCXUSDT,Structural match with historical ALCXUSDT expansion DNA.,-2.59,-4.89,NO
2026-01-29,BCHUSDT,Structural match with historical BCHUSDT expansion DNA.,-1.5,-3.4,NO
2026-01-29,BMTUSDT,Structural match with historical BMTUSDT expansion DNA.,-2.63,-6.05,NO
2026-01-29,FLOKIUSDT,Structural match with historical FLOKIUSDT expansion DNA.,-0.59,-3.78,NO
2026-01-29,HBARUSDT,Structural match with historical HBARUSDT expansion DNA.,-0.73,-3.68,NO
2026-01-29,HYPERUSDT,Structural match with historical HYPERUSDT expansion DNA.,1.89,-1.34,NO
2026-01-29,SANTOSUSDT,Structural match with historical SANTOSUSDT expansion DNA.,-1.05,-9.58,NO
2026-01-29,IOTAUSDT,Structural match with historical IOTAUSDT expansion DNA.,-1.26,-3.33,NO
2026-01-29,KSMUSDT,Structural match with historical KSMUSDT expansion DNA.,0.29,-2.35,NO
2026-01-29,WANUSDT,Structural match with historical WANUSDT expansion DNA.,-0.55,-1.79,NO
2026-01-29,WUSDT,Structural match with historical WUSDT expansion DNA.,1.03,-3.1,NO
2026-01-29,ADXUSDT,Structural match with historical ADXUSDT expansion DNA.,-1.22,-3.45,NO
2026-01-29,SANDUSDT,Structural match with historical SANDUSDT expansion DNA.,-4.56,-8.43,NO
2026-01-29,ARBUSDT,Structural match with historical ARBUSDT expansion DNA.,0.41,-4.08,NO
2026-01-29,KAITOUSDT,Structural match with historical KAITOUSDT expansion DNA.,1.07,-3.81,NO
2026-01-29,CKBUSDT,Structural match with historical CKBUSDT expansion DNA.,-3.65,-6.85,NO
2026-01-29,TKOUSDT,Structural match with historical TKOUSDT expansion DNA.,-2.94,-5.88,NO
2026-01-29,CGPTUSDT,Structural match with historical CGPTUSDT expansion DNA.,-0.5,-4.94,NO
2026-01-29,BANKUSDT,Structural match with historical BANKUSDT expansion DNA.,3.52,1.56,NO
2026-01-29,1000CATUSDT,Structural match with historical 1000CATUSDT expansion DNA.,-1.51,-6.04,NO
2026-01-29,MIRAUSDT,Structural match with historical MIRAUSDT expansion DNA.,6.18,0.57,NO
2026-01-29,KAVAUSDT,Structural match with historical KAVAUSDT expansion DNA.,-1.02,-4.86,NO
2026-01-29,SYNUSDT,Structural match with historical SYNUSDT expansion DNA.,38.17,18.7,YES
2026-01-29,HOTUSDT,Structural match with historical HOTUSDT expansion DNA.,-1.05,-3.57,NO
2026-01-29,SOLVUSDT,Structural match with historical SOLVUSDT expansion DNA.,-3.5,-6.0,NO
2026-01-29,OGNUSDT,Structural match with historical OGNUSDT expansion DNA.,-0.98,-4.48,NO
2026-01-29,TRXUSDT,Structural match with historical TRXUSDT expansion DNA.,0.48,0.24,NO
2026-01-29,WALUSDT,Structural match with historical WALUSDT expansion DNA.,0.08,-4.27,NO
2026-01-29,BATUSDT,Structural match with historical BATUSDT expansion DNA.,-0.8,-6.69,NO
2026-01-29,SUSHIUSDT,Structural match with historical SUSHIUSDT expansion DNA.,-0.23,-4.82,NO
2026-01-29,ORDIUSDT,Structural match with historical ORDIUSDT expansion DNA.,-0.98,-2.98,NO
2026-01-29,BANANAUSDT,Structural match with historical BANANAUSDT expansion DNA.,-2.03,-5.15,NO
2026-01-29,OPENUSDT,Structural match with historical OPENUSDT expansion DNA.,-1.41,-6.37,NO
2026-01-30,FORMUSDT,Structural match with historical FORMUSDT expansion DNA.,-3.33,-3.47,NO
2026-01-30,MDTUSDT,Structural match with historical MDTUSDT expansion DNA.,-1.93,-2.17,NO
2026-01-30,AUSDT,Structural match with historical AUSDT expansion DNA.,-3.29,-3.57,NO
2026-01-30,STORJUSDT,Structural match with historical STORJUSDT expansion DNA.,-2.14,-2.71,NO
2026-01-30,SAHARAUSDT,Structural match with historical SAHARAUSDT expansion DNA.,-1.4,-4.99,NO
2026-01-30,VANRYUSDT,Structural match with historical VANRYUSDT expansion DNA.,-5.28,-5.8,NO
2026-01-30,OPUSDT,Structural match with historical OPUSDT expansion DNA.,-4.64,-4.95,NO
2026-01-30,SUNUSDT,Structural match with historical SUNUSDT expansion DNA.,5.14,3.72,NO
2026-01-30,RENDERUSDT,Structural match with historical RENDERUSDT expansion DNA.,-3.51,-4.06,NO
2026-01-30,PENDLEUSDT,Structural match with historical PENDLEUSDT expansion DNA.,-1.83,-2.75,NO
2026-01-30,CRVUSDT,Structural match with historical CRVUSDT expansion DNA.,-2.33,-2.57,NO
2026-01-30,OGUSDT,Structural match with historical OGUSDT expansion DNA.,-1.28,-1.74,NO
2026-01-30,ETHFIUSDT,Structural match with historical ETHFIUSDT expansion DNA.,-4.35,-4.52,NO
2026-01-30,USTCUSDT,Structural match with historical USTCUSDT expansion DNA.,-0.33,-0.65,NO
2026-01-30,ALCXUSDT,Structural match with historical ALCXUSDT expansion DNA.,-1.66,-2.42,NO
2026-01-30,BCHUSDT,Structural match with historical BCHUSDT expansion DNA.,-4.26,-4.91,NO
2026-01-30,BMTUSDT,Structural match with historical BMTUSDT expansion DNA.,-4.2,-4.44,NO
2026-01-30,FLOKIUSDT,Structural match with historical FLOKIUSDT expansion DNA.,-2.5,-2.6,NO
2026-01-30,HBARUSDT,Structural match with historical HBARUSDT expansion DNA.,-2.47,-2.84,NO
2026-01-30,HYPERUSDT,Structural match with historical HYPERUSDT expansion DNA.,-3.43,-4.06,NO
2026-01-30,SANTOSUSDT,Structural match with historical SANTOSUSDT expansion DNA.,-4.32,-5.43,NO
2026-01-30,IOTAUSDT,Structural match with historical IOTAUSDT expansion DNA.,-2.73,-2.85,NO
2026-01-30,KSMUSDT,Structural match with historical KSMUSDT expansion DNA.,-6.48,-6.63,NO
2026-01-30,WANUSDT,Structural match with historical WANUSDT expansion DNA.,-1.82,-2.52,NO
2026-01-30,WUSDT,Structural match with historical WUSDT expansion DNA.,-5.34,-6.05,NO
2026-01-30,ADXUSDT,Structural match with historical ADXUSDT expansion DNA.,-1.96,-2.88,NO
2026-01-30,SANDUSDT,Structural match with historical SANDUSDT expansion DNA.,-2.7,-3.04,NO
2026-01-30,ARBUSDT,Structural match with historical ARBUSDT expansion DNA.,-3.4,-3.76,NO
2026-01-30,KAITOUSDT,Structural match with historical KAITOUSDT expansion DNA.,-3.47,-4.4,NO
2026-01-30,CKBUSDT,Structural match with historical CKBUSDT expansion DNA.,-5.9,-7.17,NO
2026-01-30,TKOUSDT,Structural match with historical TKOUSDT expansion DNA.,-3.12,-4.16,NO
2026-01-30,CGPTUSDT,Structural match with historical CGPTUSDT expansion DNA.,-2.97,-3.11,NO
2026-01-30,BANKUSDT,Structural match with historical BANKUSDT expansion DNA.,0.0,-0.58,NO
2026-01-30,1000CATUSDT,Structural match with historical 1000CATUSDT expansion DNA.,-3.61,-4.42,NO
2026-01-30,MIRAUSDT,Structural match with historical MIRAUSDT expansion DNA.,-6.31,-7.36,NO
2026-01-30,KAVAUSDT,Structural match with historical KAVAUSDT expansion DNA.,-1.61,-1.75,NO
2026-01-30,SYNUSDT,Structural match with historical SYNUSDT expansion DNA.,5.79,4.82,NO
2026-01-30,HOTUSDT,Structural match with historical HOTUSDT expansion DNA.,-1.96,-2.18,NO
2026-01-30,SOLVUSDT,Structural match with historical SOLVUSDT expansion DNA.,-3.23,-3.81,NO
2026-01-30,OGNUSDT,Structural match with historical OGNUSDT expansion DNA.,-2.63,-3.32,NO
2026-01-30,TRXUSDT,Structural match with historical TRXUSDT expansion DNA.,0.2,-0.07,NO
2026-01-30,WALUSDT,Structural match with historical WALUSDT expansion DNA.,-7.73,-8.24,NO
2026-01-30,BATUSDT,Structural match with historical BATUSDT expansion DNA.,-3.92,-4.11,NO
2026-01-30,SUSHIUSDT,Structural match with historical SUSHIUSDT expansion DNA.,-3.85,-4.1,NO
2026-01-30,ORDIUSDT,Structural match with historical ORDIUSDT expansion DNA.,-2.34,-2.73,NO
2026-01-30,BANANAUSDT,Structural match with historical BANANAUSDT expansion DNA.,-3.45,-4.44,NO
2026-01-30,OPENUSDT,Structural match with historical OPENUSDT expansion DNA.,-1.57,-2.09,NO
2026-01-31,FORMUSDT,Structural match with historical FORMUSDT expansion DNA.,3.25,-1.68,NO
2026-01-31,MDTUSDT,Structural match with historical MDTUSDT expansion DNA.,8.22,0.74,NO
2026-01-31,AUSDT,Structural match with historical AUSDT expansion DNA.,-1.56,-4.87,NO
2026-01-31,STORJUSDT,Structural match with historical STORJUSDT expansion DNA.,-0.51,-2.2,NO
2026-01-31,SAHARAUSDT,Structural match with historical SAHARAUSDT expansion DNA.,2.05,-3.29,NO
2026-01-31,VANRYUSDT,Structural match with historical VANRYUSDT expansion DNA.,5.12,0.54,NO
2026-01-31,OPUSDT,Structural match with historical OPUSDT expansion DNA.,-3.08,-6.79,NO
2026-01-31,SUNUSDT,Structural match with historical SUNUSDT expansion DNA.,-3.37,-6.8,NO
2026-01-31,RENDERUSDT,Structural match with historical RENDERUSDT expansion DNA.,-1.09,-5.55,NO
2026-01-31,PENDLEUSDT,Structural match with historical PENDLEUSDT expansion DNA.,-7.95,-12.39,NO
2026-01-31,CRVUSDT,Structural match with historical CRVUSDT expansion DNA.,-3.64,-6.3,NO
2026-01-31,OGUSDT,Structural match with historical OGUSDT expansion DNA.,-0.96,-4.69,NO
2026-01-31,ETHFIUSDT,Structural match with historical ETHFIUSDT expansion DNA.,-1.05,-6.83,NO
2026-01-31,USTCUSDT,Structural match with historical USTCUSDT expansion DNA.,1.81,-2.8,NO
2026-01-31,ALCXUSDT,Structural match with historical ALCXUSDT expansion DNA.,0.93,-2.95,NO
2026-01-31,BCHUSDT,Structural match with historical BCHUSDT expansion DNA.,0.47,-2.76,NO
2026-01-31,BMTUSDT,Structural match with historical BMTUSDT expansion DNA.,0.39,-3.66,NO
2026-01-31,FLOKIUSDT,Structural match with historical FLOKIUSDT expansion DNA.,-0.33,-4.8,NO
2026-01-31,HBARUSDT,Structural match with historical HBARUSDT expansion DNA.,-2.43,-5.89,NO
2026-01-31,HYPERUSDT,Structural match with historical HYPERUSDT expansion DNA.,0.5,-4.07,NO
2026-01-31,SANTOSUSDT,Structural match with historical SANTOSUSDT expansion DNA.,3.68,-0.79,NO
2026-01-31,IOTAUSDT,Structural match with historical IOTAUSDT expansion DNA.,-4.64,-8.79,NO
2026-01-31,KSMUSDT,Structural match with historical KSMUSDT expansion DNA.,-1.13,-4.68,NO
2026-01-31,WANUSDT,Structural match with historical WANUSDT expansion DNA.,0.57,-1.01,NO
2026-01-31,WUSDT,Structural match with historical WUSDT expansion DNA.,0.76,-4.17,NO
2026-01-31,ADXUSDT,Structural match with historical ADXUSDT expansion DNA.,2.73,0.95,NO
2026-01-31,SANDUSDT,Structural match with historical SANDUSDT expansion DNA.,0.0,-3.22,NO
2026-01-31,ARBUSDT,Structural match with historical ARBUSDT expansion DNA.,-1.89,-5.3,NO
2026-01-31,KAITOUSDT,Structural match with historical KAITOUSDT expansion DNA.,1.52,-4.14,NO
2026-01-31,CKBUSDT,Structural match with historical CKBUSDT expansion DNA.,2.75,0.14,NO
2026-01-31,TKOUSDT,Structural match with historical TKOUSDT expansion DNA.,2.71,-0.81,NO
2026-01-31,CGPTUSDT,Structural match with historical CGPTUSDT expansion DNA.,2.15,-3.5,NO
2026-01-31,BANKUSDT,Structural match with historical BANKUSDT expansion DNA.,3.48,-4.45,NO
2026-01-31,1000CATUSDT,Structural match with historical 1000CATUSDT expansion DNA.,1.26,-4.2,NO
2026-01-31,MIRAUSDT,Structural match with historical MIRAUSDT expansion DNA.,4.8,-2.71,NO
2026-01-31,KAVAUSDT,Structural match with historical KAVAUSDT expansion DNA.,-4.51,-8.07,NO
2026-01-31,SYNUSDT,Structural match with historical SYNUSDT expansion DNA.,75.31,61.35,YES
2026-01-31,HOTUSDT,Structural match with historical HOTUSDT expansion DNA.,0.45,-2.9,NO
2026-01-31,SOLVUSDT,Structural match with historical SOLVUSDT expansion DNA.,-5.25,-9.91,NO
2026-01-31,OGNUSDT,Structural match with historical OGNUSDT expansion DNA.,-1.31,-4.03,NO
2026-01-31,TRXUSDT,Structural match with historical TRXUSDT expansion DNA.,-0.1,-1.26,NO
2026-01-31,WALUSDT,Structural match with historical WALUSDT expansion DNA.,-0.75,-5.99,NO
2026-01-31,BATUSDT,Structural match with historical BATUSDT expansion DNA.,-6.71,-10.68,NO
2026-01-31,SUSHIUSDT,Structural match with historical SUSHIUSDT expansion DNA.,-1.23,-5.03,NO
2026-01-31,ORDIUSDT,Structural match with historical ORDIUSDT expansion DNA.,-2.33,-7.46,NO
2026-01-31,BANANAUSDT,Structural match with historical BANANAUSDT expansion DNA.,-2.41,-7.57,NO
2026-01-31,OPENUSDT,Structural match with historical OPENUSDT expansion DNA.,8.49,5.35,NO
2026-02-01,FORMUSDT,Structural match with historical FORMUSDT expansion DNA.,-5.11,-6.26,NO
2026-02-01,MDTUSDT,Structural match with historical MDTUSDT expansion DNA.,-0.73,-1.14,NO
2026-02-01,AUSDT,Structural match with historical AUSDT expansion DNA.,-2.66,-3.69,NO
2026-02-01,STORJUSDT,Structural match with historical STORJUSDT expansion DNA.,-3.54,-4.84,NO
2026-02-01,SAHARAUSDT,Structural match with historical SAHARAUSDT expansion DNA.,-5.66,-9.58,NO
2026-02-01,VANRYUSDT,Structural match with historical VANRYUSDT expansion DNA.,-6.03,-7.02,NO
2026-02-01,OPUSDT,Structural match with historical OPUSDT expansion DNA.,-5.16,-6.26,NO
2026-02-01,SUNUSDT,Structural match with historical SUNUSDT expansion DNA.,-1.07,-1.47,NO
2026-02-01,RENDERUSDT,Structural match with historical RENDERUSDT expansion DNA.,-3.03,-5.03,NO
2026-02-01,PENDLEUSDT,Structural match with historical PENDLEUSDT expansion DNA.,-0.54,-1.73,NO
2026-02-01,CRVUSDT,Structural match with historical CRVUSDT expansion DNA.,-5.21,-6.15,NO
2026-02-01,OGUSDT,Structural match with historical OGUSDT expansion DNA.,-7.54,-7.96,NO
2026-02-01,ETHFIUSDT,Structural match with historical ETHFIUSDT expansion DNA.,-3.76,-6.77,NO
2026-02-01,USTCUSDT,Structural match with historical USTCUSDT expansion DNA.,-2.03,-3.22,NO
2026-02-01,ALCXUSDT,Structural match with historical ALCXUSDT expansion DNA.,-1.12,-2.88,NO
2026-02-01,BCHUSDT,Structural match with historical BCHUSDT expansion DNA.,-0.95,-1.57,NO
2026-02-01,BMTUSDT,Structural match with historical BMTUSDT expansion DNA.,-4.21,-4.92,NO
2026-02-01,FLOKIUSDT,Structural match with historical FLOKIUSDT expansion DNA.,-5.71,-7.09,NO
2026-02-01,HBARUSDT,Structural match with historical HBARUSDT expansion DNA.,-1.85,-3.68,NO
2026-02-01,HYPERUSDT,Structural match with historical HYPERUSDT expansion DNA.,0.52,-2.86,NO
2026-02-01,SANTOSUSDT,Structural match with historical SANTOSUSDT expansion DNA.,6.29,5.0,NO
2026-02-01,IOTAUSDT,Structural match with historical IOTAUSDT expansion DNA.,0.67,-2.14,NO
2026-02-01,KSMUSDT,Structural match with historical KSMUSDT expansion DNA.,-5.41,-6.43,NO
2026-02-01,WANUSDT,Structural match with historical WANUSDT expansion DNA.,0.0,-1.31,NO
2026-02-01,WUSDT,Structural match with historical WUSDT expansion DNA.,-3.95,-5.14,NO
2026-02-01,ADXUSDT,Structural match with historical ADXUSDT expansion DNA.,2.0,1.06,NO
2026-02-01,SANDUSDT,Structural match with historical SANDUSDT expansion DNA.,-6.84,-8.55,NO
2026-02-01,ARBUSDT,Structural match with historical ARBUSDT expansion DNA.,-5.4,-6.8,NO
2026-02-01,KAITOUSDT,Structural match with historical KAITOUSDT expansion DNA.,-1.27,-2.01,NO
2026-02-01,CKBUSDT,Structural match with historical CKBUSDT expansion DNA.,-2.65,-3.55,NO
2026-02-01,TKOUSDT,Structural match with historical TKOUSDT expansion DNA.,-1.64,-2.6,NO
2026-02-01,CGPTUSDT,Structural match with historical CGPTUSDT expansion DNA.,-3.63,-5.29,NO
2026-02-01,BANKUSDT,Structural match with historical BANKUSDT expansion DNA.,0.61,-4.66,NO
2026-02-01,1000CATUSDT,Structural match with historical 1000CATUSDT expansion DNA.,-5.7,-6.14,NO
2026-02-01,MIRAUSDT,Structural match with historical MIRAUSDT expansion DNA.,2.42,1.17,NO
2026-02-01,KAVAUSDT,Structural match with historical KAVAUSDT expansion DNA.,-2.38,-2.98,NO
2026-02-01,SYNUSDT,Structural match with historical SYNUSDT expansion DNA.,10.36,-13.12,YES
2026-02-01,HOTUSDT,Structural match with historical HOTUSDT expansion DNA.,0.92,-2.75,NO
2026-02-01,SOLVUSDT,Structural match with historical SOLVUSDT expansion DNA.,-6.98,-9.85,NO
2026-02-01,OGNUSDT,Structural match with historical OGNUSDT expansion DNA.,-5.64,-6.49,NO
2026-02-01,TRXUSDT,Structural match with historical TRXUSDT expansion DNA.,-1.17,-1.48,NO
2026-02-01,WALUSDT,Structural match with historical WALUSDT expansion DNA.,-3.48,-4.78,NO
2026-02-01,BATUSDT,Structural match with historical BATUSDT expansion DNA.,-6.08,-7.8,NO
2026-02-01,SUSHIUSDT,Structural match with historical SUSHIUSDT expansion DNA.,-5.91,-6.98,NO
2026-02-01,ORDIUSDT,Structural match with historical ORDIUSDT expansion DNA.,-7.52,-8.44,NO
2026-02-01,BANANAUSDT,Structural match with historical BANANAUSDT expansion DNA.,-4.1,-4.84,NO
2026-02-01,OPENUSDT,Structural match with historical OPENUSDT expansion DNA.,11.1,3.05,YES
2026-02-02,FORMUSDT,Structural match with historical FORMUSDT expansion DNA.,-5.79,-10.46,NO
2026-02-02,MDTUSDT,Structural match with historical MDTUSDT expansion DNA.,-4.04,-5.45,NO
2026-02-02,AUSDT,Structural match with historical AUSDT expansion DNA.,0.53,-2.02,NO
2026-02-02,STORJUSDT,Structural match with historical STORJUSDT expansion DNA.,0.27,-3.18,NO
2026-02-02,SAHARAUSDT,Structural match with historical SAHARAUSDT expansion DNA.,-3.77,-7.89,NO
2026-02-02,VANRYUSDT,Structural match with historical VANRYUSDT expansion DNA.,-0.62,-3.64,NO
2026-02-02,OPUSDT,Structural match with historical OPUSDT expansion DNA.,-1.22,-4.08,NO
2026-02-02,SUNUSDT,Structural match with historical SUNUSDT expansion DNA.,0.17,-1.61,NO
2026-02-02,RENDERUSDT,Structural match with historical RENDERUSDT expansion DNA.,-0.89,-3.96,NO
2026-02-02,PENDLEUSDT,Structural match with historical PENDLEUSDT expansion DNA.,-1.21,-5.1,NO
2026-02-02,CRVUSDT,Structural match with historical CRVUSDT expansion DNA.,-1.31,-4.69,NO
2026-02-02,OGUSDT,Structural match with historical OGUSDT expansion DNA.,-0.3,-2.58,NO
2026-02-02,ETHFIUSDT,Structural match with historical ETHFIUSDT expansion DNA.,1.21,-1.81,NO
2026-02-02,USTCUSDT,Structural match with historical USTCUSDT expansion DNA.,0.53,-1.58,NO
2026-02-02,ALCXUSDT,Structural match with historical ALCXUSDT expansion DNA.,-0.66,-2.96,NO
2026-02-02,BCHUSDT,Structural match with historical BCHUSDT expansion DNA.,-0.21,-3.16,NO
2026-02-02,BMTUSDT,Structural match with historical BMTUSDT expansion DNA.,-1.65,-3.57,NO
2026-02-02,FLOKIUSDT,Structural match with historical FLOKIUSDT expansion DNA.,0.17,-2.41,NO
2026-02-02,HBARUSDT,Structural match with historical HBARUSDT expansion DNA.,-1.22,-3.19,NO
2026-02-02,HYPERUSDT,Structural match with historical HYPERUSDT expansion DNA.,-4.46,-6.95,NO
2026-02-02,SANTOSUSDT,Structural match with historical SANTOSUSDT expansion DNA.,-1.7,-4.81,NO
2026-02-02,IOTAUSDT,Structural match with historical IOTAUSDT expansion DNA.,-0.41,-3.15,NO
2026-02-02,KSMUSDT,Structural match with historical KSMUSDT expansion DNA.,-0.72,-2.71,NO
2026-02-02,WANUSDT,Structural match with historical WANUSDT expansion DNA.,-0.15,-1.76,NO
2026-02-02,WUSDT,Structural match with historical WUSDT expansion DNA.,-1.25,-5.0,NO
2026-02-02,ADXUSDT,Structural match with historical ADXUSDT expansion DNA.,-3.37,-3.84,NO
2026-02-02,SANDUSDT,Structural match with historical SANDUSDT expansion DNA.,0.3,-2.46,NO
2026-02-02,ARBUSDT,Structural match with historical ARBUSDT expansion DNA.,-0.86,-4.07,NO
2026-02-02,KAITOUSDT,Structural match with historical KAITOUSDT expansion DNA.,0.81,-3.6,NO
2026-02-02,CKBUSDT,Structural match with historical CKBUSDT expansion DNA.,-1.33,-4.12,NO
2026-02-02,TKOUSDT,Structural match with historical TKOUSDT expansion DNA.,-0.28,-3.65,NO
2026-02-02,CGPTUSDT,Structural match with historical CGPTUSDT expansion DNA.,-0.16,-3.67,NO
2026-02-02,BANKUSDT,Structural match with historical BANKUSDT expansion DNA.,-3.18,-5.31,NO
2026-02-02,1000CATUSDT,Structural match with historical 1000CATUSDT expansion DNA.,-0.47,-3.27,NO
2026-02-02,MIRAUSDT,Structural match with historical MIRAUSDT expansion DNA.,-8.43,-11.09,NO
2026-02-02,KAVAUSDT,Structural match with historical KAVAUSDT expansion DNA.,-2.45,-4.45,NO
2026-02-02,SYNUSDT,Structural match with historical SYNUSDT expansion DNA.,-10.94,-17.18,NO
2026-02-02,HOTUSDT,Structural match with historical HOTUSDT expansion DNA.,-1.42,-3.77,NO
2026-02-02,SOLVUSDT,Structural match with historical SOLVUSDT expansion DNA.,0.53,-2.12,NO
2026-02-02,OGNUSDT,Structural match with historical OGNUSDT expansion DNA.,-4.73,-7.53,NO
2026-02-02,TRXUSDT,Structural match with historical TRXUSDT expansion DNA.,-0.42,-1.19,NO
2026-02-02,WALUSDT,Structural match with historical WALUSDT expansion DNA.,-2.93,-5.33,NO
2026-02-02,BATUSDT,Structural match with historical BATUSDT expansion DNA.,-0.31,-2.48,NO
2026-02-02,SUSHIUSDT,Structural match with historical SUSHIUSDT expansion DNA.,-0.49,-3.77,NO
2026-02-02,ORDIUSDT,Structural match with historical ORDIUSDT expansion DNA.,0.13,-2.53,NO
2026-02-02,BANANAUSDT,Structural match with historical BANANAUSDT expansion DNA.,-4.31,-7.83,NO
2026-02-02,OPENUSDT,Structural match with historical OPENUSDT expansion DNA.,-2.59,-5.17,NO
