symbol,date,tier,category,score,max_gain
1000000BOBUSDT,2025-07-08,B-,TREND,87,0.8710601719197797
1000000MOGUSDT,2025-05-08,B,TREND,92,29.557539881609294
1000000MOGUSDT,2025-06-10,B,TREND,87,11.326485037963385
1000000MOGUSDT,2025-07-10,B,TREND,92,37.26580193535105
1000000MOGUSDT,2025-10-02,B,TREND,79,9.349881796690319
1000BONKUSDT,2025-04-12,B,TREND,92,10.149834317821638
1000BONKUSDT,2025-07-05,B,TREND,95,62.20825852782765
1000BONKUSDT,2025-07-06,B,TREND,88,78.57661583151778
1000BONKUSDT,2025-07-16,B,TREND,95,5.720723053814658
1000BONKUSDT,2025-09-12,B,TREND,95,7.145640146497301
1000CATUSDT,2025-05-09,C+,TREND,93,27.904761904761898
1000FLOKIUSDT,2025-04-25,B,TREND,90,17.962433138450052
1000FLOKIUSDT,2025-05-09,B,TREND,88,23.830980274356662
1000FLOKIUSDT,2025-07-09,B,TREND,77,61.548527808069785
1000LUNCUSDT,2025-02-15,B-,NINJA,62,1.2066556585799582
1000LUNCUSDT,2025-02-17,B-,NINJA,59,1.913066111400319
1000LUNCUSDT,2025-02-20,B-,NINJA,79,3.488833091053256
1000LUNCUSDT,2025-02-21,B-,NINJA,64,2.895170142700332
1000LUNCUSDT,2025-02-23,B-,NINJA,50,0.6099251455503385
1000LUNCUSDT,2025-02-26,B-,NINJA,64,7.515564779128359
1000LUNCUSDT,2025-03-16,B-,NINJA,78,10.505083104728108
1000LUNCUSDT,2025-03-18,B-,NINJA,78,8.784749801429692
1000LUNCUSDT,2025-04-01,B-,NINJA,62,3.179094540612515
1000LUNCUSDT,2025-04-17,B-,NINJA,61,15.050225147211638
1000LUNCUSDT,2025-04-21,B-,NINJA,83,9.098374117260644
1000LUNCUSDT,2025-05-29,B-,NINJA,67,1.4295103516266838
1000LUNCUSDT,2025-06-01,B-,NINJA,66,7.168458781362008
1000LUNCUSDT,2025-06-14,B-,NINJA,77,4.408039182570511
1000LUNCUSDT,2025-06-16,B-,NINJA,77,1.171156098377124
1000LUNCUSDT,2025-06-19,B-,NINJA,55,1.6382014639247044
1000LUNCUSDT,2025-06-20,B-,NINJA,50,2.9115934356802597
1000LUNCUSDT,2025-07-06,B-,NINJA,58,15.92031029619183
1000LUNCUSDT,2025-07-07,B-,NINJA,69,17.28505173028898
1000LUNCUSDT,2025-07-10,B-,TREND,95,12.9503253451833
1000LUNCUSDT,2025-08-11,B-,NINJA,60,5.897945659377091
1000LUNCUSDT,2025-08-13,B-,NINJA,66,2.403075937199617
1000LUNCUSDT,2025-08-14,B-,NINJA,71,9.979353062629048
1000LUNCUSDT,2025-08-21,B-,NINJA,67,7.17420661715058
1000LUNCUSDT,2025-08-27,B-,NINJA,62,3.122362869198314
1000LUNCUSDT,2025-08-31,B-,NINJA,66,4.845060777264187
1000LUNCUSDT,2025-09-02,B-,NINJA,63,4.079905197223632
1000LUNCUSDT,2025-09-06,B-,NINJA,71,6.052899287894187
1000LUNCUSDT,2025-09-21,B-,NINJA,50,0.3213802435724
1000LUNCUSDT,2025-10-30,B-,NINJA,51,5.732027704800569
1000LUNCUSDT,2025-11-01,B-,NINJA,76,0.31847133757962887
1000LUNCUSDT,2025-12-24,B-,NINJA,54,19.728761514841352
1000LUNCUSDT,2025-12-25,B-,NINJA,75,16.68329177057357
1000PEPEUSDT,2025-07-10,B,TREND,98,17.9131542044777
1000PEPEUSDT,2025-10-02,B,TREND,89,1.740202795286394
1000RATSUSDT,2025-04-20,B-,TREND,92,18.04412248929865
1000SATSUSDT,2025-03-24,B,TREND,84,35.82813582813582
1000SATSUSDT,2025-05-09,B,TREND,99,61.167002012072416
1000SATSUSDT,2025-07-10,B,TREND,94,9.711176224361662
1000SHIBUSDT,2025-01-11,B,NINJA,67,12.44592645998559
1000SHIBUSDT,2025-01-12,B,NINJA,73,15.817321080478974
1000SHIBUSDT,2025-01-22,B,NINJA,50,1.9627279936558217
1000SHIBUSDT,2025-01-28,B,NINJA,40,9.637346108851874
1000SHIBUSDT,2025-01-30,B,NINJA,61,5.3812379524523335
1000SHIBUSDT,2025-02-04,B,NINJA,56,10.074958709185623
1000SHIBUSDT,2025-02-05,B,NINJA,61,9.949238578680198
1000SHIBUSDT,2025-02-08,B,NINJA,62,8.585035718761747
1000SHIBUSDT,2025-02-09,B,NINJA,70,10.700824123171282
1000SHIBUSDT,2025-02-13,B,NINJA,65,5.481554232398267
1000SHIBUSDT,2025-02-15,B,NINJA,63,0.4598969830758026
1000SHIBUSDT,2025-02-20,B,NINJA,70,2.793332046083541
1000SHIBUSDT,2025-02-21,B,NINJA,56,4.751791876825062
1000SHIBUSDT,2025-02-23,B,NINJA,66,0.6797876472873332
1000SHIBUSDT,2025-02-26,B,NINJA,59,5.424904613250092
1000SHIBUSDT,2025-02-27,B,NINJA,67,5.388349514563107
1000SHIBUSDT,2025-03-01,B,NINJA,55,11.447638603696086
1000SHIBUSDT,2025-03-03,B,NINJA,52,7.140088378944109
1000SHIBUSDT,2025-03-06,B,NINJA,70,3.1817163343042854
1000SHIBUSDT,2025-03-13,B,NINJA,64,14.89520958083832
1000SHIBUSDT,2025-03-17,B,NINJA,72,20.971728719295555
1000SHIBUSDT,2025-03-19,B,NINJA,57,21.112056298816807
1000SHIBUSDT,2025-03-20,B,NINJA,70,21.07460378817163
1000SHIBUSDT,2025-03-21,B,NINJA,72,25.3782723560964
1000SHIBUSDT,2025-03-26,B,NINJA,84,3.668755721428063
1000SHIBUSDT,2025-03-29,B,NINJA,29,3.6855812485202533
1000SHIBUSDT,2025-04-01,B,NINJA,62,3.108726526747674
1000SHIBUSDT,2025-04-04,B,NINJA,45,3.048532639622792
1000SHIBUSDT,2025-04-05,B,NINJA,64,2.8228423101881894
1000SHIBUSDT,2025-04-06,B,NINJA,54,11.998586322671855
1000SHIBUSDT,2025-04-08,B,NINJA,44,19.068194627089994
1000SHIBUSDT,2025-04-17,B,NINJA,50,29.150759311105446
1000SHIBUSDT,2025-04-29,B,NINJA,49,16.656716417910445
1000SHIBUSDT,2025-05-01,B,NINJA,48,28.14353499406881
1000SHIBUSDT,2025-05-02,B,NINJA,55,31.025774344499734
1000SHIBUSDT,2025-05-07,B,NINJA,67,37.812499999999986
1000SHIBUSDT,2025-05-14,B,NINJA,49,2.2893481717011
1000SHIBUSDT,2025-05-16,B,NINJA,29,10.489078170078292
1000SHIBUSDT,2025-05-20,B,NINJA,65,10.17123287671231
1000SHIBUSDT,2025-05-23,B,NINJA,66,3.190149713166357
1000SHIBUSDT,2025-05-25,B,NINJA,46,1.9491291125241839
1000SHIBUSDT,2025-05-26,B,NINJA,55,2.0420921025213534
1000SHIBUSDT,2025-05-29,B,NINJA,61,0.5692462890906524
1000SHIBUSDT,2025-06-03,B,NINJA,73,4.434215573456091
1000SHIBUSDT,2025-06-07,B,NINJA,59,7.037270011008023
1000SHIBUSDT,2025-06-11,B,NINJA,67,0.4791714970244998
1000SHIBUSDT,2025-06-14,B,NINJA,41,2.3601761821657075
1000SHIBUSDT,2025-06-15,B,NINJA,56,2.385702410640067
1000SHIBUSDT,2025-06-16,B,NINJA,56,1.8049932523616752
1000SHIBUSDT,2025-06-18,B,NINJA,52,1.9614561027837318
1000SHIBUSDT,2025-06-19,B,NINJA,57,3.533782616208758
1000SHIBUSDT,2025-06-20,B,NINJA,44,6.05363306487301
1000SHIBUSDT,2025-06-28,B,NINJA,59,5.143747835122969
1000SHIBUSDT,2025-06-30,B,NINJA,73,17.663543217444612
1000SHIBUSDT,2025-07-07,B,NINJA,76,27.8236914600551
1000SHIBUSDT,2025-07-10,B,TREND,94,20.550101176646905
1000SHIBUSDT,2025-07-14,B,NINJA,61,21.36874669886064
1000SHIBUSDT,2025-07-18,B,NINJA,81,8.970688479890931
1000SHIBUSDT,2025-07-23,B,NINJA,34,3.7759006569922704
1000SHIBUSDT,2025-07-26,B,NINJA,54,2.9287504475474346
1000SHIBUSDT,2025-07-31,B,NINJA,38,13.066902541009974
1000SHIBUSDT,2025-08-04,B,NINJA,62,13.516105826872348
1000SHIBUSDT,2025-08-14,B,NINJA,77,4.985633299681602
1000SHIBUSDT,2025-08-16,B,NINJA,59,4.176620174154255
1000SHIBUSDT,2025-08-17,B,NINJA,68,3.888419273034649
1000SHIBUSDT,2025-08-21,B,NINJA,60,9.28860145513337
1000SHIBUSDT,2025-08-27,B,NINJA,65,1.897821909032671
1000SHIBUSDT,2025-08-28,B,NINJA,73,0.4420238377141006
1000SHIBUSDT,2025-08-30,B,NINJA,65,7.087252675964972
1000SHIBUSDT,2025-08-31,B,NINJA,61,8.485993592376584
1000SHIBUSDT,2025-09-06,B,NINJA,66,20.987855570951176
1000SHIBUSDT,2025-09-17,B,NINJA,49,0.8374712814051666
1000SHIBUSDT,2025-09-18,B,NINJA,68,1.1942972307233068
1000SHIBUSDT,2025-09-21,B,NINJA,41,0.3220738413197033
1000SHIBUSDT,2025-09-27,B,NINJA,53,10.33985931011101
1000SHIBUSDT,2025-10-02,B,TREND,89,3.0228693519031236
1000SHIBUSDT,2025-10-05,B,NINJA,70,4.570281124497999
1000SHIBUSDT,2025-10-07,B,NINJA,65,2.247006724618661
1000SHIBUSDT,2025-10-09,B,NINJA,52,1.0739260739260903
1000SHIBUSDT,2025-10-10,B,NINJA,53,16.090534979423875
1000SHIBUSDT,2025-10-18,B,NINJA,48,7.86766189227357
1000SHIBUSDT,2025-10-19,B,NINJA,64,6.196623634558085
1000SHIBUSDT,2025-10-30,B,NINJA,56,6.430041152263377
1000SHIBUSDT,2025-11-06,B,NINJA,49,14.702295154673472
1000SHIBUSDT,2025-11-11,B,NINJA,71,3.696397051188849
1000SHIBUSDT,2025-11-15,B,NINJA,43,2.035173100320753
1000SHIBUSDT,2025-11-16,B,NINJA,44,3.2385021927358704
1000SHIBUSDT,2025-11-17,B,NINJA,37,5.011070970749332
1000SHIBUSDT,2025-11-19,B,NINJA,49,6.635514018691602
1000SHIBUSDT,2025-11-23,B,NINJA,53,20.888492871690435
1000SHIBUSDT,2025-11-30,B,NINJA,30,13.546150167384031
1000SHIBUSDT,2025-12-07,B,NINJA,58,8.560451434746064
1000SHIBUSDT,2025-12-08,B,NINJA,60,5.519897304236188
1000SHIBUSDT,2025-12-12,B,NINJA,51,2.0916455084028396
1000SHIBUSDT,2025-12-13,B,NINJA,56,0.4792140888942198
1000SHIBUSDT,2025-12-14,B,NINJA,59,2.4792363951902985
1000SHIBUSDT,2025-12-20,B,NINJA,51,1.8850141376060447
1000SHIBUSDT,2025-12-25,B,NINJA,51,33.03128982018973
1000XECUSDT,2025-01-07,B,NINJA,70,14.077253218884112
1000XECUSDT,2025-01-09,B,NINJA,65,10.535070695869164
1000XECUSDT,2025-01-11,B,NINJA,72,6.428957320367368
1000XECUSDT,2025-01-14,B,NINJA,57,10.30235162374018
1000XECUSDT,2025-01-22,B,NINJA,52,2.455089820359291
1000XECUSDT,2025-01-24,B,NINJA,36,4.584352078239617
1000XECUSDT,2025-01-26,B,NINJA,48,3.87931034482758
1000XECUSDT,2025-01-28,B,NINJA,35,10.405759162303664
1000XECUSDT,2025-01-30,B,NINJA,62,5.174563591022441
1000XECUSDT,2025-02-09,B,NINJA,70,10.279286268425135
1000XECUSDT,2025-02-11,B,NINJA,66,9.430331023864525
1000XECUSDT,2025-02-15,B,NINJA,60,8.263518659558278
1000XECUSDT,2025-02-19,B,NINJA,51,5.3896859247770434
1000XECUSDT,2025-02-20,B,NINJA,74,3.38531761125902
1000XECUSDT,2025-02-21,B,NINJA,67,6.9960474308300435
1000XECUSDT,2025-02-23,B,NINJA,74,0.4961832061068705
1000XECUSDT,2025-02-27,B,NINJA,52,6.194314806958001
1000XECUSDT,2025-03-01,B,NINJA,56,9.015679442508695
1000XECUSDT,2025-03-03,B,NINJA,53,13.950276243093928
1000XECUSDT,2025-03-09,B,NINJA,28,12.624254473161045
1000XECUSDT,2025-03-13,B,NINJA,63,10.29626032054396
1000XECUSDT,2025-03-22,B,NINJA,52,7.678160919540233
1000XECUSDT,2025-03-23,B,NINJA,59,7.727690892364314
1000XECUSDT,2025-03-26,B,NINJA,82,1.5064244572441376
1000XECUSDT,2025-04-04,B,NINJA,52,5.804480651731159
1000XECUSDT,2025-04-05,B,NINJA,56,7.724209434940366
1000XECUSDT,2025-04-08,B,NINJA,46,23.54340071343637
1000XECUSDT,2025-04-15,B,NINJA,50,32.17213114754098
1000XECUSDT,2025-04-29,B,NINJA,47,10.318181818181827
1000XECUSDT,2025-05-01,B,NINJA,42,16.779737675260044
1000XECUSDT,2025-05-06,B,NINJA,52,22.923588039867116
1000XECUSDT,2025-05-07,B,NINJA,49,21.99717381064532
1000XECUSDT,2025-05-14,B,NINJA,55,2.12244897959184
1000XECUSDT,2025-05-16,B,NINJA,37,5.202063628546849
1000XECUSDT,2025-05-20,B,NINJA,63,7.277509864094678
1000XECUSDT,2025-05-26,B,NINJA,53,1.5858631626642472
1000XECUSDT,2025-05-28,B,NINJA,65,1.91256830601092
1000XECUSDT,2025-05-29,B,NINJA,60,4.189944134078227
1000XECUSDT,2025-06-07,B,NINJA,68,7.537453183520593
1000XECUSDT,2025-06-14,B,NINJA,53,0.9209888511876096
1000XECUSDT,2025-06-15,B,NINJA,59,0.39312039312038305
1000XECUSDT,2025-06-20,B,NINJA,50,4.6908315565032055
1000XECUSDT,2025-06-28,B,NINJA,40,3.520000000000012
1000XECUSDT,2025-06-30,B,NINJA,61,12.134344528710717
1000XECUSDT,2025-07-06,B,NINJA,58,22.29402261712441
1000XECUSDT,2025-07-07,B,NINJA,71,24.098360655737714
1000XECUSDT,2025-07-10,B,TREND,90,23.860852523272904
1000XECUSDT,2025-07-23,B,NINJA,43,5.447298494242703
1000XECUSDT,2025-07-26,B,NINJA,59,5.634427684117127
1000XECUSDT,2025-07-28,B,NINJA,60,2.6208766380479087
1000XECUSDT,2025-07-31,B,NINJA,41,8.605769230769234
1000XECUSDT,2025-08-04,B,NINJA,62,9.165067178502873
1000XECUSDT,2025-08-05,B,NINJA,63,12.735381565906835
1000XECUSDT,2025-08-11,B,NINJA,74,7.210179076343071
1000XECUSDT,2025-08-14,B,NINJA,76,4.284323271665058
1000XECUSDT,2025-08-16,B,NINJA,66,2.473834443387246
1000XECUSDT,2025-08-17,B,NINJA,68,3.358925143953928
1000XECUSDT,2025-08-21,B,NINJA,47,9.284627092846275
1000XECUSDT,2025-08-25,B,NINJA,57,5.507832238504307
1000XECUSDT,2025-08-27,B,NINJA,61,2.8064992614475592
1000XECUSDT,2025-08-29,B,NINJA,61,2.205513784461144
1000XECUSDT,2025-08-30,B,NINJA,64,1.1910669975185861
1000XECUSDT,2025-08-31,B,NINJA,61,3.1850353892821204
1000XECUSDT,2025-09-02,B,NINJA,58,4.623983739837412
1000XECUSDT,2025-09-03,B,NINJA,67,7.09183673469389
1000XECUSDT,2025-09-05,B,NINJA,60,8.820512820512816
1000XECUSDT,2025-09-06,B,NINJA,64,9.550851832731034
1000XECUSDT,2025-09-07,B,NINJA,72,8.26530612244898
1000XECUSDT,2025-09-17,B,NINJA,56,1.4236622484045336
1000XECUSDT,2025-09-18,B,NINJA,80,0.5381604696673037
1000XECUSDT,2025-09-21,B,NINJA,45,0.36175710594315014
1000XECUSDT,2025-09-29,B,NINJA,59,8.749999999999991
1000XECUSDT,2025-10-02,B,TREND,89,2.4077046548956815
1000XECUSDT,2025-10-07,B,NINJA,54,2.57126886528789
1000XECUSDT,2025-10-09,B,NINJA,43,2.2284122562674202
1000XECUSDT,2025-10-10,B,NINJA,54,14.613778705636737
1000XECUSDT,2025-10-19,B,NINJA,63,21.875
1000XECUSDT,2025-10-27,B,NINJA,60,1.4445173998686833
1000XECUSDT,2025-10-30,B,NINJA,54,4.005431093007461
1000XECUSDT,2025-10-31,B,NINJA,74,2.2696929238985364
1000XECUSDT,2025-11-06,B,NINJA,49,15.140045420136271
1000XECUSDT,2025-11-15,B,NINJA,39,1.3636363636363669
1000XECUSDT,2025-11-16,B,NINJA,33,2.3492560689115205
1000XECUSDT,2025-11-29,B,NINJA,61,1.8370607028753927
1000XECUSDT,2025-12-04,B,NINJA,78,2.821576763485467
1000XECUSDT,2025-12-07,B,NINJA,64,4.18445772843723
1000XECUSDT,2025-12-08,B,NINJA,64,3.82978723404257
1000XECUSDT,2025-12-10,B,NINJA,68,0.25706940874037354
1000XECUSDT,2025-12-12,B,NINJA,40,1.0600706713780994
1000XECUSDT,2025-12-13,B,NINJA,44,0.0
1000XECUSDT,2025-12-14,B,NINJA,45,1.8901890189019
1000XECUSDT,2025-12-25,B,NINJA,57,15.287244401168465
1INCHUSDT,2025-01-10,B+,NINJA,60,2.6550931835588543
1INCHUSDT,2025-01-11,B+,NINJA,64,4.224987039917072
1INCHUSDT,2025-01-12,B+,NINJA,66,6.291303198519693
1INCHUSDT,2025-01-22,B+,NINJA,48,0.18326206475258733
1INCHUSDT,2025-01-26,B+,NINJA,49,4.792537793502727
1INCHUSDT,2025-01-28,B+,NINJA,43,10.06756756756757
1INCHUSDT,2025-02-05,B+,NINJA,52,7.766615146831524
1INCHUSDT,2025-02-17,B+,NINJA,68,1.4354066985645897
1INCHUSDT,2025-02-19,B+,NINJA,68,3.453453453453448
1INCHUSDT,2025-02-20,B+,NINJA,77,2.4916325771662473
1INCHUSDT,2025-02-21,B+,NINJA,60,2.9969650986342966
1INCHUSDT,2025-02-23,B+,NINJA,74,0.37411148522259463
1INCHUSDT,2025-02-26,B+,NINJA,54,8.28157349896481
1INCHUSDT,2025-03-01,B+,NINJA,64,7.790601813685072
1INCHUSDT,2025-03-03,B+,NINJA,53,7.3595004460303315
1INCHUSDT,2025-03-06,B+,NINJA,66,1.8087855297157729
1INCHUSDT,2025-03-09,B+,NINJA,44,5.965909090909083
1INCHUSDT,2025-03-13,B+,NINJA,51,9.697280656747044
1INCHUSDT,2025-04-02,B+,NINJA,46,3.4482758620689724
1INCHUSDT,2025-04-04,B+,NINJA,50,0.6929637526652543
1INCHUSDT,2025-04-05,B+,NINJA,57,0.16251354279523955
1INCHUSDT,2025-04-10,B+,NINJA,60,7.627627627627631
1INCHUSDT,2025-04-17,B+,NINJA,41,23.90390390390391
1INCHUSDT,2025-04-18,B+,NINJA,63,22.567409144196947
1INCHUSDT,2025-04-19,B+,TREND,90,23.931623931623935
1INCHUSDT,2025-04-20,B+,TREND,81,24.928202182653635
1INCHUSDT,2025-04-25,B+,TREND,85,11.42418032786885
1INCHUSDT,2025-04-26,B+,TREND,92,6.0458313018040055
1INCHUSDT,2025-04-28,B+,TREND,72,7.831620166421915
1INCHUSDT,2025-05-01,B+,NINJA,65,18.38200095739588
1INCHUSDT,2025-05-06,B+,NINJA,46,32.78601694915253
1INCHUSDT,2025-05-09,B+,TREND,87,10.101010101010077
1INCHUSDT,2025-05-11,B+,TREND,74,7.090986757795803
1INCHUSDT,2025-05-14,B+,NINJA,70,4.443504020313149
1INCHUSDT,2025-05-16,B+,NINJA,40,9.300265721877764
1INCHUSDT,2025-05-20,B+,NINJA,64,9.49423247559893
1INCHUSDT,2025-05-22,B+,TREND,82,1.983471074380172
1INCHUSDT,2025-05-25,B+,NINJA,45,7.729681978798597
1INCHUSDT,2025-05-26,B+,NINJA,69,6.692913385826782
1INCHUSDT,2025-06-03,B+,NINJA,61,5.156537753222823
1INCHUSDT,2025-06-07,B+,NINJA,51,11.197663096397271
1INCHUSDT,2025-06-08,B+,NINJA,56,12.401574803149607
1INCHUSDT,2025-06-10,B+,TREND,87,0.04380201489269098
1INCHUSDT,2025-06-11,B+,TREND,76,0.13686131386860811
1INCHUSDT,2025-06-16,B+,NINJA,52,2.147239263803691
1INCHUSDT,2025-06-19,B+,NINJA,44,1.9796682718030922
1INCHUSDT,2025-06-28,B+,NINJA,53,16.60145332588039
1INCHUSDT,2025-06-30,B+,NINJA,64,33.31460674157305
1INCHUSDT,2025-07-07,B+,TREND,94,105.02617801047118
1INCHUSDT,2025-07-09,B+,TREND,88,84.02255639097747
1INCHUSDT,2025-07-10,B+,TREND,98,66.7092379736058
1INCHUSDT,2025-07-11,B+,TREND,89,32.521150592216586
1INCHUSDT,2025-07-18,B+,NINJA,42,5.061689338816833
1INCHUSDT,2025-07-20,B+,NINJA,51,4.073958006894385
1INCHUSDT,2025-07-21,B+,NINJA,56,0.4737839545167377
1INCHUSDT,2025-07-23,B+,NINJA,38,4.093154551870137
1INCHUSDT,2025-07-26,B+,NINJA,57,4.6099290780141855
1INCHUSDT,2025-07-27,B+,NINJA,68,1.1312992800822652
1INCHUSDT,2025-07-28,B+,NINJA,59,3.4763313609467605
1INCHUSDT,2025-07-31,B+,NINJA,41,20.10433386837882
1INCHUSDT,2025-08-03,B+,NINJA,62,19.24302788844623
1INCHUSDT,2025-08-13,B+,NINJA,71,2.0908435472242415
1INCHUSDT,2025-08-14,B+,NINJA,74,8.23483057525609
1INCHUSDT,2025-08-17,B+,NINJA,67,6.5554693560899935
1INCHUSDT,2025-08-21,B+,NINJA,66,10.855528652138835
1INCHUSDT,2025-08-25,B+,NINJA,46,9.266247379454938
1INCHUSDT,2025-08-27,B+,NINJA,55,4.4070512820512775
1INCHUSDT,2025-08-28,B+,NINJA,79,2.6792750197005333
1INCHUSDT,2025-08-29,B+,NINJA,71,6.6284779050736375
1INCHUSDT,2025-08-31,B+,NINJA,61,8.715406856670782
1INCHUSDT,2025-09-02,B+,NINJA,60,11.401716387413163
1INCHUSDT,2025-09-03,B+,NINJA,75,12.057877813504824
1INCHUSDT,2025-09-06,B+,NINJA,74,14.028629856850717
1INCHUSDT,2025-09-09,B+,TREND,84,9.677419354838722
1INCHUSDT,2025-09-13,B+,TREND,92,0.0730460189919846
1INCHUSDT,2025-09-17,B+,NINJA,56,2.2480329711502156
1INCHUSDT,2025-09-18,B+,TREND,87,0.9626064420585001
1INCHUSDT,2025-09-21,B+,NINJA,41,3.949447077409163
1INCHUSDT,2025-09-27,B+,NINJA,59,16.097352690008538
1INCHUSDT,2025-09-30,B+,TREND,87,6.210937499999991
1INCHUSDT,2025-10-01,B+,TREND,83,3.3840304182509273
1INCHUSDT,2025-10-02,B+,TREND,89,1.3049962714392294
1INCHUSDT,2025-10-05,B+,NINJA,44,5.734485467399852
1INCHUSDT,2025-10-07,B+,NINJA,47,5.360662199448174
1INCHUSDT,2025-10-09,B+,NINJA,43,1.712465153325371
1INCHUSDT,2025-10-10,B+,NINJA,54,9.37834941050375
1INCHUSDT,2025-10-15,B+,NINJA,54,2.1995708154506355
1INCHUSDT,2025-10-19,B+,NINJA,58,6.979405034324926
1INCHUSDT,2025-10-20,B+,NINJA,66,5.115233277121978
1INCHUSDT,2025-10-23,B+,NINJA,47,7.656879677605066
1INCHUSDT,2025-10-30,B+,NINJA,48,44.06991260923845
1INCHUSDT,2025-11-01,B+,NINJA,72,35.20796719390744
1INCHUSDT,2025-11-06,B+,NINJA,67,20.452155625657188
1INCHUSDT,2025-11-07,B+,TREND,83,8.321513002364078
1INCHUSDT,2025-11-10,B+,TREND,71,1.250558284948644
1INCHUSDT,2025-11-11,B+,NINJA,51,8.672219500244971
1INCHUSDT,2025-11-13,B+,NINJA,39,6.83632734530939
1INCHUSDT,2025-11-15,B+,NINJA,40,8.960763520678693
1INCHUSDT,2025-11-16,B+,NINJA,45,9.95184590690208
1INCHUSDT,2025-11-23,B+,NINJA,68,15.800984144341168
1INCHUSDT,2025-12-03,B+,TREND,84,0.6572295247724957
1INCHUSDT,2025-12-07,B+,NINJA,60,5.207166853303469
1INCHUSDT,2025-12-10,B+,NINJA,54,3.4542314335060498
1INCHUSDT,2025-12-12,B+,NINJA,55,4.781341107871717
1INCHUSDT,2025-12-13,B+,NINJA,62,0.1138952164009055
1INCHUSDT,2025-12-20,B+,NINJA,63,0.31766200762388674
1INCHUSDT,2025-12-25,B+,NINJA,41,9.631147540983598
1INCHUSDT,2025-12-28,B+,NINJA,55,12.747102931152
1MBABYDOGEUSDT,2025-05-09,B-,TREND,93,34.09728148238449
1MBABYDOGEUSDT,2025-10-03,B-,TREND,97,6.496946508718993
AAVEUSDT,2025-02-20,B,NINJA,69,2.9967850581751554
AAVEUSDT,2025-02-21,B,NINJA,68,4.659970360612564
AAVEUSDT,2025-02-23,B,NINJA,55,0.6701655228098513
AAVEUSDT,2025-03-28,B,NINJA,62,2.718534948529827
AAVEUSDT,2025-03-29,B,NINJA,47,1.9684805233422642
AAVEUSDT,2025-04-23,B,TREND,98,7.70786249553943
AAVEUSDT,2025-05-31,B,NINJA,51,28.60900886316726
AAVEUSDT,2025-06-07,B,NINJA,66,26.402268489745182
AAVEUSDT,2025-06-08,B,NINJA,64,28.21513002364067
AAVEUSDT,2025-06-10,B,TREND,86,5.53609651683209
AAVEUSDT,2025-07-26,B,NINJA,73,4.774176047741752
AAVEUSDT,2025-07-28,B,NINJA,74,2.294435215946833
AAVEUSDT,2025-08-13,B,TREND,90,16.209543880776778
AAVEUSDT,2025-08-27,B,NINJA,56,3.4931229142625364
AAVEUSDT,2025-08-29,B,NINJA,49,3.9567669172932307
AAVEUSDT,2025-08-30,B,NINJA,64,3.8949247002097787
AAVEUSDT,2025-08-31,B,NINJA,75,5.112610472298762
AAVEUSDT,2025-09-04,B,NINJA,71,4.987929797090085
AAVEUSDT,2025-09-07,B,NINJA,53,6.721713755139924
AAVEUSDT,2025-09-08,B,NINJA,67,6.24257229631584
AAVEUSDT,2025-09-15,B,NINJA,45,4.566713436226366
AAVEUSDT,2025-09-17,B,NINJA,58,2.294192620673874
AAVEUSDT,2025-09-21,B,NINJA,41,0.5305761512822249
AAVEUSDT,2025-10-30,B,NINJA,49,10.193362461652878
AAVEUSDT,2025-11-01,B,NINJA,65,6.328489415141725
AAVEUSDT,2025-12-07,B,NINJA,67,10.467658507972066
AAVEUSDT,2025-12-08,B,NINJA,75,8.166248955722622
AAVEUSDT,2025-12-12,B,NINJA,72,5.916170168286805
AAVEUSDT,2025-12-14,B,NINJA,49,4.316241582268399
AAVEUSDT,2025-12-16,B,NINJA,48,3.7800687285223233
AAVEUSDT,2025-12-17,B,NINJA,53,4.216900938941048
ACHUSDT,2025-02-23,B-,NINJA,39,7.638888888888884
ACHUSDT,2025-03-01,B-,NINJA,67,5.695142378559459
ACHUSDT,2025-03-03,B-,NINJA,56,3.7429111531190884
ACHUSDT,2025-03-06,B-,NINJA,60,6.881107491856686
ACHUSDT,2025-03-08,B-,NINJA,62,1.128577186618318
ACHUSDT,2025-03-25,B-,NINJA,66,0.03665689149559004
ACHUSDT,2025-03-26,B-,NINJA,55,1.8273716951788588
ACHUSDT,2025-03-28,B-,NINJA,37,1.1021619330224608
ACHUSDT,2025-04-29,B-,NINJA,58,11.156870086110061
ACHUSDT,2025-05-01,B-,NINJA,77,11.039194534340169
ACHUSDT,2025-05-02,B-,NINJA,75,15.22542498152253
ACHUSDT,2025-06-03,B-,NINJA,70,1.5996343692870285
ACHUSDT,2025-06-16,B-,NINJA,60,5.399792315680152
ACHUSDT,2025-06-27,B-,NINJA,58,8.82515168229454
ACHUSDT,2025-06-28,B-,NINJA,65,7.3449401523395075
ACHUSDT,2025-06-30,B-,NINJA,74,17.519042437431985
ACHUSDT,2025-07-07,B-,NINJA,77,28.905419766206176
ACHUSDT,2025-08-11,B-,NINJA,81,11.09040074557317
ACHUSDT,2025-08-14,B-,NINJA,76,8.031939877876937
ACHUSDT,2025-08-16,B-,NINJA,67,4.879160966712259
ACHUSDT,2025-08-17,B-,NINJA,71,5.698529411764697
ACHUSDT,2025-08-21,B-,NINJA,69,9.367570137898241
ACHUSDT,2025-08-25,B-,NINJA,52,4.900990099009905
ACHUSDT,2025-08-27,B-,NINJA,56,4.076620825147348
ACHUSDT,2025-08-28,B-,NINJA,61,0.0
ACHUSDT,2025-08-30,B-,NINJA,58,1.6865079365079305
ACHUSDT,2025-08-31,B-,NINJA,57,3.307888040712448
ACHUSDT,2025-09-02,B-,NINJA,57,6.697578567748574
ACHUSDT,2025-09-04,B-,NINJA,63,10.438413361169108
ACHUSDT,2025-09-06,B-,NINJA,60,10.150963040083294
ACHUSDT,2025-09-07,B-,NINJA,70,9.694142042509068
ACHUSDT,2025-09-09,B-,NINJA,73,8.847736625514413
ACHUSDT,2025-09-15,B-,NINJA,61,6.170321264660905
ACHUSDT,2025-09-16,B-,NINJA,52,5.311077389984842
ACHUSDT,2025-09-17,B-,NINJA,61,2.7133695115934886
ACHUSDT,2025-09-21,B-,NINJA,53,0.3075345976422339
ACHUSDT,2025-10-30,B-,NINJA,56,14.487926727726897
ACHUSDT,2025-12-03,B-,NINJA,70,1.1578947368421133
ACHUSDT,2025-12-07,B-,NINJA,57,9.236031927023935
ACHUSDT,2025-12-10,B-,NINJA,63,7.519640852974185
ACHUSDT,2025-12-14,B-,NINJA,71,2.7746947835737945
ACTUSDT,2025-12-18,B-,TREND,87,66.09589041095892
ACXUSDT,2025-05-11,B-,TREND,84,5.759162303664911
ADAUSDT,2025-01-11,A,NINJA,66,17.14716223003514
ADAUSDT,2025-01-12,A,NINJA,83,20.512555544073564
ADAUSDT,2025-01-17,A,TREND,87,1.6769638128861342
ADAUSDT,2025-01-19,A,NINJA,52,10.916414904330306
ADAUSDT,2025-01-22,A,NINJA,51,2.9612292663071083
ADAUSDT,2025-01-24,A,NINJA,55,2.996293245469528
ADAUSDT,2025-01-28,A,NINJA,53,7.819827680226843
ADAUSDT,2025-02-04,A,NINJA,50,11.695120311869879
ADAUSDT,2025-02-05,A,NINJA,48,13.433447098976092
ADAUSDT,2025-02-09,A,NINJA,53,21.940123275609036
ADAUSDT,2025-02-11,A,TREND,77,6.785760185066181
ADAUSDT,2025-02-13,A,TREND,75,2.2943135561860117
ADAUSDT,2025-02-14,A,TREND,79,3.663415853963481
ADAUSDT,2025-02-18,A,NINJA,54,8.566503116297564
ADAUSDT,2025-02-21,A,NINJA,69,54.13987665660676
ADAUSDT,2025-02-23,A,NINJA,56,52.61790307912173
ADAUSDT,2025-03-02,A,TREND,83,3.497797356828203
ADAUSDT,2025-03-03,A,NINJA,75,19.81813942643973
ADAUSDT,2025-03-09,A,NINJA,28,7.9140679140679016
ADAUSDT,2025-03-12,A,NINJA,57,3.1793478260869534
ADAUSDT,2025-03-15,A,TREND,72,2.6513122656668386
ADAUSDT,2025-03-20,A,NINJA,56,7.855153203342624
ADAUSDT,2025-03-22,A,NINJA,46,10.407755916737948
ADAUSDT,2025-03-23,A,NINJA,57,8.962994231039811
ADAUSDT,2025-03-28,A,NINJA,50,0.8496176720475868
ADAUSDT,2025-04-01,A,NINJA,59,4.844903988183158
ADAUSDT,2025-04-04,A,NINJA,58,1.2721490231712762
ADAUSDT,2025-04-05,A,NINJA,57,2.138383992668391
ADAUSDT,2025-04-08,A,NINJA,49,19.7743148844707
ADAUSDT,2025-04-11,A,TREND,70,7.180637922744015
ADAUSDT,2025-04-13,A,TREND,65,12.533291555694825
ADAUSDT,2025-04-17,A,NINJA,51,20.966434246797473
ADAUSDT,2025-04-18,A,NINJA,55,18.88446215139443
ADAUSDT,2025-04-21,A,NINJA,78,19.512976610060882
ADAUSDT,2025-04-23,A,TREND,90,6.922746165973925
ADAUSDT,2025-04-25,A,TREND,68,2.9292221443588007
ADAUSDT,2025-04-26,A,TREND,57,3.2107496463932295
ADAUSDT,2025-04-28,A,NINJA,54,9.2687074829932
ADAUSDT,2025-04-29,A,NINJA,40,17.562517964932447
ADAUSDT,2025-05-02,A,NINJA,62,23.807477438762348
ADAUSDT,2025-05-07,A,NINJA,64,28.71183916604616
ADAUSDT,2025-05-08,A,TREND,82,12.348888600025987
ADAUSDT,2025-05-09,A,TREND,78,11.178286596346787
ADAUSDT,2025-05-14,A,NINJA,54,5.359378913097923
ADAUSDT,2025-05-16,A,NINJA,30,10.885608856088558
ADAUSDT,2025-05-20,A,NINJA,63,12.788203753351212
ADAUSDT,2025-05-22,A,TREND,89,3.966390708019274
ADAUSDT,2025-05-23,A,NINJA,71,4.015526703252581
ADAUSDT,2025-05-26,A,NINJA,67,1.9989479221462325
ADAUSDT,2025-05-29,A,NINJA,48,0.8309098462816689
ADAUSDT,2025-06-02,A,NINJA,52,6.0759860788863085
ADAUSDT,2025-06-03,A,NINJA,55,6.991370484130477
ADAUSDT,2025-06-07,A,NINJA,58,10.082768999247559
ADAUSDT,2025-06-10,A,TREND,94,2.065020231617143
ADAUSDT,2025-06-11,A,NINJA,71,0.3295128939828196
ADAUSDT,2025-06-16,A,NINJA,49,1.9514516896715906
ADAUSDT,2025-06-24,A,TREND,71,4.153191489361707
ADAUSDT,2025-06-28,A,NINJA,54,8.224266006367165
ADAUSDT,2025-06-30,A,NINJA,66,18.891995805662344
ADAUSDT,2025-07-01,A,NINJA,43,43.43173431734315
ADAUSDT,2025-07-03,A,TREND,84,29.739652870494005
ADAUSDT,2025-07-07,A,NINJA,74,44.46167097329887
ADAUSDT,2025-07-10,A,TREND,93,32.1771217712177
ADAUSDT,2025-07-14,A,TREND,66,27.48911860718173
ADAUSDT,2025-07-16,A,TREND,64,22.619047619047628
ADAUSDT,2025-07-17,A,TREND,68,14.082278481012667
ADAUSDT,2025-07-18,A,NINJA,77,14.893356214758535
ADAUSDT,2025-07-20,A,TREND,73,9.242424242424253
ADAUSDT,2025-07-21,A,TREND,77,2.3057023956810196
ADAUSDT,2025-07-23,A,NINJA,46,4.889705882352957
ADAUSDT,2025-07-26,A,NINJA,58,4.403513051963892
ADAUSDT,2025-07-27,A,NINJA,65,2.872596153846163
ADAUSDT,2025-07-28,A,NINJA,65,2.105395864851234
ADAUSDT,2025-07-31,A,NINJA,47,12.87878787878789
ADAUSDT,2025-08-08,A,TREND,92,28.845910757173556
ADAUSDT,2025-08-10,A,TREND,81,27.189917644122797
ADAUSDT,2025-08-11,A,NINJA,62,31.89699792960663
ADAUSDT,2025-08-13,A,TREND,83,12.729484627294863
ADAUSDT,2025-08-19,A,NINJA,36,13.929584120982996
ADAUSDT,2025-08-21,A,NINJA,43,13.19403685878624
ADAUSDT,2025-08-25,A,NINJA,43,5.112889738382509
ADAUSDT,2025-08-27,A,NINJA,45,3.4081560700434776
ADAUSDT,2025-08-30,A,NINJA,40,8.791342412451364
ADAUSDT,2025-08-31,A,NINJA,53,10.526315789473696
ADAUSDT,2025-09-06,A,NINJA,67,16.568914956011717
ADAUSDT,2025-09-13,A,TREND,95,0.9898859479233968
ADAUSDT,2025-09-18,A,TREND,89,1.4495889225443426
ADAUSDT,2025-09-27,A,NINJA,56,14.278396721731323
ADAUSDT,2025-09-29,A,TREND,72,10.705867758342634
ADAUSDT,2025-10-02,A,TREND,95,2.504020215943026
ADAUSDT,2025-10-05,A,NINJA,52,5.244295783060582
ADAUSDT,2025-10-07,A,NINJA,49,3.866796779702364
ADAUSDT,2025-10-09,A,NINJA,52,1.1040235525024533
ADAUSDT,2025-10-10,A,NINJA,55,15.850779159452234
ADAUSDT,2025-10-19,A,NINJA,60,6.280637254901955
ADAUSDT,2025-10-20,A,TREND,73,4.724528301886788
ADAUSDT,2025-10-30,A,NINJA,48,3.0585106382978733
ADAUSDT,2025-11-01,A,NINJA,48,0.9954308093994779
ADAUSDT,2025-11-06,A,NINJA,49,14.121850319669038
ADAUSDT,2025-11-08,A,TREND,68,6.6983122362869185
ADAUSDT,2025-11-10,A,TREND,80,2.378542510121462
ADAUSDT,2025-11-20,A,NINJA,46,1.6882516188714058
ADAUSDT,2025-11-24,A,NINJA,57,6.594948550046764
ADAUSDT,2025-11-27,A,TREND,72,5.2412837681828695
ADAUSDT,2025-11-30,A,NINJA,36,16.871832005792896
ADAUSDT,2025-12-04,A,TREND,82,10.19572143832499
ADAUSDT,2025-12-07,A,NINJA,55,16.03163191948238
ADAUSDT,2025-12-08,A,NINJA,73,11.87615526802217
ADAUSDT,2025-12-12,A,NINJA,42,1.6132974822781643
ADAUSDT,2025-12-20,A,NINJA,53,3.136729222520107
ADAUSDT,2025-12-25,A,NINJA,40,18.08386721025046
ADAUSDT,2025-12-28,A,TREND,73,16.838394793926238
AERGOUSDT,2024-04-09,B-,NINJA,77,105.79621720561319
AERGOUSDT,2024-05-10,B-,NINJA,59,19.690805532953636
AERGOUSDT,2024-05-12,B-,NINJA,83,0.4484304932735439
AERGOUSDT,2024-05-16,B-,NINJA,63,6.5008025682183
AERGOUSDT,2024-05-25,B-,NINJA,65,1.5898251192368873
AERGOUSDT,2024-05-26,B-,NINJA,69,3.14769975786926
AERGOUSDT,2024-05-29,B-,NINJA,78,0.7223113964687
AERGOUSDT,2024-06-01,B-,NINJA,52,1.8196856906534498
AERGOUSDT,2024-06-02,B-,NINJA,54,1.582014987510405
AERGOUSDT,2024-07-01,B-,NINJA,69,0.6543075245365237
AERGOUSDT,2024-07-03,B-,NINJA,42,7.239819004524883
AERGOUSDT,2024-07-07,B-,NINJA,64,22.828784119106693
AERGOUSDT,2024-07-29,B-,NINJA,82,3.482587064676612
AERGOUSDT,2024-08-31,B-,NINJA,68,34.76744186046512
AERGOUSDT,2024-12-11,B-,NINJA,70,2.3090586145648295
AERGOUSDT,2024-12-12,B-,NINJA,76,4.516129032258065
AERGOUSDT,2024-12-14,B-,NINJA,62,4.718810601163548
AERGOUSDT,2024-12-16,B-,NINJA,64,3.5763411279229773
AERGOUSDT,2025-01-19,B-,NINJA,47,8.922261484098959
AERGOUSDT,2025-02-19,B-,NINJA,51,9.251101321585885
AERGOUSDT,2025-02-21,B-,NINJA,77,8.533916849015322
AERGOUSDT,2025-02-26,B-,NINJA,60,11.560693641618514
AERGOUSDT,2025-02-27,B-,NINJA,71,9.659090909090917
AEROUSDT,2025-04-23,B,TREND,86,41.17199391171995
AEROUSDT,2025-04-25,B,TREND,86,20.768229166666675
AEROUSDT,2025-08-08,B,TREND,92,35.06851834820197
AEVOUSDT,2025-05-10,B-,TREND,98,5.797101449275366
AEVOUSDT,2025-07-10,B-,TREND,98,31.310211946050103
AEVOUSDT,2025-09-10,B-,TREND,94,15.609756097560968
AIOTUSDT,2025-07-21,C+,TREND,98,4.497955474784199
AIOTUSDT,2025-08-08,C+,TREND,95,153.69740476951122
AIUSDT,2025-05-09,B,TREND,93,22.15789473684211
AIUSDT,2025-07-10,B,TREND,97,25.279642058165553
AKTUSDT,2025-01-26,C+,NINJA,57,1.0297903641044437
AKTUSDT,2025-02-21,C+,NINJA,68,6.912181303116149
AKTUSDT,2025-02-23,C+,NINJA,74,0.49423393739704835
AKTUSDT,2025-03-27,C+,NINJA,61,-0.07067137809187996
AKTUSDT,2025-03-28,C+,NINJA,44,3.5937499999999956
AKTUSDT,2025-04-19,C+,NINJA,74,35.99624060150375
AKTUSDT,2025-05-20,C+,NINJA,62,15.5217965653897
AKTUSDT,2025-05-21,C+,NINJA,53,15.598149372108416
AKTUSDT,2025-05-23,C+,NINJA,76,6.353408338848454
AKTUSDT,2025-05-25,C+,NINJA,50,4.2996742671009835
AKTUSDT,2025-05-26,C+,NINJA,60,5.328947368421044
AKTUSDT,2025-06-16,C+,NINJA,55,0.33444816053511683
AKTUSDT,2025-07-03,C+,NINJA,77,39.84891406987725
AKTUSDT,2025-07-07,C+,NINJA,57,39.58529688972669
AKTUSDT,2025-08-16,C+,NINJA,58,2.8941355674029
AKTUSDT,2025-08-17,C+,NINJA,55,0.07621951219511924
AKTUSDT,2025-08-21,C+,NINJA,53,7.081911262798624
AKTUSDT,2025-08-25,C+,NINJA,48,13.471971066907763
AKTUSDT,2025-09-06,C+,NINJA,60,12.442817932296446
AKTUSDT,2025-09-07,C+,NINJA,70,12.13503649635037
AKTUSDT,2025-09-15,C+,NINJA,47,3.832752613240431
AKTUSDT,2025-09-17,C+,NINJA,57,1.7064846416382284
AKTUSDT,2025-09-18,C+,NINJA,81,1.1904761904761862
AKTUSDT,2025-11-01,C+,NINJA,57,0.013704262025493463
AKTUSDT,2025-11-30,C+,NINJA,49,0.13994402239105863
AKTUSDT,2025-12-07,C+,NINJA,57,7.957436965070541
AKTUSDT,2025-12-10,C+,NINJA,70,6.431014823261116
ALCHUSDT,2025-11-06,B-,TREND,94,86.01699252738253
ALCHUSDT,2025-11-10,B-,TREND,87,89.25899106927346
ALGOUSDT,2025-01-11,B+,NINJA,68,31.3673631314467
ALGOUSDT,2025-01-12,B+,NINJA,73,37.89561354802886
ALGOUSDT,2025-01-15,B+,TREND,84,11.718398560503829
ALGOUSDT,2025-01-16,B+,TREND,86,6.978246823174672
ALGOUSDT,2025-01-17,B+,TREND,82,2.432778489116516
ALGOUSDT,2025-01-22,B+,NINJA,42,5.25147928994083
ALGOUSDT,2025-01-24,B+,NINJA,41,4.723819045238686
ALGOUSDT,2025-01-26,B+,NINJA,50,5.399737876802102
ALGOUSDT,2025-01-28,B+,NINJA,42,10.83241455347299
ALGOUSDT,2025-01-30,B+,NINJA,74,3.7677419354838815
ALGOUSDT,2025-02-09,B+,NINJA,62,14.036363636363625
ALGOUSDT,2025-02-11,B+,NINJA,63,7.972027972027984
ALGOUSDT,2025-02-15,B+,NINJA,55,2.0049243756595114
ALGOUSDT,2025-02-21,B+,NINJA,68,16.6793025018954
ALGOUSDT,2025-02-26,B+,NINJA,57,30.31329381879764
ALGOUSDT,2025-02-27,B+,NINJA,66,29.65459140690818
ALGOUSDT,2025-03-02,B+,TREND,84,2.989690721649496
ALGOUSDT,2025-03-03,B+,NINJA,63,9.281814363712716
ALGOUSDT,2025-03-05,B+,NINJA,50,3.9968025579536492
ALGOUSDT,2025-03-06,B+,NINJA,61,3.290295710120783
ALGOUSDT,2025-03-13,B+,NINJA,64,4.696273608984192
ALGOUSDT,2025-03-23,B+,NINJA,54,13.928012519561817
ALGOUSDT,2025-03-25,B+,TREND,78,3.1161473087818914
ALGOUSDT,2025-04-01,B+,NINJA,58,3.650793650793638
ALGOUSDT,2025-04-05,B+,NINJA,64,9.328968903436996
ALGOUSDT,2025-04-08,B+,NINJA,44,29.206963249516438
ALGOUSDT,2025-04-15,B+,NINJA,59,30.17817371937639
ALGOUSDT,2025-04-17,B+,NINJA,46,27.75401069518717
ALGOUSDT,2025-04-18,B+,NINJA,73,26.135163674762406
ALGOUSDT,2025-04-19,B+,TREND,82,23.846552617936755
ALGOUSDT,2025-04-21,B+,NINJA,66,23.782383419689126
ALGOUSDT,2025-04-23,B+,TREND,80,11.792232101076273
ALGOUSDT,2025-04-25,B+,TREND,85,4.964850615114247
ALGOUSDT,2025-04-26,B+,TREND,77,3.2370953630796118
ALGOUSDT,2025-04-29,B+,NINJA,59,6.796116504854366
ALGOUSDT,2025-05-07,B+,NINJA,47,30.20572002007025
ALGOUSDT,2025-05-09,B+,TREND,79,11.37339055793991
ALGOUSDT,2025-05-10,B+,TREND,89,2.4476904855901926
ALGOUSDT,2025-05-11,B+,TREND,89,8.30550918196995
ALGOUSDT,2025-05-14,B+,NINJA,55,4.731727925644291
ALGOUSDT,2025-05-16,B+,NINJA,34,11.116091438816689
ALGOUSDT,2025-05-22,B+,TREND,93,2.692626346313176
ALGOUSDT,2025-05-23,B+,NINJA,76,2.456453774006251
ALGOUSDT,2025-05-26,B+,NINJA,59,3.60895386021014
ALGOUSDT,2025-05-28,B+,NINJA,60,2.6206896551724146
ALGOUSDT,2025-05-29,B+,NINJA,43,0.4770992366412319
ALGOUSDT,2025-06-03,B+,NINJA,63,5.977710233029376
ALGOUSDT,2025-06-07,B+,NINJA,59,9.586170770036674
ALGOUSDT,2025-06-10,B+,TREND,88,0.4803073967339033
ALGOUSDT,2025-06-16,B+,NINJA,46,5.116543490619674
ALGOUSDT,2025-06-19,B+,NINJA,54,10.940272028385568
ALGOUSDT,2025-06-24,B+,TREND,87,5.1997810618500395
ALGOUSDT,2025-06-25,B+,TREND,77,9.453302961275622
ALGOUSDT,2025-06-28,B+,NINJA,55,8.956916099773249
ALGOUSDT,2025-07-01,B+,NINJA,72,38.50204798127559
ALGOUSDT,2025-07-03,B+,NINJA,77,48.38001098297637
ALGOUSDT,2025-07-06,B+,NINJA,63,75.14124293785312
ALGOUSDT,2025-07-07,B+,NINJA,70,86.93181818181822
ALGOUSDT,2025-07-10,B+,TREND,95,58.41584158415842
ALGOUSDT,2025-07-11,B+,TREND,88,53.987167736022016
ALGOUSDT,2025-07-14,B+,TREND,85,20.128709331426542
ALGOUSDT,2025-07-18,B+,NINJA,73,6.0967302452316074
ALGOUSDT,2025-07-20,B+,NINJA,39,7.007901064926125
ALGOUSDT,2025-07-21,B+,NINJA,51,0.6373700100637425
ALGOUSDT,2025-07-23,B+,NINJA,40,8.822429906542052
ALGOUSDT,2025-07-26,B+,NINJA,64,6.0473588342440765
ALGOUSDT,2025-07-30,B+,NINJA,33,9.338061465721047
ALGOUSDT,2025-07-31,B+,NINJA,48,13.72950819672132
ALGOUSDT,2025-08-04,B+,NINJA,65,16.79420056383407
ALGOUSDT,2025-08-10,B+,TREND,80,8.899737138565534
ALGOUSDT,2025-08-11,B+,NINJA,60,14.53396524486572
ALGOUSDT,2025-08-14,B+,NINJA,78,11.347517730496449
ALGOUSDT,2025-08-16,B+,NINJA,60,8.358895705521485
ALGOUSDT,2025-08-17,B+,NINJA,74,6.641509433962267
ALGOUSDT,2025-08-21,B+,NINJA,62,13.813934756343137
ALGOUSDT,2025-08-25,B+,NINJA,67,5.325203252032518
ALGOUSDT,2025-08-27,B+,NINJA,51,3.5555555555555562
ALGOUSDT,2025-08-29,B+,NINJA,40,1.3530655391120527
ALGOUSDT,2025-08-31,B+,NINJA,34,5.1381692573402304
ALGOUSDT,2025-09-02,B+,NINJA,53,6.815259322760392
ALGOUSDT,2025-09-07,B+,NINJA,61,12.824956672443676
ALGOUSDT,2025-09-11,B+,TREND,82,6.633906633906639
ALGOUSDT,2025-09-12,B+,TREND,90,4.788732394366213
ALGOUSDT,2025-09-13,B+,TREND,89,0.23724792408066353
ALGOUSDT,2025-09-17,B+,NINJA,67,2.661752661752659
ALGOUSDT,2025-09-18,B+,TREND,90,1.2190166598943453
ALGOUSDT,2025-09-21,B+,NINJA,49,0.5194805194805197
ALGOUSDT,2025-09-27,B+,NINJA,49,12.354085603112841
ALGOUSDT,2025-09-29,B+,NINJA,59,11.271676300578036
ALGOUSDT,2025-10-02,B+,TREND,91,2.6666666666666616
ALGOUSDT,2025-10-05,B+,NINJA,56,5.672461116193972
ALGOUSDT,2025-10-07,B+,NINJA,51,3.9744175422567363
ALGOUSDT,2025-10-09,B+,NINJA,46,2.360417612346799
ALGOUSDT,2025-10-10,B+,NINJA,59,22.51995438996579
ALGOUSDT,2025-10-19,B+,NINJA,58,8.610354223433237
ALGOUSDT,2025-10-20,B+,NINJA,68,6.6916488222698245
ALGOUSDT,2025-10-24,B+,NINJA,58,7.323640280021548
ALGOUSDT,2025-10-25,B+,NINJA,63,7.5553157042633545
ALGOUSDT,2025-10-27,B+,NINJA,64,7.323640280021548
ALGOUSDT,2025-10-30,B+,NINJA,47,7.2372199885123445
ALGOUSDT,2025-11-01,B+,NINJA,65,7.250418293363081
ALGOUSDT,2025-11-02,B+,NINJA,62,7.851934941110494
ALGOUSDT,2025-11-06,B+,NINJA,49,22.250476795931352
ALGOUSDT,2025-11-08,B+,TREND,67,8.155230596175468
ALGOUSDT,2025-11-10,B+,TREND,76,1.4300847457627164
ALGOUSDT,2025-11-15,B+,NINJA,44,1.772616136919325
ALGOUSDT,2025-11-16,B+,NINJA,40,3.146633102580232
ALGOUSDT,2025-11-19,B+,NINJA,48,2.431011826544016
ALGOUSDT,2025-11-24,B+,NINJA,55,3.3379694019471495
ALGOUSDT,2025-12-07,B+,NINJA,55,6.842105263157894
ALGOUSDT,2025-12-08,B+,NINJA,61,6.44194756554306
ALGOUSDT,2025-12-10,B+,NINJA,70,0.2962962962962834
ALGOUSDT,2025-12-25,B+,NINJA,71,20.64459930313589
ALGOUSDT,2025-12-26,B+,TREND,76,19.357565511411657
ALGOUSDT,2025-12-28,B+,TREND,80,20.767306088407
ALLUSDT,2025-09-09,B+,TREND,83,12.963129093029524
ALLUSDT,2025-09-12,B+,TREND,81,4.203905991393597
ALLUSDT,2025-09-13,B+,TREND,95,1.8028943326056979
ALLUSDT,2025-09-17,B+,NINJA,59,3.3275101904999715
ALLUSDT,2025-09-18,B+,TREND,83,0.901705930138097
ALLUSDT,2025-09-21,B+,NINJA,56,0.46944421158519045
ALLUSDT,2025-09-27,B+,NINJA,54,11.65149791429656
ALLUSDT,2025-09-29,B+,NINJA,61,11.46129093318191
ALLUSDT,2025-10-02,B+,TREND,88,4.037102473498244
ALLUSDT,2025-10-07,B+,NINJA,66,3.767000715819613
ALLUSDT,2025-10-09,B+,NINJA,54,2.8400868306801774
ALLUSDT,2025-10-10,B+,NINJA,48,21.328367473618858
ALLUSDT,2025-10-18,B+,NINJA,48,9.267563527653211
ALLUSDT,2025-10-19,B+,NINJA,64,7.414942918503442
ALLUSDT,2025-10-27,B+,NINJA,74,1.9020236647130373
ALLUSDT,2025-10-30,B+,NINJA,49,8.002443494196697
ALLUSDT,2025-11-01,B+,NINJA,68,1.969467428038696
ALLUSDT,2025-11-06,B+,NINJA,54,13.253947709034431
ALLUSDT,2025-11-08,B+,TREND,67,3.0008302692444477
ALLUSDT,2025-11-15,B+,NINJA,44,1.1756847027388106
ALLUSDT,2025-11-16,B+,NINJA,49,2.973010001370069
ALLUSDT,2025-11-17,B+,NINJA,43,3.752107925801007
ALLUSDT,2025-11-19,B+,NINJA,48,4.323866044934288
ALLUSDT,2025-11-24,B+,NINJA,62,4.236294341835234
ALLUSDT,2025-11-27,B+,TREND,85,0.8422555317630254
ALLUSDT,2025-12-07,B+,NINJA,60,6.898162566178767
ALLUSDT,2025-12-08,B+,NINJA,60,4.841172877214417
ALLUSDT,2025-12-10,B+,NINJA,71,0.15260186174270718
ALLUSDT,2025-12-12,B+,NINJA,43,1.9395866454690047
ALLUSDT,2025-12-13,B+,NINJA,45,0.23448491480380085
ALLUSDT,2025-12-14,B+,NINJA,47,2.754237288135575
ALLUSDT,2025-12-25,B+,NINJA,60,16.89678978253366
ALPINEUSDT,2025-02-15,B-,NINJA,75,6.6486972147349555
ALPINEUSDT,2025-02-20,B-,NINJA,64,3.8321167883211604
ALPINEUSDT,2025-02-21,B-,NINJA,75,5.565862708719838
ALPINEUSDT,2025-02-26,B-,NINJA,63,13.459621136590227
ALPINEUSDT,2025-02-27,B-,NINJA,68,14.257028112449799
ALPINEUSDT,2025-03-22,B-,NINJA,73,5.592105263157898
ALPINEUSDT,2025-05-26,B-,NINJA,65,4.62046204620461
ALPINEUSDT,2025-05-29,B-,NINJA,72,3.145336225596518
ALPINEUSDT,2025-06-03,B-,NINJA,69,1.3630731102849847
ALPINEUSDT,2025-06-19,B-,NINJA,65,2.7220630372492893
ALPINEUSDT,2025-06-20,B-,NINJA,65,6.222222222222218
ALPINEUSDT,2025-06-28,B-,NINJA,67,62.50000000000002
ALPINEUSDT,2025-07-26,B-,NINJA,77,22.67818574514038
ALPINEUSDT,2025-07-28,B-,NINJA,67,8.45824411134901
ALPINEUSDT,2025-07-30,B-,NINJA,48,85.589519650655
ALPINEUSDT,2025-07-31,B-,NINJA,52,94.06392694063925
ALPINEUSDT,2025-08-05,B-,NINJA,75,157.63097949886108
ALPINEUSDT,2025-08-30,B-,NINJA,60,29.68660968660968
ALPINEUSDT,2025-09-01,B-,NINJA,71,24.168030551009267
ALPINEUSDT,2025-09-02,B-,NINJA,66,25.2614199229499
ALPINEUSDT,2025-09-17,B-,NINJA,43,244.95130702203997
ALPINEUSDT,2025-09-18,B-,NINJA,61,241.27789046653146
ALPINEUSDT,2025-09-22,B-,NINJA,65,687.5833760903026
ALPINEUSDT,2025-10-20,B-,NINJA,66,1.0250569476081939
ALPINEUSDT,2025-10-24,B-,NINJA,72,2.585193889541726
ALPINEUSDT,2025-10-27,B-,NINJA,66,4.422604422604426
ALPINEUSDT,2025-11-05,B-,NINJA,69,15.50279329608939
ALPINEUSDT,2025-11-06,B-,NINJA,70,22.882615156017817
ALPINEUSDT,2025-11-08,B-,NINJA,67,14.861111111111104
ALPINEUSDT,2025-11-11,B-,NINJA,69,10.355029585798814
ALPINEUSDT,2025-11-13,B-,NINJA,54,1.6491754122938573
ALPINEUSDT,2025-11-15,B-,NINJA,54,1.0494752623688264
ALPINEUSDT,2025-11-16,B-,NINJA,51,1.526717557251911
ALPINEUSDT,2025-11-17,B-,NINJA,58,4.2319749216300995
ALPINEUSDT,2025-11-19,B-,NINJA,58,2.5196850393700787
ALPINEUSDT,2025-12-03,B-,NINJA,64,8.74125874125875
ALPINEUSDT,2025-12-05,B-,NINJA,70,8.064516129032251
ALPINEUSDT,2025-12-07,B-,NINJA,61,2.992957746478875
ALPINEUSDT,2025-12-10,B-,NINJA,63,3.014184397163122
ANKRUSDT,2025-01-10,B,NINJA,71,5.118534482758608
ANKRUSDT,2025-01-11,B,NINJA,77,3.9147802929427433
ANKRUSDT,2025-01-16,B,NINJA,76,6.716625034693302
ANKRUSDT,2025-01-22,B,NINJA,50,1.9770408163265474
ANKRUSDT,2025-01-26,B,NINJA,43,2.1664374140302645
ANKRUSDT,2025-01-28,B,NINJA,36,13.787820758330138
ANKRUSDT,2025-01-30,B,NINJA,59,7.178932178932174
ANKRUSDT,2025-01-31,B,NINJA,59,7.372605710155411
ANKRUSDT,2025-02-04,B,NINJA,49,5.71676050238199
ANKRUSDT,2025-02-05,B,NINJA,53,7.580431908329666
ANKRUSDT,2025-02-13,B,NINJA,59,7.118205349439188
ANKRUSDT,2025-02-14,B,NINJA,65,5.480033984706889
ANKRUSDT,2025-02-15,B,NINJA,64,8.76040297853702
ANKRUSDT,2025-02-19,B,NINJA,55,8.90260026443368
ANKRUSDT,2025-02-21,B,NINJA,74,4.768097095795398
ANKRUSDT,2025-02-26,B,NINJA,41,9.252157238734426
ANKRUSDT,2025-02-27,B,NINJA,52,8.420551855375846
ANKRUSDT,2025-03-01,B,NINJA,58,10.149830836152729
ANKRUSDT,2025-03-03,B,NINJA,54,2.9396596183599577
ANKRUSDT,2025-03-06,B,NINJA,55,2.941176470588225
ANKRUSDT,2025-03-09,B,NINJA,39,9.197422378441722
ANKRUSDT,2025-03-13,B,NINJA,62,8.890180127832647
ANKRUSDT,2025-03-20,B,NINJA,55,37.23522853957635
ANKRUSDT,2025-03-22,B,NINJA,51,37.3117679866146
ANKRUSDT,2025-03-23,B,NINJA,65,39.096045197740104
ANKRUSDT,2025-03-29,B,NINJA,33,2.328159645232808
ANKRUSDT,2025-04-01,B,NINJA,49,-0.11080332409971749
ANKRUSDT,2025-04-04,B,NINJA,54,3.791469194312813
ANKRUSDT,2025-04-05,B,NINJA,54,7.0250458155161954
ANKRUSDT,2025-04-08,B,NINJA,47,32.35494880546075
ANKRUSDT,2025-04-18,B,NINJA,90,23.153803442531906
ANKRUSDT,2025-04-27,B,NINJA,54,3.3099297893681046
ANKRUSDT,2025-04-29,B,NINJA,51,4.191616766467066
ANKRUSDT,2025-05-01,B,NINJA,41,9.880239520958089
ANKRUSDT,2025-05-02,B,NINJA,52,14.015345268542202
ANKRUSDT,2025-05-06,B,NINJA,56,26.50397275822929
ANKRUSDT,2025-05-11,B,TREND,86,4.207573632538586
ANKRUSDT,2025-05-14,B,NINJA,51,0.7285089849441428
ANKRUSDT,2025-05-16,B,NINJA,31,4.229765013054831
ANKRUSDT,2025-05-20,B,NINJA,60,5.441098784997367
ANKRUSDT,2025-05-21,B,NINJA,59,6.226716338477889
ANKRUSDT,2025-05-23,B,NINJA,57,2.4444444444444713
ANKRUSDT,2025-05-26,B,NINJA,55,2.5583982202447286
ANKRUSDT,2025-05-28,B,NINJA,55,1.9476905954368462
ANKRUSDT,2025-05-29,B,NINJA,49,0.574052812858783
ANKRUSDT,2025-06-07,B,NINJA,55,6.551297898640285
ANKRUSDT,2025-06-08,B,NINJA,62,7.213930348258701
ANKRUSDT,2025-06-20,B,NINJA,67,2.086230876216977
ANKRUSDT,2025-06-28,B,NINJA,49,9.74395448079659
ANKRUSDT,2025-06-30,B,NINJA,64,13.83285302593662
ANKRUSDT,2025-07-07,B,NINJA,54,26.22253720765415
ANKRUSDT,2025-07-10,B,TREND,93,21.246819338422384
ANKRUSDT,2025-07-21,B,TREND,90,-0.052356020942401216
ANKRUSDT,2025-07-23,B,NINJA,40,7.343660355708548
ANKRUSDT,2025-07-26,B,NINJA,55,9.351256575102273
ANKRUSDT,2025-07-27,B,NINJA,63,1.7987633501967526
ANKRUSDT,2025-07-28,B,NINJA,58,2.6946107784431073
ANKRUSDT,2025-07-31,B,NINJA,56,7.085146053449343
ANKRUSDT,2025-08-04,B,NINJA,62,8.687500000000004
ANKRUSDT,2025-08-05,B,NINJA,61,12.556634304207105
ANKRUSDT,2025-08-11,B,NINJA,57,9.854706253948198
ANKRUSDT,2025-08-14,B,NINJA,77,4.3202033036848775
ANKRUSDT,2025-08-16,B,NINJA,62,2.3052959501557835
ANKRUSDT,2025-08-17,B,NINJA,61,3.596214511041018
ANKRUSDT,2025-08-21,B,NINJA,61,7.460732984293195
ANKRUSDT,2025-08-27,B,NINJA,52,4.930966469428011
ANKRUSDT,2025-08-31,B,NINJA,57,3.5573122529644285
ANKRUSDT,2025-09-02,B,NINJA,60,4.831237590999327
ANKRUSDT,2025-09-03,B,NINJA,71,6.33663366336632
ANKRUSDT,2025-09-06,B,NINJA,45,10.920329670329675
ANKRUSDT,2025-09-07,B,NINJA,58,10.088616223585545
ANKRUSDT,2025-09-21,B,NINJA,50,0.06747638326585204
ANKRUSDT,2025-09-27,B,NINJA,59,7.601476014760156
ANKRUSDT,2025-10-05,B,NINJA,53,3.8820992092019946
ANKRUSDT,2025-10-09,B,NINJA,50,2.489019033674955
ANKRUSDT,2025-10-19,B,NINJA,63,3.777148253068918
ANKRUSDT,2025-10-24,B,NINJA,51,3.300970873786402
ANKRUSDT,2025-10-25,B,NINJA,58,4.211557296767876
ANKRUSDT,2025-10-27,B,NINJA,62,1.3565891472868241
ANKRUSDT,2025-10-30,B,NINJA,51,10.212765957446802
ANKRUSDT,2025-11-02,B,NINJA,72,28.470111448834846
ANKRUSDT,2025-11-06,B,NINJA,62,41.993281075028
ANKRUSDT,2025-11-11,B,NINJA,56,7.615230460921851
ANKRUSDT,2025-11-15,B,NINJA,42,0.7847533632286963
ANKRUSDT,2025-11-17,B,NINJA,48,3.50877192982455
ANKRUSDT,2025-11-19,B,NINJA,49,3.546099290780136
ANKRUSDT,2025-11-23,B,NINJA,50,7.14285714285714
ANKRUSDT,2025-11-28,B,NINJA,63,3.7082818294190245
ANKRUSDT,2025-12-07,B,NINJA,58,6.208718626155885
ANKRUSDT,2025-12-08,B,NINJA,60,4.010349288486426
ANKRUSDT,2025-12-10,B,NINJA,72,0.13140604467805073
ANKRUSDT,2025-12-12,B,NINJA,44,1.3550135501354976
ANKRUSDT,2025-12-13,B,NINJA,50,0.2691790040376896
ANKRUSDT,2025-12-14,B,NINJA,36,2.5495750708215192
ANKRUSDT,2025-12-20,B,NINJA,66,3.1914893617021267
ANKRUSDT,2025-12-25,B,NINJA,48,12.5
ANKRUSDT,2025-12-28,B,NINJA,70,15.384615384615397
APEUSDT,2025-02-20,B-,NINJA,67,7.909604519774027
APEUSDT,2025-02-21,B-,NINJA,71,7.288629737609309
APEUSDT,2025-02-23,B-,NINJA,69,0.5681818181818121
APEUSDT,2025-04-23,B-,TREND,92,9.809264305177102
APEUSDT,2025-05-09,B-,TREND,98,13.25226067976304
APEUSDT,2025-06-08,B-,NINJA,71,4.8749470114455296
APEUSDT,2025-06-14,B-,NINJA,61,1.440540937821555
APEUSDT,2025-06-16,B-,NINJA,57,1.7493590710299989
APEUSDT,2025-07-07,B-,NINJA,71,13.762835375952287
APEUSDT,2025-08-21,B-,NINJA,58,9.231029810298107
APEUSDT,2025-08-27,B-,NINJA,57,3.984753984753975
APEUSDT,2025-08-28,B-,NINJA,64,0.11676396997497562
APEUSDT,2025-09-17,B-,NINJA,64,1.8245148449162363
APEUSDT,2025-09-21,B-,NINJA,69,0.45669824086604915
APEUSDT,2025-10-30,B-,NINJA,51,7.159177456207155
APEUSDT,2025-11-01,B-,NINJA,61,2.5510204081632626
APEUSDT,2025-11-02,B-,NINJA,74,2.5012141816415756
APEUSDT,2025-12-10,B-,NINJA,66,1.3971210838272574
APEUSDT,2025-12-12,B-,NINJA,51,2.212581344902387
APEUSDT,2025-12-13,B-,NINJA,60,0.8620689655172376
APEUSDT,2025-12-14,B-,NINJA,54,4.248515303791667
APEUSDT,2025-12-24,B-,NINJA,69,9.068384539147667
APEUSDT,2025-12-25,B-,NINJA,78,13.686868686868682
API3USDT,2025-05-09,C+,TREND,92,12.485681557846506
APTUSDT,2025-01-11,B,NINJA,59,8.223684210526327
APTUSDT,2025-01-12,B,NINJA,58,11.778029445073601
APTUSDT,2025-01-22,B,NINJA,57,1.0588235294117565
APTUSDT,2025-01-26,B,NINJA,41,7.535121328224781
APTUSDT,2025-01-28,B,NINJA,40,16.620498614958446
APTUSDT,2025-02-04,B,NINJA,48,5.263157894736836
APTUSDT,2025-02-05,B,NINJA,51,7.202680067001688
APTUSDT,2025-02-09,B,NINJA,63,12.182741116751261
APTUSDT,2025-02-14,B,NINJA,61,15.73770491803279
APTUSDT,2025-02-17,B,NINJA,44,19.05564924114671
APTUSDT,2025-02-18,B,NINJA,44,25.177304964539005
APTUSDT,2025-02-20,B,NINJA,76,7.753164556962022
APTUSDT,2025-02-23,B,NINJA,57,11.456628477905051
APTUSDT,2025-03-03,B,NINJA,52,14.28571428571428
APTUSDT,2025-03-06,B,NINJA,62,6.367727954659119
APTUSDT,2025-03-09,B,NINJA,36,2.565016031350198
APTUSDT,2025-03-14,B,NINJA,53,16.202726051065476
APTUSDT,2025-03-15,B,NINJA,61,14.117427075542267
APTUSDT,2025-04-01,B,NINJA,68,2.0362828582006554
APTUSDT,2025-04-06,B,NINJA,42,19.733210671573143
APTUSDT,2025-04-08,B,NINJA,56,19.51331496786044
APTUSDT,2025-04-16,B,NINJA,31,23.068599870157968
APTUSDT,2025-04-17,B,NINJA,33,23.899782135076265
APTUSDT,2025-04-18,B,NINJA,41,21.07728337236534
APTUSDT,2025-04-21,B,NINJA,90,15.589430894308954
APTUSDT,2025-04-23,B,TREND,89,6.219648860664928
APTUSDT,2025-04-29,B,NINJA,54,7.863720073664826
APTUSDT,2025-05-02,B,NINJA,60,15.371900826446282
APTUSDT,2025-05-14,B,NINJA,50,4.425858163443119
APTUSDT,2025-05-20,B,NINJA,67,16.36893203883496
APTUSDT,2025-05-23,B,NINJA,77,4.4756554307116
APTUSDT,2025-05-26,B,NINJA,51,5.363550519357885
APTUSDT,2025-05-29,B,NINJA,72,0.5038759689922401
APTUSDT,2025-06-07,B,NINJA,57,10.816498316498313
APTUSDT,2025-06-08,B,NINJA,53,11.78093822967523
APTUSDT,2025-06-16,B,NINJA,71,9.861259338313788
APTUSDT,2025-06-17,B,NINJA,70,19.21692169216922
APTUSDT,2025-06-19,B,NINJA,51,20.76589924777754
APTUSDT,2025-06-29,B,NINJA,52,0.12113870381584846
APTUSDT,2025-06-30,B,NINJA,58,1.3491414554374526
APTUSDT,2025-07-01,B,NINJA,35,13.407572383073486
APTUSDT,2025-07-03,B,NINJA,55,7.471506964964103
APTUSDT,2025-07-07,B,NINJA,57,20.633138751683887
APTUSDT,2025-07-20,B,NINJA,55,6.610169491525419
APTUSDT,2025-07-23,B,NINJA,52,3.6374974017875594
APTUSDT,2025-07-26,B,NINJA,59,3.78850957535386
APTUSDT,2025-07-27,B,NINJA,64,1.7135862913096656
APTUSDT,2025-07-28,B,NINJA,61,2.6219643240920076
APTUSDT,2025-07-31,B,NINJA,37,12.708333333333321
APTUSDT,2025-08-04,B,NINJA,62,17.952828028394773
APTUSDT,2025-08-14,B,NINJA,74,4.786107581533239
APTUSDT,2025-08-16,B,NINJA,53,4.344158582876423
APTUSDT,2025-08-17,B,NINJA,66,0.5847953216374213
APTUSDT,2025-08-21,B,NINJA,57,9.05797101449275
APTUSDT,2025-08-27,B,NINJA,56,2.725606962895122
APTUSDT,2025-08-28,B,NINJA,66,0.0
APTUSDT,2025-08-29,B,NINJA,58,4.692632566870025
APTUSDT,2025-08-31,B,NINJA,53,6.580493537015286
APTUSDT,2025-09-07,B,NINJA,65,11.046103440205957
APTUSDT,2025-09-15,B,NINJA,56,9.111669330897465
APTUSDT,2025-10-02,B,TREND,98,8.054333269561887
APTUSDT,2025-10-08,B,NINJA,39,0.019331142470524476
APTUSDT,2025-10-20,B,NINJA,57,11.806194418889904
APTUSDT,2025-10-30,B,NINJA,57,6.955708047411102
APTUSDT,2025-11-01,B,NINJA,68,2.91116446578632
APTUSDT,2025-11-15,B,NINJA,41,4.613807245386181
APTUSDT,2025-11-16,B,NINJA,44,8.124337689862248
APTUSDT,2025-11-17,B,NINJA,38,11.147421931735657
APTUSDT,2025-11-19,B,NINJA,52,6.027017665396595
APTUSDT,2025-11-20,B,NINJA,54,3.0623405030987927
APTUSDT,2025-11-27,B,NINJA,47,0.26490066225164366
APTUSDT,2025-12-03,B,NINJA,61,0.8910891089108919
APTUSDT,2025-12-10,B,NINJA,61,0.11242270938729426
APTUSDT,2025-12-12,B,NINJA,37,4.779411764705888
APTUSDT,2025-12-13,B,NINJA,52,0.2354326074161195
APTUSDT,2025-12-14,B,NINJA,57,5.386996904024777
APTUSDT,2025-12-25,B,NINJA,72,22.975517890772146
ARBUSDT,2025-01-26,B,NINJA,57,0.3404381290704528
ARBUSDT,2025-02-21,B,NINJA,70,4.806665242469554
ARBUSDT,2025-03-23,B,NINJA,67,9.308005427408418
ARBUSDT,2025-03-28,B,NINJA,48,0.517390054613398
ARBUSDT,2025-04-01,B,NINJA,62,1.740174017401741
ARBUSDT,2025-04-23,B,TREND,92,7.136537894426431
ARBUSDT,2025-05-09,B,TREND,88,33.38615953512942
ARBUSDT,2025-05-29,B,NINJA,76,0.7315842583249355
ARBUSDT,2025-06-03,B,NINJA,80,18.598832360300243
ARBUSDT,2025-07-03,B,NINJA,72,26.07683352735737
ARBUSDT,2025-07-05,B,NINJA,48,35.26363913441024
ARBUSDT,2025-07-06,B,NINJA,61,37.10014947683109
ARBUSDT,2025-07-07,B,NINJA,71,39.47688564476888
ARBUSDT,2025-07-10,B,TREND,95,28.66515266212466
ARBUSDT,2025-07-28,B,NINJA,77,3.7301404559060503
ARBUSDT,2025-07-31,B,NINJA,47,22.171945701357476
ARBUSDT,2025-08-09,B,TREND,95,23.020063357972553
ARBUSDT,2025-08-31,B,NINJA,64,8.622078968573721
ARBUSDT,2025-09-06,B,NINJA,68,14.212574237149278
ARBUSDT,2025-09-07,B,NINJA,61,12.394195888754545
ARBUSDT,2025-09-09,B,NINJA,76,8.819512195121959
ARBUSDT,2025-09-21,B,NINJA,51,0.47856845609652865
ARBUSDT,2025-10-30,B,NINJA,54,8.166781529979318
ARBUSDT,2025-11-01,B,NINJA,66,2.2808732486151895
ARBUSDT,2025-11-02,B,NINJA,75,2.04878048780488
ARBUSDT,2025-12-07,B,NINJA,60,12.879529872673867
ARBUSDT,2025-12-08,B,NINJA,68,8.521657250470804
ARBUSDT,2025-12-10,B,NINJA,75,1.0171058714748105
ARBUSDT,2025-12-12,B,NINJA,52,6.222654350996604
ARBUSDT,2025-12-13,B,NINJA,59,1.4398513701811444
ARBUSDT,2025-12-14,B,NINJA,68,5.327468230694032
ARCUSDT,2025-05-10,B,TREND,89,15.493263798348544
ARCUSDT,2025-11-01,B,TREND,83,82.01479795105296
ARCUSDT,2025-12-16,B,TREND,92,14.126853377265224
ARKMUSDT,2025-05-09,B,TREND,91,32.38993710691824
ARKMUSDT,2025-07-10,B,TREND,95,18.352059925093634
ARPAUSDT,2025-02-21,C+,NINJA,72,10.248533929070081
ARPAUSDT,2025-02-26,C+,NINJA,63,5.81871345029239
ARPAUSDT,2025-03-22,C+,NINJA,88,0.39241334205364353
ARPAUSDT,2025-05-14,C+,NINJA,64,2.1191085129704135
ARPAUSDT,2025-05-16,C+,NINJA,44,7.937131630648331
ARPAUSDT,2025-05-20,C+,NINJA,68,7.937131630648331
ARPAUSDT,2025-05-23,C+,NINJA,76,7.009724473257695
ARPAUSDT,2025-05-26,C+,NINJA,64,7.401382675884505
ARPAUSDT,2025-06-19,C+,NINJA,46,4.493207941483801
ARPAUSDT,2025-06-30,C+,NINJA,77,34.151547491995736
ARPAUSDT,2025-07-31,C+,NINJA,47,11.6083916083916
ARPAUSDT,2025-08-16,C+,NINJA,64,8.275563258232221
ARPAUSDT,2025-08-17,C+,NINJA,67,8.746736292428192
ARPAUSDT,2025-08-19,C+,NINJA,39,21.11368909512763
ARPAUSDT,2025-08-21,C+,NINJA,65,16.569897275569456
ARPAUSDT,2025-08-23,C+,NINJA,70,12.742980561555072
ARPAUSDT,2025-08-28,C+,NINJA,83,1.6107966913365246
ARPAUSDT,2025-08-31,C+,NINJA,54,7.458563535911611
ARPAUSDT,2025-09-02,C+,NINJA,60,5.7065217391304435
ARPAUSDT,2025-09-03,C+,NINJA,78,7.6297968397291305
ARPAUSDT,2025-09-05,C+,NINJA,65,9.30765703805594
ARPAUSDT,2025-09-06,C+,NINJA,69,9.207512597343115
ARPAUSDT,2025-09-07,C+,NINJA,77,22.611464968152873
ARPAUSDT,2025-09-17,C+,NINJA,65,4.815133276010308
ARPAUSDT,2025-11-01,C+,NINJA,70,7.9234972677595605
ARPAUSDT,2025-11-02,C+,NINJA,72,8.100711548987395
ARPAUSDT,2025-11-11,C+,NINJA,60,4.753623188405776
ARPAUSDT,2025-11-15,C+,NINJA,55,1.2665862484921409
ARPAUSDT,2025-11-16,C+,NINJA,63,2.2584692597239497
ARPAUSDT,2025-12-06,C+,NINJA,75,3.2707028531663074
ARPAUSDT,2025-12-07,C+,NINJA,62,5.173635719347991
ARPAUSDT,2025-12-10,C+,NINJA,70,0.0
ARUSDT,2025-04-23,B,TREND,91,26.863354037267072
ARUSDT,2025-04-25,B,TREND,87,15.722379603399439
ARUSDT,2025-05-02,B,TREND,99,9.113300492610833
ARUSDT,2025-07-10,B,TREND,93,42.463533225283626
ARUSDT,2025-08-09,B,TREND,87,7.133917396745937
ASRUSDT,2025-02-15,B-,NINJA,72,1.752109020116821
ASRUSDT,2025-02-18,B-,NINJA,44,4.706684856753074
ASRUSDT,2025-02-19,B-,NINJA,49,4.921394395078593
ASRUSDT,2025-02-20,B-,NINJA,42,5.281207133058974
ASRUSDT,2025-02-21,B-,NINJA,54,7.043235704323569
ASRUSDT,2025-02-23,B-,NINJA,65,0.34317089910775866
ASRUSDT,2025-03-22,B-,NINJA,66,8.519437551695619
ASRUSDT,2025-05-24,B-,NINJA,79,24.859075535512964
ASRUSDT,2025-06-17,B-,NINJA,61,38.4733606557377
ASRUSDT,2025-06-24,B-,TREND,92,7.219357397857995
ASRUSDT,2025-07-12,B-,NINJA,68,8.10692375109554
ASRUSDT,2025-07-16,B-,NINJA,67,63.87915936952715
ASRUSDT,2025-07-18,B-,NINJA,79,191.51593453919037
ASRUSDT,2025-07-20,B-,NINJA,57,189.76883561643837
ASRUSDT,2025-07-22,B-,NINJA,78,190.88955737000433
ASRUSDT,2025-07-26,B-,TREND,92,88.60406798551128
ASRUSDT,2025-09-05,B-,NINJA,63,25.03149937001261
ASRUSDT,2025-09-06,B-,NINJA,55,27.00511945392492
ASRUSDT,2025-09-08,B-,NINJA,64,12.154031287605282
ASRUSDT,2025-09-11,B-,NINJA,59,12.064128256513019
ASRUSDT,2025-09-12,B-,NINJA,69,7.249802994483856
ASRUSDT,2025-09-13,B-,NINJA,75,3.262518968133521
ASRUSDT,2025-09-17,B-,NINJA,58,3.46215780998389
ASRUSDT,2025-09-18,B-,NINJA,71,3.8803556992724086
ASRUSDT,2025-09-20,B-,NINJA,64,4.551045510455087
ASRUSDT,2025-10-09,B-,NINJA,56,2.249669166299073
ASRUSDT,2025-11-04,B-,NINJA,56,12.100139082058426
ASRUSDT,2025-11-06,B-,NINJA,72,10.410958904109592
ASRUSDT,2025-11-08,B-,NINJA,69,7.038512616201875
ASRUSDT,2025-11-13,B-,NINJA,54,9.001406469760909
ASRUSDT,2025-11-23,B-,NINJA,52,6.125461254612552
ASRUSDT,2025-11-24,B-,NINJA,62,6.3768115942029135
ASRUSDT,2025-11-25,B-,NINJA,69,5.8950395398993605
ASRUSDT,2025-11-27,B-,NINJA,81,5.139186295503206
ASRUSDT,2025-11-29,B-,NINJA,61,5.591397849462365
ASRUSDT,2025-12-05,B-,NINJA,86,4.70588235294116
ASRUSDT,2025-12-07,B-,NINJA,60,2.186588921282784
ASRUSDT,2025-12-09,B-,NINJA,60,2.1044992743106006
ASRUSDT,2025-12-10,B-,NINJA,43,12.684365781710905
ASRUSDT,2025-12-12,B-,NINJA,61,57.32248520710057
ASRUSDT,2025-12-13,B-,NINJA,70,57.90645879732739
ASTRUSDT,2025-01-09,B+,NINJA,49,10.183639398998334
ASTRUSDT,2025-01-10,B+,NINJA,58,6.2801932367149815
ASTRUSDT,2025-01-11,B+,NINJA,61,7.491856677524433
ASTRUSDT,2025-01-12,B+,NINJA,65,10.924369747899165
ASTRUSDT,2025-01-22,B+,NINJA,50,3.3707865168539186
ASTRUSDT,2025-01-26,B+,NINJA,47,0.5769230769230749
ASTRUSDT,2025-01-30,B+,NINJA,59,4.8387096774193505
ASTRUSDT,2025-02-09,B+,NINJA,69,7.142857142857162
ASTRUSDT,2025-02-11,B+,NINJA,62,22.842639593908643
ASTRUSDT,2025-02-17,B+,NINJA,61,22.22222222222221
ASTRUSDT,2025-02-21,B+,NINJA,87,7.6744186046511675
ASTRUSDT,2025-02-23,B+,NINJA,69,0.6928406466512715
ASTRUSDT,2025-02-26,B+,NINJA,52,3.0612244897959107
ASTRUSDT,2025-02-27,B+,NINJA,57,3.3419023136246784
ASTRUSDT,2025-03-01,B+,NINJA,45,7.200000000000006
ASTRUSDT,2025-03-03,B+,NINJA,50,3.911764705882348
ASTRUSDT,2025-03-06,B+,NINJA,53,2.270690170301748
ASTRUSDT,2025-03-13,B+,NINJA,63,10.065789473684195
ASTRUSDT,2025-04-10,B+,NINJA,62,15.397350993377469
ASTRUSDT,2025-04-15,B+,NINJA,51,16.517335410985588
ASTRUSDT,2025-04-17,B+,NINJA,38,19.771563607719568
ASTRUSDT,2025-04-19,B+,TREND,92,11.351153423654337
ASTRUSDT,2025-04-20,B+,TREND,86,11.514484781811518
ASTRUSDT,2025-04-23,B+,TREND,87,5.737134909596664
ASTRUSDT,2025-04-25,B+,TREND,84,3.2948369565217295
ASTRUSDT,2025-04-26,B+,TREND,85,1.3703208556149704
ASTRUSDT,2025-04-29,B+,NINJA,53,9.150552486187834
ASTRUSDT,2025-05-06,B+,NINJA,60,32.10664663912881
ASTRUSDT,2025-05-09,B+,TREND,98,11.718005716100377
ASTRUSDT,2025-05-10,B+,TREND,93,6.5737655255983185
ASTRUSDT,2025-05-14,B+,NINJA,61,1.2673506336753126
ASTRUSDT,2025-05-16,B+,NINJA,30,4.230393752033845
ASTRUSDT,2025-05-18,B+,NINJA,47,2.6273630246715918
ASTRUSDT,2025-05-20,B+,NINJA,62,5.570204350692176
ASTRUSDT,2025-05-21,B+,NINJA,56,5.119789957335086
ASTRUSDT,2025-05-23,B+,NINJA,61,3.4812286689419825
ASTRUSDT,2025-05-26,B+,NINJA,44,4.479669193659541
ASTRUSDT,2025-05-29,B+,NINJA,60,0.5294740557712618
ASTRUSDT,2025-06-03,B+,NINJA,66,6.683995544002963
ASTRUSDT,2025-06-08,B+,NINJA,57,6.093057607090091
ASTRUSDT,2025-06-10,B+,TREND,80,0.0705467372134061
ASTRUSDT,2025-06-16,B+,NINJA,68,1.0244286840031425
ASTRUSDT,2025-06-19,B+,NINJA,52,0.7745617611088385
ASTRUSDT,2025-06-28,B+,NINJA,51,7.417102966841194
ASTRUSDT,2025-06-30,B+,NINJA,68,6.9969578444154745
ASTRUSDT,2025-07-03,B+,TREND,76,8.392782207301707
ASTRUSDT,2025-07-07,B+,NINJA,48,20.421245421245438
ASTRUSDT,2025-07-11,B+,TREND,89,17.709179528838348
ASTRUSDT,2025-07-18,B+,NINJA,65,13.070620366757701
ASTRUSDT,2025-07-21,B+,TREND,85,1.2069577564785217
ASTRUSDT,2025-07-23,B+,NINJA,58,1.7176997759521972
ASTRUSDT,2025-07-26,B+,NINJA,44,5.052063247203997
ASTRUSDT,2025-07-27,B+,NINJA,53,1.4147431124348575
ASTRUSDT,2025-07-28,B+,NINJA,54,1.7550857598723768
ASTRUSDT,2025-07-31,B+,NINJA,39,10.91219096334186
ASTRUSDT,2025-08-04,B+,NINJA,65,14.249471458773776
ASTRUSDT,2025-08-05,B+,NINJA,62,17.58050478677109
ASTRUSDT,2025-08-08,B+,TREND,93,6.9252077562326875
ASTRUSDT,2025-08-10,B+,TREND,80,5.712050078247266
ASTRUSDT,2025-08-11,B+,NINJA,53,10.511247443762773
ASTRUSDT,2025-08-13,B+,TREND,87,5.701425356339085
ASTRUSDT,2025-08-16,B+,NINJA,56,12.450119712689546
ASTRUSDT,2025-08-17,B+,NINJA,72,12.092283214001597
ASTRUSDT,2025-08-21,B+,NINJA,71,15.44448996312986
ASTRUSDT,2025-08-23,B+,TREND,79,0.0
ASTRUSDT,2025-08-27,B+,NINJA,53,5.645496056454968
ASTRUSDT,2025-08-28,B+,NINJA,65,1.2330946698488443
ASTRUSDT,2025-08-29,B+,NINJA,59,2.1338912133891164
ASTRUSDT,2025-08-31,B+,NINJA,55,4.218150830847889
ASTRUSDT,2025-09-02,B+,NINJA,47,6.592465753424648
ASTRUSDT,2025-09-03,B+,NINJA,65,8.553191489361712
ASTRUSDT,2025-09-06,B+,NINJA,56,11.49475524475525
ASTRUSDT,2025-09-09,B+,TREND,85,6.291666666666673
ASTRUSDT,2025-09-17,B+,NINJA,65,9.02348578491965
ASTRUSDT,2025-09-21,B+,NINJA,78,0.32115616218384435
ASTRUSDT,2025-10-04,B+,NINJA,62,37.651646447140386
ASTRUSDT,2025-10-10,B+,NINJA,43,20.936794582392793
ASTRUSDT,2025-10-20,B+,NINJA,62,3.4806629834253977
ASTRUSDT,2025-10-24,B+,NINJA,60,4.429301533219765
ASTRUSDT,2025-10-25,B+,NINJA,54,4.846066134549609
ASTRUSDT,2025-10-27,B+,NINJA,67,1.7425519955031055
ASTRUSDT,2025-10-30,B+,NINJA,56,6.023355869698843
ASTRUSDT,2025-11-02,B+,NINJA,73,0.9461856889414477
ASTRUSDT,2025-11-08,B+,TREND,68,5.982367758186413
ASTRUSDT,2025-11-11,B+,NINJA,58,3.6914963744232088
ASTRUSDT,2025-11-17,B+,NINJA,48,14.654517843583914
ASTRUSDT,2025-11-19,B+,NINJA,50,14.134542705971276
ASTRUSDT,2025-11-23,B+,NINJA,65,20.70343725019985
ASTRUSDT,2025-11-28,B+,NINJA,77,1.6642547033284938
ASTRUSDT,2025-12-08,B+,NINJA,52,5.267358339984041
ASTRUSDT,2025-12-12,B+,NINJA,39,2.736318407960203
ASTRUSDT,2025-12-13,B+,NINJA,44,0.5742411812961423
ASTRUSDT,2025-12-14,B+,NINJA,36,2.2165387894288235
ASTRUSDT,2025-12-20,B+,NINJA,59,3.6310107948969605
ASTRUSDT,2025-12-25,B+,NINJA,56,14.777327935222662
ATAUSDT,2025-04-19,B,TREND,95,15.579710144927539
ATAUSDT,2025-04-20,B,TREND,94,12.323943661971825
ATAUSDT,2025-04-23,B,TREND,87,5.891980360065463
ATAUSDT,2025-11-08,B,TREND,73,2.1739130434782705
ATHUSDT,2025-05-11,B,TREND,87,49.215481171548106
ATOMUSDT,2025-01-11,B+,NINJA,58,8.464328899637241
ATOMUSDT,2025-01-12,B+,NINJA,66,11.100789595912698
ATOMUSDT,2025-01-14,B+,NINJA,51,14.413265306122458
ATOMUSDT,2025-01-22,B+,NINJA,55,3.4994355749072836
ATOMUSDT,2025-01-28,B+,NINJA,40,13.196894848271
ATOMUSDT,2025-02-05,B+,NINJA,53,10.115483319076123
ATOMUSDT,2025-02-09,B+,NINJA,68,12.669584245076582
ATOMUSDT,2025-02-13,B+,TREND,70,2.004008016032066
ATOMUSDT,2025-02-17,B+,NINJA,42,5.565939771547246
ATOMUSDT,2025-02-18,B+,NINJA,46,11.152416356877314
ATOMUSDT,2025-02-21,B+,NINJA,74,5.40767134772584
ATOMUSDT,2025-02-26,B+,NINJA,59,7.420264699500967
ATOMUSDT,2025-02-27,B+,NINJA,74,8.289588801399805
ATOMUSDT,2025-03-01,B+,NINJA,71,10.169114374721854
ATOMUSDT,2025-03-03,B+,NINJA,54,5.1585423568386135
ATOMUSDT,2025-03-06,B+,NINJA,58,11.865601503759393
ATOMUSDT,2025-03-12,B+,NINJA,59,29.817339850784673
ATOMUSDT,2025-03-15,B+,TREND,94,8.539470853947083
ATOMUSDT,2025-03-16,B+,TREND,78,9.362808842652814
ATOMUSDT,2025-03-20,B+,NINJA,53,7.728437233134078
ATOMUSDT,2025-03-23,B+,NINJA,61,4.347826086956519
ATOMUSDT,2025-03-27,B+,NINJA,52,5.9508947149396585
ATOMUSDT,2025-04-01,B+,NINJA,68,16.46843549862762
ATOMUSDT,2025-04-04,B+,TREND,91,0.541190619362597
ATOMUSDT,2025-04-08,B+,NINJA,32,9.925677295612555
ATOMUSDT,2025-04-10,B+,NINJA,56,1.8911439114391193
ATOMUSDT,2025-04-13,B+,NINJA,49,7.137689896310562
ATOMUSDT,2025-04-15,B+,NINJA,31,16.331658291457284
ATOMUSDT,2025-04-17,B+,NINJA,56,15.126459143968862
ATOMUSDT,2025-04-18,B+,NINJA,70,14.847161572052414
ATOMUSDT,2025-04-21,B+,NINJA,50,16.543574593796162
ATOMUSDT,2025-04-23,B+,TREND,87,7.371286005897026
ATOMUSDT,2025-04-26,B+,TREND,78,0.8502289077828795
ATOMUSDT,2025-04-29,B+,NINJA,57,14.21064656157185
ATOMUSDT,2025-05-01,B+,NINJA,59,22.264831942251305
ATOMUSDT,2025-05-02,B+,NINJA,70,25.892857142857117
ATOMUSDT,2025-05-07,B+,NINJA,73,31.87050359712229
ATOMUSDT,2025-05-09,B+,TREND,97,11.180752122927618
ATOMUSDT,2025-05-10,B+,TREND,87,2.1359583952451633
ATOMUSDT,2025-05-11,B+,TREND,79,3.5593220338983045
ATOMUSDT,2025-05-14,B+,NINJA,52,4.96955411510509
ATOMUSDT,2025-05-16,B+,NINJA,29,11.055694098088109
ATOMUSDT,2025-05-20,B+,NINJA,62,10.231023102310232
ATOMUSDT,2025-05-22,B+,TREND,89,2.395094845755885
ATOMUSDT,2025-05-23,B+,NINJA,70,3.4849749582637646
ATOMUSDT,2025-05-26,B+,NINJA,50,3.831658291457285
ATOMUSDT,2025-05-29,B+,NINJA,62,0.5418292154313109
ATOMUSDT,2025-06-03,B+,NINJA,62,4.847112117780283
ATOMUSDT,2025-06-07,B+,NINJA,60,7.426317010907391
ATOMUSDT,2025-06-10,B+,TREND,84,0.6085633557922021
ATOMUSDT,2025-06-11,B+,TREND,76,0.2217786648924358
ATOMUSDT,2025-06-16,B+,NINJA,66,1.4006278676648165
ATOMUSDT,2025-06-19,B+,NINJA,57,4.829123328380369
ATOMUSDT,2025-06-20,B+,NINJA,50,7.917515274949083
ATOMUSDT,2025-06-25,B+,TREND,65,6.624999999999992
ATOMUSDT,2025-06-28,B+,NINJA,58,6.785177766649952
ATOMUSDT,2025-07-06,B+,NINJA,62,19.637165972051985
ATOMUSDT,2025-07-07,B+,NINJA,72,21.102050901902647
ATOMUSDT,2025-07-10,B+,TREND,98,14.35686444348201
ATOMUSDT,2025-07-11,B+,TREND,89,14.59051724137932
ATOMUSDT,2025-07-14,B+,NINJA,61,16.72886937431395
ATOMUSDT,2025-07-18,B+,NINJA,74,9.515962924819776
ATOMUSDT,2025-07-20,B+,TREND,78,2.7638190954773822
ATOMUSDT,2025-07-21,B+,TREND,74,0.4435017354415649
ATOMUSDT,2025-07-23,B+,NINJA,38,5.295618885580589
ATOMUSDT,2025-07-26,B+,NINJA,59,3.9034627492130047
ATOMUSDT,2025-07-28,B+,NINJA,62,2.7783760499677124
ATOMUSDT,2025-08-04,B+,NINJA,67,14.033866852238464
ATOMUSDT,2025-08-08,B+,TREND,91,6.7767158992180665
ATOMUSDT,2025-08-09,B+,TREND,91,3.9323467230443887
ATOMUSDT,2025-08-10,B+,TREND,76,5.448305448305457
ATOMUSDT,2025-08-13,B+,TREND,82,1.6690706779311837
ATOMUSDT,2025-08-14,B+,NINJA,65,9.953550099535512
ATOMUSDT,2025-08-16,B+,NINJA,47,8.750820389411507
ATOMUSDT,2025-08-17,B+,NINJA,62,7.550843790566852
ATOMUSDT,2025-08-21,B+,NINJA,65,12.237525400767657
ATOMUSDT,2025-08-24,B+,TREND,75,1.2314756835733576
ATOMUSDT,2025-08-25,B+,NINJA,56,8.948799275034002
ATOMUSDT,2025-08-27,B+,NINJA,55,7.080828323313315
ATOMUSDT,2025-08-29,B+,NINJA,64,3.011376310506364
ATOMUSDT,2025-08-31,B+,NINJA,56,5.596597268860526
ATOMUSDT,2025-09-02,B+,NINJA,55,7.313769751693
ATOMUSDT,2025-09-06,B+,NINJA,67,10.841460648673173
ATOMUSDT,2025-09-17,B+,NINJA,58,2.99154563190982
ATOMUSDT,2025-09-19,B+,NINJA,61,0.759437123073492
ATOMUSDT,2025-09-21,B+,NINJA,47,0.49999999999998934
ATOMUSDT,2025-09-27,B+,NINJA,54,5.886645585015815
ATOMUSDT,2025-10-01,B+,NINJA,58,5.246615087040607
ATOMUSDT,2025-10-05,B+,NINJA,45,3.833172613307645
ATOMUSDT,2025-10-07,B+,NINJA,53,3.648915187376711
ATOMUSDT,2025-10-09,B+,NINJA,52,3.2289869361597168
ATOMUSDT,2025-10-18,B+,NINJA,43,5.9026687598116245
ATOMUSDT,2025-10-19,B+,NINJA,59,4.491945477075587
ATOMUSDT,2025-10-24,B+,NINJA,54,3.138731952291285
ATOMUSDT,2025-10-25,B+,NINJA,58,4.31746031746032
ATOMUSDT,2025-10-27,B+,NINJA,57,1.2586532410320928
ATOMUSDT,2025-10-30,B+,NINJA,50,8.40393087089122
ATOMUSDT,2025-11-01,B+,NINJA,57,5.577557755775575
ATOMUSDT,2025-11-06,B+,NINJA,51,20.808157099697876
ATOMUSDT,2025-11-08,B+,TREND,68,6.874365052488995
ATOMUSDT,2025-11-10,B+,TREND,75,1.5444015444015413
ATOMUSDT,2025-11-11,B+,NINJA,71,6.764106050305907
ATOMUSDT,2025-11-15,B+,NINJA,47,10.056061667834616
ATOMUSDT,2025-11-19,B+,NINJA,35,14.928649835345764
ATOMUSDT,2025-11-20,B+,NINJA,59,3.1763417305586072
ATOMUSDT,2025-11-23,B+,NINJA,50,2.5630756908289865
ATOMUSDT,2025-11-24,B+,NINJA,56,2.3990403838464625
ATOMUSDT,2025-11-25,B+,NINJA,49,3.8102959059586494
ATOMUSDT,2025-11-30,B+,NINJA,36,2.3569023569023573
ATOMUSDT,2025-12-07,B+,NINJA,46,11.05504587155961
ATOMUSDT,2025-12-08,B+,NINJA,69,7.647843485993766
ATOMUSDT,2025-12-10,B+,NINJA,71,0.2205558006175501
ATOMUSDT,2025-12-12,B+,NINJA,49,2.5700934579439227
ATOMUSDT,2025-12-13,B+,NINJA,60,0.3664681630783262
ATOMUSDT,2025-12-14,B+,NINJA,46,2.948169281978119
ATOMUSDT,2025-12-20,B+,NINJA,64,6.5052950075642935
ATOMUSDT,2025-12-25,B+,NINJA,65,19.979560551865095
ATOMUSDT,2025-12-26,B+,TREND,77,16.748046875
ATOMUSDT,2025-12-27,B+,TREND,76,19.519230769230766
ATOMUSDT,2025-12-28,B+,TREND,83,22.227579556412746
AUCTIONUSDT,2025-02-19,B+,TREND,74,48.256285482562866
AUCTIONUSDT,2025-02-20,B+,TREND,83,39.96937212863707
AUCTIONUSDT,2025-02-21,B+,TREND,82,39.648586707410246
AUCTIONUSDT,2025-02-24,B+,TREND,84,24.60804362644855
AUCTIONUSDT,2025-02-25,B+,TREND,91,13.258983890954145
AUCTIONUSDT,2025-03-10,B+,TREND,79,145.2006094464195
AUCTIONUSDT,2025-03-11,B+,TREND,76,162.1258633921719
AUCTIONUSDT,2025-03-12,B+,TREND,78,170.1067615658363
AUCTIONUSDT,2025-03-16,B+,TREND,70,96.6321243523316
AUCTIONUSDT,2025-03-19,B+,TREND,85,70.17937219730943
AUCTIONUSDT,2025-03-20,B+,TREND,83,49.70414201183431
AUCTIONUSDT,2025-05-09,B+,TREND,94,20.616113744075815
AUCTIONUSDT,2025-05-10,B+,TREND,89,4.74504249291785
AUCTIONUSDT,2025-05-22,B+,TREND,87,2.0900321543408262
AUCTIONUSDT,2025-07-10,B+,TREND,89,50.568769389865565
AUCTIONUSDT,2025-07-11,B+,TREND,89,48.26883910386965
AUCTIONUSDT,2025-07-21,B+,TREND,82,10.15490533562824
AUCTIONUSDT,2025-08-08,B+,TREND,88,5.785920925747368
AUCTIONUSDT,2025-08-09,B+,TREND,80,2.908067542213888
AUCTIONUSDT,2025-10-20,B+,TREND,86,2.149437052200631
AUSDT,2025-06-28,C+,NINJA,55,13.977204559088175
AUSDT,2025-06-30,C+,NINJA,71,15.431348724179816
AUSDT,2025-07-07,C+,NINJA,66,18.099733223886716
AUSDT,2025-07-08,C+,NINJA,76,21.93625024747574
AUSDT,2025-07-14,C+,NINJA,68,18.137076193948243
AUSDT,2025-07-23,C+,NINJA,55,0.575752590886669
AUSDT,2025-07-26,C+,NINJA,45,3.77060680462995
AUSDT,2025-07-27,C+,NINJA,57,1.684138168070115
AUSDT,2025-07-28,C+,NINJA,56,2.2348415460706983
AUSDT,2025-07-31,C+,NINJA,36,8.00548052456449
AUSDT,2025-08-04,C+,NINJA,61,18.870873217425288
AUSDT,2025-08-11,C+,NINJA,49,15.926843208230146
AUSDT,2025-08-13,C+,NINJA,82,1.4734257147868801
AUSDT,2025-08-17,C+,NINJA,56,4.734885540990019
AUSDT,2025-08-21,C+,NINJA,64,9.445921079533836
AUSDT,2025-08-25,C+,NINJA,59,11.520833333333336
AUSDT,2025-08-27,C+,NINJA,57,3.2826261008807034
AUSDT,2025-08-30,C+,NINJA,62,1.3538088502727863
AUSDT,2025-08-31,C+,NINJA,60,2.71102895871842
AUSDT,2025-09-02,C+,NINJA,59,2.813141683778242
AUSDT,2025-09-03,C+,NINJA,67,3.0458942169170777
AUSDT,2025-09-06,C+,NINJA,54,10.04743423889607
AUSDT,2025-09-17,C+,NINJA,63,1.6202742002492831
AUSDT,2025-09-18,C+,NINJA,81,0.5558987029030238
AUSDT,2025-09-21,C+,NINJA,47,0.3241140881590221
AUSDT,2025-09-29,C+,NINJA,55,5.562453439284831
AUSDT,2025-10-05,C+,NINJA,43,4.4289624284648
AUSDT,2025-10-07,C+,NINJA,54,1.6813048933500552
AUSDT,2025-10-09,C+,NINJA,43,1.3702171664943252
AUSDT,2025-10-18,C+,NINJA,46,6.6759874169870725
AUSDT,2025-10-19,C+,NINJA,58,5.788561525130009
AUSDT,2025-11-02,C+,NINJA,73,19.500550863018738
AUSDT,2025-11-05,C+,NINJA,48,27.959103421156108
AUSDT,2025-11-13,C+,NINJA,34,0.8336641524414379
AUSDT,2025-11-17,C+,NINJA,48,2.5466893039049365
AUSDT,2025-11-24,C+,NINJA,60,0.5208333333333259
AUSDT,2025-11-25,C+,NINJA,56,2.000976085895556
AUSDT,2025-11-27,C+,NINJA,51,0.5839416058394109
AUSDT,2025-12-03,C+,NINJA,56,0.924024640657084
AUSDT,2025-12-04,C+,NINJA,61,2.00951877313591
AUSDT,2025-12-07,C+,NINJA,54,8.676056338028172
AUSDT,2025-12-08,C+,NINJA,66,7.345575959933215
AUSDT,2025-12-10,C+,NINJA,72,0.4366812227074135
AUSDT,2025-12-12,C+,NINJA,50,1.4180374361882908
AUSDT,2025-12-14,C+,NINJA,36,1.7190278601067144
AUSDT,2025-12-24,C+,NINJA,50,9.045848822800506
AUSDT,2025-12-25,C+,NINJA,35,16.851730894839957
AUSDT,2025-12-27,C+,NINJA,50,19.43396226415095
AUSDT,2025-12-28,C+,NINJA,56,20.418516169942926
AVAAIUSDT,2025-08-10,C+,TREND,84,0.34622042700518385
AVAUSDT,2025-02-17,C,NINJA,62,8.574807806031949
AVAUSDT,2025-02-19,C,NINJA,50,15.781176099637406
AVAUSDT,2025-02-20,C,NINJA,66,12.638036809815944
AVAUSDT,2025-03-20,C,NINJA,64,5.727773406766334
AVAUSDT,2025-03-23,C,NINJA,63,8.84497003077922
AVAUSDT,2025-04-17,C,NINJA,50,23.281130634071822
AVAUSDT,2025-05-28,C,NINJA,67,2.0898469639624606
AVAUSDT,2025-06-02,C,NINJA,76,11.026950854324458
AVAUSDT,2025-06-07,C,NINJA,65,14.081447963800908
AVAUSDT,2025-06-14,C,NINJA,52,10.480104614235008
AVAUSDT,2025-06-16,C,NINJA,68,8.09723999268872
AVAUSDT,2025-06-19,C,NINJA,71,8.473954512105642
AVAUSDT,2025-06-20,C,NINJA,57,12.948815889992371
AVAUSDT,2025-07-10,C,TREND,97,19.75614066089415
AVAUSDT,2025-08-11,C,NINJA,62,9.724137931034482
AVAUSDT,2025-08-16,C,NINJA,64,6.597340606887148
AVAUSDT,2025-08-17,C,NINJA,71,7.476796149879683
AVAUSDT,2025-08-21,C,NINJA,68,11.860465116279052
AVAUSDT,2025-08-25,C,NINJA,46,6.348910817352449
AVAUSDT,2025-08-27,C,NINJA,61,2.109402931712556
AVAUSDT,2025-08-28,C,NINJA,78,0.08807468733487145
AVAUSDT,2025-08-30,C,NINJA,60,4.433858556247716
AVAUSDT,2025-09-02,C,NINJA,60,8.31309546048944
AVAUSDT,2025-09-03,C,NINJA,65,9.770650755174337
AVAUSDT,2025-09-17,C,NINJA,73,13.579362235757797
AVAUSDT,2025-09-19,C,NINJA,72,16.13848690236306
AVAUSDT,2025-10-30,C,NINJA,66,2.8397027600849167
AVAUSDT,2025-11-01,C,NINJA,47,5.554064931580371
AVAUSDT,2025-11-02,C,NINJA,48,9.053384700055034
AVAUSDT,2025-12-07,C,NINJA,64,9.028233749179272
AVAUSDT,2025-12-08,C,NINJA,63,6.81891283370859
AVAUSDT,2025-12-10,C,NINJA,75,0.12714558169104606
AVAUSDT,2025-12-12,C,NINJA,52,1.9867549668874274
AVAUSDT,2025-12-13,C,NINJA,53,0.4608294930875667
AVAXUSDT,2025-01-12,B+,NINJA,65,14.387308533916832
AVAXUSDT,2025-01-17,B+,TREND,86,0.7249879168680362
AVAXUSDT,2025-01-22,B+,NINJA,68,3.6956521739130332
AVAXUSDT,2025-01-26,B+,NINJA,68,1.1748251748251892
AVAXUSDT,2025-01-28,B+,NINJA,28,12.749376558603508
AVAXUSDT,2025-01-30,B+,NINJA,59,5.482648002333046
AVAXUSDT,2025-01-31,B+,NINJA,65,1.975595583962808
AVAXUSDT,2025-02-09,B+,NINJA,57,9.489344591877757
AVAXUSDT,2025-02-11,B+,NINJA,71,7.246947617172106
AVAXUSDT,2025-02-13,B+,NINJA,62,7.246947617172106
AVAXUSDT,2025-02-15,B+,NINJA,61,4.160125588697006
AVAXUSDT,2025-02-18,B+,NINJA,35,12.840136054421759
AVAXUSDT,2025-02-21,B+,NINJA,70,7.457212713936445
AVAXUSDT,2025-02-23,B+,NINJA,68,1.327967806841035
AVAXUSDT,2025-02-26,B+,NINJA,49,14.860539551897567
AVAXUSDT,2025-02-27,B+,NINJA,58,11.545293072824169
AVAXUSDT,2025-03-01,B+,NINJA,58,14.913083257090577
AVAXUSDT,2025-03-03,B+,NINJA,58,7.732696897374702
AVAXUSDT,2025-03-06,B+,NINJA,61,1.5721772272510703
AVAXUSDT,2025-03-09,B+,NINJA,43,11.853088480801354
AVAXUSDT,2025-03-13,B+,NINJA,66,8.64864864864865
AVAXUSDT,2025-03-16,B+,NINJA,71,28.54794520547945
AVAXUSDT,2025-03-18,B+,NINJA,48,23.668950975224057
AVAXUSDT,2025-03-24,B+,TREND,97,9.21787709497206
AVAXUSDT,2025-04-05,B+,NINJA,53,17.683268047006152
AVAXUSDT,2025-04-08,B+,NINJA,58,30.216718266253896
AVAXUSDT,2025-04-11,B+,TREND,74,9.98953974895398
AVAXUSDT,2025-04-12,B+,TREND,68,8.833577354807232
AVAXUSDT,2025-04-13,B+,TREND,67,17.815211842776925
AVAXUSDT,2025-04-17,B+,NINJA,53,21.154855643044602
AVAXUSDT,2025-04-18,B+,NINJA,55,21.027792343995788
AVAXUSDT,2025-04-20,B+,NINJA,75,18.29830855971295
AVAXUSDT,2025-04-21,B+,NINJA,73,15.86345381526102
AVAXUSDT,2025-04-23,B+,TREND,87,2.9556650246305383
AVAXUSDT,2025-04-26,B+,TREND,63,1.6949152542372836
AVAXUSDT,2025-04-27,B+,NINJA,42,3.3164440350069047
AVAXUSDT,2025-04-29,B+,NINJA,57,11.31200741770979
AVAXUSDT,2025-05-02,B+,NINJA,69,26.30588235294118
AVAXUSDT,2025-05-07,B+,NINJA,60,37.28900255754475
AVAXUSDT,2025-05-09,B+,TREND,90,15.341641598624832
AVAXUSDT,2025-05-10,B+,TREND,90,3.9504260263361735
AVAXUSDT,2025-05-11,B+,TREND,82,8.313155770782888
AVAXUSDT,2025-05-14,B+,NINJA,65,4.086538461538458
AVAXUSDT,2025-05-16,B+,NINJA,29,12.66261925411969
AVAXUSDT,2025-05-20,B+,NINJA,60,14.955752212389385
AVAXUSDT,2025-05-22,B+,TREND,88,2.8503562945368044
AVAXUSDT,2025-05-25,B+,NINJA,37,3.837953091684443
AVAXUSDT,2025-05-26,B+,NINJA,49,5.548331166016474
AVAXUSDT,2025-05-29,B+,NINJA,69,0.44943820224718767
AVAXUSDT,2025-06-03,B+,NINJA,64,7.7105014191106935
AVAXUSDT,2025-06-10,B+,TREND,88,0.8861320336730039
AVAXUSDT,2025-06-16,B+,NINJA,49,2.256033578174188
AVAXUSDT,2025-06-24,B+,TREND,81,5.156335710367532
AVAXUSDT,2025-06-30,B+,NINJA,77,15.757238307349652
AVAXUSDT,2025-07-03,B+,TREND,83,17.58360302049624
AVAXUSDT,2025-07-06,B+,NINJA,64,25.861126298523796
AVAXUSDT,2025-07-07,B+,NINJA,76,35.29738743746527
AVAXUSDT,2025-07-10,B+,TREND,94,23.42995169082127
AVAXUSDT,2025-07-11,B+,TREND,84,28.288201160541604
AVAXUSDT,2025-07-14,B+,TREND,76,24.788334901222942
AVAXUSDT,2025-07-20,B+,TREND,78,9.345047923322692
AVAXUSDT,2025-07-21,B+,TREND,74,7.668108533228457
AVAXUSDT,2025-07-23,B+,NINJA,48,14.321503131524004
AVAXUSDT,2025-07-28,B+,NINJA,76,1.1900039666798978
AVAXUSDT,2025-07-31,B+,NINJA,31,10.45838896306186
AVAXUSDT,2025-08-05,B+,NINJA,74,18.567518248175176
AVAXUSDT,2025-08-09,B+,TREND,92,7.263722657862148
AVAXUSDT,2025-08-11,B+,NINJA,55,14.041246160596742
AVAXUSDT,2025-08-14,B+,NINJA,82,13.096746937051119
AVAXUSDT,2025-08-21,B+,NINJA,57,17.566974088713216
AVAXUSDT,2025-08-24,B+,TREND,81,0.6581494386372455
AVAXUSDT,2025-08-27,B+,NINJA,66,5.569205569205571
AVAXUSDT,2025-08-28,B+,NINJA,77,3.409546730846369
AVAXUSDT,2025-08-29,B+,NINJA,70,9.554140127388532
AVAXUSDT,2025-08-31,B+,NINJA,55,26.15384615384615
AVAXUSDT,2025-09-07,B+,NINJA,71,29.659643435980556
AVAXUSDT,2025-09-10,B+,TREND,88,21.47218453188604
AVAXUSDT,2025-09-11,B+,TREND,80,22.84734133790738
AVAXUSDT,2025-09-13,B+,TREND,75,20.21276595744681
AVAXUSDT,2025-09-18,B+,TREND,96,2.7564649048025025
AVAXUSDT,2025-09-19,B+,TREND,79,7.140740740740736
AVAXUSDT,2025-09-29,B+,NINJA,65,3.814534692535343
AVAXUSDT,2025-10-04,B+,NINJA,73,3.6188579017264244
AVAXUSDT,2025-10-07,B+,NINJA,49,6.08664518438955
AVAXUSDT,2025-10-10,B+,NINJA,56,16.392649903288216
AVAXUSDT,2025-10-20,B+,NINJA,58,3.736479842674534
AVAXUSDT,2025-10-24,B+,NINJA,55,8.260646485377144
AVAXUSDT,2025-10-25,B+,NINJA,63,7.052257737189249
AVAXUSDT,2025-10-30,B+,NINJA,55,4.969630038652695
AVAXUSDT,2025-11-01,B+,NINJA,54,1.4949279231180057
AVAXUSDT,2025-11-02,B+,NINJA,72,0.5851063829787284
AVAXUSDT,2025-11-05,B+,NINJA,49,12.040939193257083
AVAXUSDT,2025-11-06,B+,NINJA,51,15.375077495350276
AVAXUSDT,2025-11-08,B+,TREND,67,6.342857142857139
AVAXUSDT,2025-11-13,B+,NINJA,40,0.4968944099378758
AVAXUSDT,2025-11-16,B+,NINJA,49,4.62046204620461
AVAXUSDT,2025-11-17,B+,NINJA,47,4.40467997247076
AVAXUSDT,2025-11-20,B+,NINJA,48,10.57204923968138
AVAXUSDT,2025-11-27,B+,TREND,93,1.6644474034620549
AVAXUSDT,2025-11-28,B+,TREND,76,1.6846361185983927
AVAXUSDT,2025-12-04,B+,TREND,85,2.9146426092991007
AVAXUSDT,2025-12-07,B+,NINJA,60,9.933283914010381
AVAXUSDT,2025-12-08,B+,NINJA,74,8.72434017595307
AVAXUSDT,2025-12-12,B+,NINJA,52,2.8244274809160475
AVAXUSDT,2025-12-13,B+,NINJA,54,0.2243829468960401
AVAXUSDT,2025-12-14,B+,NINJA,54,3.6490683229813525
AVAXUSDT,2025-12-25,B+,NINJA,48,19.851116625310183
AVAXUSDT,2025-12-28,B+,TREND,74,16.693037974683534
AXSUSDT,2025-01-11,B-,NINJA,58,8.339964984879833
AXSUSDT,2025-01-22,B-,NINJA,55,2.3813545009288895
AXSUSDT,2025-01-26,B-,NINJA,43,2.414414414414412
AXSUSDT,2025-01-28,B-,NINJA,36,12.800158761659075
AXSUSDT,2025-01-30,B-,NINJA,62,4.274445055953047
AXSUSDT,2025-02-11,B-,NINJA,74,9.086640056351246
AXSUSDT,2025-02-15,B-,NINJA,60,5.0523441055985385
AXSUSDT,2025-02-18,B-,NINJA,43,10.272336359292877
AXSUSDT,2025-02-21,B-,NINJA,71,2.64348654441533
AXSUSDT,2025-02-23,B-,NINJA,50,0.3878787878787815
AXSUSDT,2025-02-27,B-,NINJA,51,9.945355191256834
AXSUSDT,2025-03-03,B-,NINJA,50,7.389162561576357
AXSUSDT,2025-03-06,B-,NINJA,61,3.659574468085114
AXSUSDT,2025-03-12,B-,NINJA,59,10.194479297365099
AXSUSDT,2025-03-16,B-,NINJA,68,14.996849401386259
AXSUSDT,2025-03-23,B-,NINJA,67,8.792846497764529
AXSUSDT,2025-03-26,B-,NINJA,75,1.7391304347825987
AXSUSDT,2025-04-05,B-,NINJA,60,0.4405286343612369
AXSUSDT,2025-04-10,B-,NINJA,53,7.380546075085337
AXSUSDT,2025-04-13,B-,NINJA,51,13.710747456877481
AXSUSDT,2025-04-29,B-,NINJA,52,16.030534351145032
AXSUSDT,2025-05-09,B-,TREND,95,28.9391304347826
AXSUSDT,2025-05-20,B-,NINJA,68,7.200000000000006
AXSUSDT,2025-05-23,B-,NINJA,58,4.002808988764062
AXSUSDT,2025-05-26,B-,NINJA,48,5.2968361180234735
AXSUSDT,2025-05-29,B-,NINJA,74,0.4976892996800597
AXSUSDT,2025-06-03,B-,NINJA,61,10.981761738455575
AXSUSDT,2025-06-07,B-,NINJA,57,16.639477977161498
AXSUSDT,2025-06-08,B-,NINJA,55,19.06744379683596
AXSUSDT,2025-06-11,B-,NINJA,75,0.19379844961240345
AXSUSDT,2025-06-15,B-,NINJA,38,6.090712742980564
AXSUSDT,2025-06-16,B-,NINJA,52,1.0615711252653925
AXSUSDT,2025-06-19,B-,NINJA,46,5.263157894736836
AXSUSDT,2025-06-20,B-,NINJA,44,7.51708428246014
AXSUSDT,2025-06-28,B-,NINJA,47,8.057944771389769
AXSUSDT,2025-06-30,B-,NINJA,81,9.565987599645709
AXSUSDT,2025-07-06,B-,NINJA,47,23.83801196502531
AXSUSDT,2025-07-07,B-,NINJA,59,26.160337552742607
AXSUSDT,2025-07-14,B-,NINJA,63,19.50224398204814
AXSUSDT,2025-07-23,B-,NINJA,52,4.436728395061729
AXSUSDT,2025-07-26,B-,NINJA,57,4.47703589347741
AXSUSDT,2025-07-27,B-,NINJA,62,2.0354315868827744
AXSUSDT,2025-07-28,B-,NINJA,57,2.8466856445709565
AXSUSDT,2025-07-31,B-,NINJA,36,14.310876265962147
AXSUSDT,2025-08-11,B-,NINJA,62,12.70509045014725
AXSUSDT,2025-08-14,B-,NINJA,77,6.902356902356899
AXSUSDT,2025-08-16,B-,NINJA,58,4.785478547854782
AXSUSDT,2025-08-17,B-,NINJA,60,5.745212323064108
AXSUSDT,2025-08-21,B-,NINJA,59,22.97891036906854
AXSUSDT,2025-08-25,B-,NINJA,47,26.88123300090661
AXSUSDT,2025-08-27,B-,NINJA,65,21.484375
AXSUSDT,2025-08-29,B-,NINJA,63,24.34473567303421
AXSUSDT,2025-08-31,B-,NINJA,86,2.339413164155446
AXSUSDT,2025-09-03,B-,NINJA,63,12.35955056179776
AXSUSDT,2025-09-04,B-,NINJA,52,17.18750000000002
AXSUSDT,2025-09-06,B-,NINJA,71,14.213197969543167
AXSUSDT,2025-09-17,B-,NINJA,52,4.24266455194291
AXSUSDT,2025-09-19,B-,NINJA,63,1.5990159901599021
AXSUSDT,2025-09-21,B-,NINJA,43,0.42069835927640575
AXSUSDT,2025-09-27,B-,NINJA,60,10.689170182841078
AXSUSDT,2025-10-05,B-,NINJA,46,8.153916628492919
AXSUSDT,2025-10-07,B-,NINJA,50,5.376344086021523
AXSUSDT,2025-10-09,B-,NINJA,62,2.0371208691715603
AXSUSDT,2025-10-10,B-,NINJA,69,20.28890347997374
AXSUSDT,2025-10-19,B-,NINJA,61,5.5450535601764495
AXSUSDT,2025-10-20,B-,NINJA,69,5.279698302954117
AXSUSDT,2025-11-02,B-,NINJA,76,6.3351498637602255
AXSUSDT,2025-11-11,B-,NINJA,54,5.387453874538739
AXSUSDT,2025-11-15,B-,NINJA,45,8.281249999999996
AXSUSDT,2025-11-16,B-,NINJA,50,12.045270816491493
AXSUSDT,2025-11-19,B-,NINJA,61,12.682926829268283
AXSUSDT,2025-11-24,B-,NINJA,48,2.961672473867605
AXSUSDT,2025-11-25,B-,NINJA,58,2.604166666666674
AXSUSDT,2025-12-07,B-,NINJA,60,11.579980372914633
AXSUSDT,2025-12-12,B-,NINJA,41,0.9891196834816984
AXSUSDT,2025-12-14,B-,NINJA,34,3.3264033264033266
AXSUSDT,2025-12-24,B-,NINJA,54,10.926365795724479
AXSUSDT,2025-12-25,B-,NINJA,51,18.886198547215493
AXSUSDT,2025-12-28,B-,NINJA,66,17.852975495915977
B2USDT,2025-09-29,C+,TREND,92,43.025125628140714
B2USDT,2025-12-21,C+,TREND,89,1.6060308095706466
BANANAS31USDT,2025-06-22,B,TREND,87,124.03488521226112
BANANAS31USDT,2025-06-25,B,TREND,91,12.370537150209081
BANANAS31USDT,2025-07-09,B,TREND,87,200.86631146540853
BANANAS31USDT,2025-07-10,B,TREND,98,98.68926432274179
BANANAS31USDT,2025-10-03,B,TREND,95,12.889131622064443
BANDUSDT,2025-02-19,B,NINJA,64,21.311475409836067
BANDUSDT,2025-02-27,B,NINJA,72,8.41889117043122
BANDUSDT,2025-03-03,B,NINJA,72,3.3991228070175294
BANDUSDT,2025-04-23,B,TREND,97,10.050251256281406
BANDUSDT,2025-04-26,B,TREND,94,1.041666666666674
BANDUSDT,2025-05-09,B,TREND,93,7.499999999999996
BANDUSDT,2025-06-08,B,NINJA,74,11.550151975683875
BANDUSDT,2025-06-15,B,NINJA,66,6.771653543307088
BANDUSDT,2025-06-16,B,NINJA,78,2.4653312788905923
BANDUSDT,2025-06-19,B,NINJA,54,2.3255813953488413
BANDUSDT,2025-07-06,B,NINJA,61,28.52173913043479
BANDUSDT,2025-07-07,B,NINJA,73,29.42206654991244
BANDUSDT,2025-07-10,B,TREND,97,16.31736526946108
BANDUSDT,2025-07-31,B,NINJA,46,19.53488372093024
BANDUSDT,2025-08-09,B,TREND,92,6.754966887417235
BANDUSDT,2025-09-21,B,NINJA,72,0.4120879120879106
BANDUSDT,2025-10-02,B,TREND,88,3.735632183908044
BANDUSDT,2025-10-30,B,NINJA,51,10.633946830265861
BANDUSDT,2025-12-02,B,NINJA,89,0.6756756756756799
BANDUSDT,2025-12-06,B,NINJA,41,1.0204081632652962
BATUSDT,2025-01-09,B,NINJA,55,9.587378640776677
BATUSDT,2025-01-11,B,NINJA,71,8.014354066985629
BATUSDT,2025-01-19,B,NINJA,49,11.533362792752989
BATUSDT,2025-01-22,B,NINJA,53,5.905340859748165
BATUSDT,2025-01-24,B,NINJA,36,8.641425389755009
BATUSDT,2025-01-26,B,NINJA,64,3.0973451327433565
BATUSDT,2025-01-28,B,NINJA,35,12.289156626506026
BATUSDT,2025-01-30,B,NINJA,62,4.484304932735439
BATUSDT,2025-02-05,B,NINJA,51,9.325842696629216
BATUSDT,2025-02-09,B,NINJA,70,10.005652911249285
BATUSDT,2025-02-11,B,NINJA,66,8.111111111111114
BATUSDT,2025-02-17,B,NINJA,47,3.0237580993520474
BATUSDT,2025-02-19,B,NINJA,52,7.735742518351207
BATUSDT,2025-02-21,B,NINJA,69,5.089485458612986
BATUSDT,2025-02-26,B,NINJA,50,10.519951632406288
BATUSDT,2025-02-27,B,NINJA,58,9.134328358208933
BATUSDT,2025-03-03,B,NINJA,58,6.190172303765151
BATUSDT,2025-03-06,B,NINJA,65,2.5402726146220633
BATUSDT,2025-03-13,B,NINJA,58,10.438413361169108
BATUSDT,2025-03-22,B,NINJA,57,9.072715143428955
BATUSDT,2025-03-23,B,NINJA,58,9.657947686116696
BATUSDT,2025-04-01,B,NINJA,62,0.7857142857142785
BATUSDT,2025-04-04,B,NINJA,55,0.7446016381235987
BATUSDT,2025-04-05,B,NINJA,59,0.4514672686230403
BATUSDT,2025-04-08,B,NINJA,43,17.105263157894733
BATUSDT,2025-04-10,B,NINJA,57,10.098522167487678
BATUSDT,2025-04-16,B,NINJA,45,25.10187449062755
BATUSDT,2025-04-17,B,NINJA,53,23.790322580645153
BATUSDT,2025-04-23,B,TREND,96,11.698379140239613
BATUSDT,2025-04-25,B,TREND,91,5.666666666666664
BATUSDT,2025-04-29,B,NINJA,62,8.774279973208298
BATUSDT,2025-05-06,B,NINJA,50,26.51570489408328
BATUSDT,2025-05-09,B,TREND,93,7.311028500619576
BATUSDT,2025-05-14,B,NINJA,54,1.311680199875087
BATUSDT,2025-05-16,B,NINJA,33,6.710963455149499
BATUSDT,2025-05-19,B,NINJA,49,8.367071524966253
BATUSDT,2025-05-20,B,NINJA,66,7.138092061374235
BATUSDT,2025-05-23,B,NINJA,60,1.5785861358956765
BATUSDT,2025-05-26,B,NINJA,41,4.25833924769341
BATUSDT,2025-05-28,B,NINJA,57,1.6185784658691027
BATUSDT,2025-06-11,B,NINJA,83,0.07293946024797826
BATUSDT,2025-06-15,B,NINJA,49,4.050833995234315
BATUSDT,2025-06-16,B,NINJA,61,1.4996053670086607
BATUSDT,2025-06-19,B,NINJA,52,7.317073170731714
BATUSDT,2025-06-20,B,NINJA,45,8.910891089108919
BATUSDT,2025-07-06,B,NINJA,58,27.172195892575047
BATUSDT,2025-07-07,B,NINJA,70,27.172195892575047
BATUSDT,2025-07-10,B,TREND,97,22.002820874471073
BATUSDT,2025-07-23,B,NINJA,52,18.678526048284617
BATUSDT,2025-07-28,B,NINJA,71,17.336683417085407
BATUSDT,2025-07-30,B,NINJA,67,11.455847255369921
BATUSDT,2025-07-31,B,NINJA,66,3.982016698779689
BATUSDT,2025-08-04,B,NINJA,56,8.122157244964257
BATUSDT,2025-08-05,B,NINJA,62,11.903160726294558
BATUSDT,2025-08-11,B,NINJA,53,21.612466124661232
BATUSDT,2025-08-14,B,NINJA,68,21.12010796221322
BATUSDT,2025-08-17,B,NINJA,58,3.1191515907673217
BATUSDT,2025-08-20,B,NINJA,46,8.678500986193294
BATUSDT,2025-08-21,B,NINJA,58,11.238223418573345
BATUSDT,2025-08-27,B,NINJA,61,8.626410086264102
BATUSDT,2025-08-31,B,NINJA,65,11.877903118779031
BATUSDT,2025-09-06,B,NINJA,64,10.557377049180339
BATUSDT,2025-09-12,B,NINJA,67,2.024539877300602
BATUSDT,2025-09-17,B,NINJA,68,2.123672704559665
BATUSDT,2025-09-27,B,NINJA,51,11.481218993621534
BATUSDT,2025-10-02,B,TREND,90,19.431891542930924
BATUSDT,2025-10-07,B,NINJA,40,71.1888111888112
BATUSDT,2025-10-10,B,NINJA,63,82.82300224047799
BATUSDT,2025-10-17,B,NINJA,43,10.87645195353748
BATUSDT,2025-10-27,B,NINJA,58,31.271878646441074
BATUSDT,2025-10-30,B,NINJA,50,51.00755667506298
BATUSDT,2025-11-04,B,NINJA,81,24.485596707818935
BATUSDT,2025-11-15,B,NINJA,42,23.66369710467704
BATUSDT,2025-11-16,B,NINJA,46,30.67660550458715
BATUSDT,2025-11-17,B,NINJA,52,52.85961871750433
BATUSDT,2025-11-20,B,NINJA,59,76.26321974148063
BATUSDT,2025-12-02,B,NINJA,36,25.74875207986689
BATUSDT,2025-12-05,B,NINJA,62,20.64144736842104
BATUSDT,2025-12-08,B,NINJA,63,14.654161781946073
BATUSDT,2025-12-10,B,NINJA,60,14.923619271445343
BATUSDT,2025-12-20,B,NINJA,60,4.337899543378998
BATUSDT,2025-12-23,B,NINJA,53,10.600193610842211
BATUSDT,2025-12-25,B,NINJA,62,9.51231289232255
BBUSDT,2025-04-26,C,TREND,93,0.14471780028944004
BBUSDT,2025-05-09,C,TREND,98,24.00990099009901
BCHUSDT,2025-01-11,B-,NINJA,55,13.514739229024952
BCHUSDT,2025-01-14,B-,NINJA,57,14.31833751998175
BCHUSDT,2025-01-22,B-,NINJA,58,4.59347726228756
BCHUSDT,2025-01-24,B-,NINJA,42,5.41666666666667
BCHUSDT,2025-01-26,B-,NINJA,41,4.7271872060207
BCHUSDT,2025-01-28,B-,NINJA,43,8.477466504263088
BCHUSDT,2025-02-09,B-,NINJA,70,8.166409861325107
BCHUSDT,2025-02-21,B-,NINJA,62,13.926067558954735
BCHUSDT,2025-02-26,B-,NINJA,55,42.85714285714286
BCHUSDT,2025-02-27,B-,NINJA,63,41.50943396226414
BCHUSDT,2025-03-03,B-,NINJA,61,30.718954248366014
BCHUSDT,2025-03-13,B-,NINJA,50,8.376802700214792
BCHUSDT,2025-03-15,B-,NINJA,62,2.2202746129126316
BCHUSDT,2025-03-16,B-,NINJA,53,5.106638630219296
BCHUSDT,2025-03-17,B-,NINJA,61,3.674074074074074
BCHUSDT,2025-03-20,B-,NINJA,63,2.486518873577004
BCHUSDT,2025-03-24,B-,NINJA,71,2.8872180451127827
BCHUSDT,2025-04-01,B-,NINJA,60,2.986043492372592
BCHUSDT,2025-04-04,B-,NINJA,50,24.41937624419377
BCHUSDT,2025-04-05,B-,NINJA,55,23.31469911213415
BCHUSDT,2025-04-08,B-,NINJA,47,39.30163447251116
BCHUSDT,2025-04-17,B-,NINJA,55,15.23952095808383
BCHUSDT,2025-04-18,B-,NINJA,57,14.895522388059689
BCHUSDT,2025-04-26,B-,NINJA,62,8.919527293190788
BCHUSDT,2025-04-28,B-,NINJA,53,18.23674814611369
BCHUSDT,2025-04-29,B-,NINJA,76,18.334249587685548
BCHUSDT,2025-05-03,B-,NINJA,46,19.46512269092915
BCHUSDT,2025-05-14,B-,NINJA,51,14.725602185249564
BCHUSDT,2025-05-16,B-,NINJA,47,16.696135387724187
BCHUSDT,2025-05-17,B-,NINJA,41,17.767015039510568
BCHUSDT,2025-05-20,B-,NINJA,62,17.22912966252219
BCHUSDT,2025-05-23,B-,NINJA,80,1.4305816135084415
BCHUSDT,2025-05-26,B-,NINJA,60,3.0572941742898596
BCHUSDT,2025-05-29,B-,NINJA,62,3.1982421875
BCHUSDT,2025-06-01,B-,NINJA,61,10.85770946950917
BCHUSDT,2025-06-03,B-,NINJA,60,13.301721986523596
BCHUSDT,2025-06-14,B-,NINJA,64,17.24297980970062
BCHUSDT,2025-06-20,B-,NINJA,63,10.280768418830476
BCHUSDT,2025-06-24,B-,NINJA,47,16.791538122520922
BCHUSDT,2025-06-30,B-,NINJA,61,4.80522048645442
BCHUSDT,2025-07-01,B-,NINJA,66,7.83686525389844
BCHUSDT,2025-07-03,B-,NINJA,41,8.662369057211915
BCHUSDT,2025-07-05,B-,NINJA,57,10.239117106069884
BCHUSDT,2025-07-06,B-,NINJA,70,9.745676500508637
BCHUSDT,2025-07-12,B-,NINJA,76,9.322536045822627
BCHUSDT,2025-07-14,B-,NINJA,58,9.625668449197855
BCHUSDT,2025-07-16,B-,NINJA,54,13.294565871265295
BCHUSDT,2025-07-17,B-,NINJA,59,21.640000000000015
BCHUSDT,2025-07-18,B-,NINJA,83,18.211856171039862
BCHUSDT,2025-07-23,B-,NINJA,47,18.7426786411558
BCHUSDT,2025-07-31,B-,NINJA,47,5.4853072128227875
BCHUSDT,2025-08-09,B-,NINJA,64,12.047341459106153
BCHUSDT,2025-08-11,B-,NINJA,50,9.645635263612773
BCHUSDT,2025-08-16,B-,NINJA,54,3.5246041205516887
BCHUSDT,2025-08-17,B-,NINJA,46,4.467353951890041
BCHUSDT,2025-08-21,B-,NINJA,57,9.608797548224256
BCHUSDT,2025-08-27,B-,NINJA,49,14.467466375863314
BCHUSDT,2025-08-28,B-,NINJA,55,12.887614267789926
BCHUSDT,2025-08-31,B-,NINJA,56,15.729511209114278
BCHUSDT,2025-09-08,B-,NINJA,49,10.639021074099265
BCHUSDT,2025-09-15,B-,NINJA,65,9.65133906013138
BCHUSDT,2025-09-18,B-,NINJA,94,1.2812299807815508
BCHUSDT,2025-09-21,B-,NINJA,37,1.0781671159029615
BCHUSDT,2025-10-09,B-,NINJA,39,3.6551724137931174
BCHUSDT,2025-10-10,B-,NINJA,58,6.991236611489771
BCHUSDT,2025-10-13,B-,NINJA,59,0.12808783165600968
BCHUSDT,2025-10-20,B-,NINJA,56,21.16147900564027
BCHUSDT,2025-10-23,B-,NINJA,62,20.757859671038936
BCHUSDT,2025-10-30,B-,NINJA,51,4.9704360679970305
BCHUSDT,2025-11-02,B-,NINJA,45,0.018625442354269772
BCHUSDT,2025-11-08,B-,NINJA,68,8.511496571198052
BCHUSDT,2025-11-11,B-,NINJA,82,8.898556456397078
BCHUSDT,2025-11-15,B-,NINJA,61,13.054726368159209
BCHUSDT,2025-11-16,B-,NINJA,54,17.521721141911463
BCHUSDT,2025-11-19,B-,NINJA,64,16.796875
BCHUSDT,2025-11-26,B-,NINJA,49,11.716019863895522
BCHUSDT,2025-11-27,B-,NINJA,48,14.022902196358157
BCHUSDT,2025-11-29,B-,NINJA,41,16.471716203259824
BCHUSDT,2025-12-08,B-,NINJA,72,2.1067173199792677
BCHUSDT,2025-12-12,B-,NINJA,79,8.558171507131828
BCHUSDT,2025-12-14,B-,NINJA,64,13.147053555436173
BCHUSDT,2025-12-17,B-,NINJA,63,15.547832449240895
BCHUSDT,2025-12-23,B-,NINJA,50,11.441048034934486
BEATUSDT,2025-12-13,B+,TREND,80,93.36541766930218
BEATUSDT,2025-12-22,B+,TREND,88,6.931857673697439
BIDUSDT,2025-06-03,B-,TREND,92,43.906899418121355
BIGTIMEUSDT,2025-05-14,B+,NINJA,56,0.4823926676314594
BIGTIMEUSDT,2025-05-16,B+,NINJA,28,9.429181114963981
BIGTIMEUSDT,2025-05-20,B+,NINJA,66,10.863396838265093
BIGTIMEUSDT,2025-05-22,B+,TREND,88,2.0141738157403832
BIGTIMEUSDT,2025-05-23,B+,NINJA,69,3.6461199779856956
BIGTIMEUSDT,2025-05-26,B+,NINJA,55,3.4735676722944975
BIGTIMEUSDT,2025-05-28,B+,NINJA,65,1.998070828165921
BIGTIMEUSDT,2025-05-29,B+,NINJA,50,0.4606968039159165
BIGTIMEUSDT,2025-06-07,B+,NINJA,48,8.659029649595684
BIGTIMEUSDT,2025-06-10,B+,TREND,82,0.13972985561250262
BIGTIMEUSDT,2025-06-16,B+,NINJA,69,2.1676300578034713
BIGTIMEUSDT,2025-06-19,B+,NINJA,54,7.487647282402121
BIGTIMEUSDT,2025-06-20,B+,NINJA,51,12.400635930047699
BIGTIMEUSDT,2025-06-28,B+,NINJA,57,4.784688995215314
BIGTIMEUSDT,2025-07-03,B+,TREND,81,23.897127839309196
BIGTIMEUSDT,2025-07-06,B+,NINJA,60,26.70378191591478
BIGTIMEUSDT,2025-07-07,B+,NINJA,66,30.383247728170694
BIGTIMEUSDT,2025-07-10,B+,TREND,89,16.89317047995871
BIGTIMEUSDT,2025-07-11,B+,TREND,84,30.878284923928078
BIGTIMEUSDT,2025-07-17,B+,NINJA,59,21.450344938231993
BIGTIMEUSDT,2025-07-18,B+,NINJA,65,23.491027732463298
BIGTIMEUSDT,2025-07-21,B+,TREND,88,5.770584095707232
BIGTIMEUSDT,2025-07-26,B+,NINJA,69,12.1641791044776
BIGTIMEUSDT,2025-07-27,B+,TREND,83,0.8250355618776739
BIGTIMEUSDT,2025-07-30,B+,NINJA,42,2.8055159296243692
BIGTIMEUSDT,2025-07-31,B+,NINJA,42,8.358817533129459
BIGTIMEUSDT,2025-08-04,B+,NINJA,63,7.103274559193973
BIGTIMEUSDT,2025-08-05,B+,NINJA,57,12.605932203389836
BIGTIMEUSDT,2025-08-08,B+,TREND,86,3.7917005695687678
BIGTIMEUSDT,2025-08-09,B+,TREND,82,1.370517928286863
BIGTIMEUSDT,2025-08-10,B+,TREND,70,2.2441072005166207
BIGTIMEUSDT,2025-08-11,B+,NINJA,55,9.418282548476476
BIGTIMEUSDT,2025-08-14,B+,NINJA,75,3.7422771403353927
BIGTIMEUSDT,2025-08-16,B+,NINJA,61,1.8897364771151226
BIGTIMEUSDT,2025-08-17,B+,NINJA,63,2.1142757295124825
BIGTIMEUSDT,2025-08-21,B+,NINJA,48,33.80123526108927
BIGTIMEUSDT,2025-08-27,B+,NINJA,60,33.10370508285234
BIGTIMEUSDT,2025-08-29,B+,NINJA,66,4.575396118924702
BIGTIMEUSDT,2025-09-02,B+,NINJA,50,9.129267357115456
BIGTIMEUSDT,2025-09-03,B+,NINJA,59,9.120458891013383
BIGTIMEUSDT,2025-09-04,B+,NINJA,50,13.099484740388444
BIGTIMEUSDT,2025-09-05,B+,NINJA,64,10.665115377157264
BIGTIMEUSDT,2025-09-06,B+,NINJA,63,11.836174799137765
BIGTIMEUSDT,2025-09-07,B+,NINJA,63,10.386847195357829
BIGTIMEUSDT,2025-09-09,B+,NINJA,84,5.761772853185598
BIGTIMEUSDT,2025-09-21,B+,NINJA,46,0.5119453924914641
BIGTIMEUSDT,2025-09-27,B+,NINJA,56,8.082945408379171
BIGTIMEUSDT,2025-09-29,B+,NINJA,57,8.404074702886245
BIGTIMEUSDT,2025-10-02,B+,TREND,85,1.976442403673384
BIGTIMEUSDT,2025-10-07,B+,NINJA,48,4.284199363732766
BIGTIMEUSDT,2025-10-09,B+,NINJA,50,1.4563106796116498
BIGTIMEUSDT,2025-10-10,B+,NINJA,54,17.442563482466756
BIGTIMEUSDT,2025-10-19,B+,NINJA,62,22.21555088561995
BIGTIMEUSDT,2025-10-30,B+,NINJA,53,4.347826086956519
BIGTIMEUSDT,2025-11-01,B+,NINJA,49,1.0526315789473495
BIGTIMEUSDT,2025-11-02,B+,NINJA,67,2.459546925566336
BIGTIMEUSDT,2025-11-06,B+,NINJA,53,14.71014492753624
BIGTIMEUSDT,2025-11-08,B+,TREND,79,2.7255029201816994
BIGTIMEUSDT,2025-11-10,B+,TREND,86,1.8661518661518661
BIGTIMEUSDT,2025-11-15,B+,NINJA,44,1.1978221415607893
BIGTIMEUSDT,2025-11-16,B+,NINJA,48,3.450862715678915
BIGTIMEUSDT,2025-11-24,B+,NINJA,52,5.778152678194859
BIGTIMEUSDT,2025-12-07,B+,NINJA,66,10.289532293986635
BIGTIMEUSDT,2025-12-10,B+,NINJA,75,0.3042155584528583
BIGTIMEUSDT,2025-12-12,B+,NINJA,40,1.8165304268846327
BIGTIMEUSDT,2025-12-13,B+,NINJA,47,0.2696629213483126
BIGTIMEUSDT,2025-12-14,B+,NINJA,39,4.633569739952725
BIGTIMEUSDT,2025-12-21,B+,NINJA,67,21.357779980178403
BIGTIMEUSDT,2025-12-24,B+,NINJA,36,24.69450101832993
BIGTIMEUSDT,2025-12-25,B+,NINJA,50,26.759834368530022
BIGTIMEUSDT,2025-12-28,B+,NINJA,74,20.225822287677975
BIGTIMEUSDT,2025-12-29,B+,NINJA,73,11.400189214758761
BIOUSDT,2025-03-25,C+,TREND,100,4.86593843098313
BIOUSDT,2025-08-22,C+,TREND,92,28.82026920031673
BLURUSDT,2025-02-19,B,NINJA,56,14.181286549707606
BLURUSDT,2025-02-21,B,NINJA,80,8.858965272856123
BLURUSDT,2025-02-26,B,NINJA,57,6.727135298563858
BLURUSDT,2025-02-27,B,NINJA,70,5.688622754491024
BLURUSDT,2025-03-23,B,NINJA,83,13.820422535211252
BLURUSDT,2025-03-28,B,NINJA,68,1.1701170117011772
BLURUSDT,2025-04-01,B,NINJA,60,2.840909090909083
BLURUSDT,2025-04-17,B,NINJA,54,21.9361483007209
BLURUSDT,2025-04-21,B,NINJA,79,14.506769825918763
BLURUSDT,2025-04-23,B,TREND,90,4.409171075837737
BLURUSDT,2025-05-09,B,TREND,91,10.033726812816202
BLURUSDT,2025-06-03,B,NINJA,81,2.157497303128375
BLURUSDT,2025-06-11,B,NINJA,80,0.11086474501109667
BLURUSDT,2025-07-06,B,NINJA,51,30.97595473833099
BLURUSDT,2025-07-07,B,NINJA,60,33.4293948126801
BLURUSDT,2025-07-10,B,TREND,93,33.33333333333333
BLURUSDT,2025-08-14,B,NINJA,74,5.308641975308648
BLURUSDT,2025-08-16,B,NINJA,62,2.771084337349383
BLURUSDT,2025-08-17,B,NINJA,65,1.6788321167883202
BLURUSDT,2025-09-02,B,NINJA,60,15.46757858739971
BLURUSDT,2025-09-06,B,NINJA,76,19.09175162187211
BLURUSDT,2025-10-09,B,NINJA,53,2.2554310225542995
BLURUSDT,2025-11-02,B,NINJA,78,0.060120240480965315
BLURUSDT,2025-12-03,B,NINJA,68,0.809716599190291
BLURUSDT,2025-12-07,B,NINJA,64,8.566433566433563
BLURUSDT,2025-12-08,B,NINJA,69,6.1236115066932495
BLURUSDT,2025-12-10,B,NINJA,68,0.8323765786452331
BNBUSDT,2025-01-11,B-,NINJA,61,4.77536959954068
BNBUSDT,2025-01-12,B-,NINJA,65,5.2831222776704045
BNBUSDT,2025-01-19,B-,NINJA,58,3.8334870241074848
BNBUSDT,2025-01-22,B-,NINJA,58,0.30624568668047303
BNBUSDT,2025-01-26,B-,NINJA,47,3.3070111032860394
BNBUSDT,2025-01-28,B-,NINJA,55,4.256831344795797
BNBUSDT,2025-02-13,B-,NINJA,79,3.2073655072812457
BNBUSDT,2025-02-16,B-,NINJA,48,1.3653246174416767
BNBUSDT,2025-02-17,B-,NINJA,47,1.8561519677607885
BNBUSDT,2025-02-19,B-,NINJA,44,4.058893752487069
BNBUSDT,2025-02-20,B-,NINJA,56,3.586446462307258
BNBUSDT,2025-02-21,B-,NINJA,49,5.008726273031949
BNBUSDT,2025-02-23,B-,NINJA,58,0.17314176361593603
BNBUSDT,2025-02-26,B-,NINJA,60,3.8327583105776775
BNBUSDT,2025-03-05,B-,NINJA,60,3.6306499063920805
BNBUSDT,2025-03-06,B-,NINJA,70,4.409052808046932
BNBUSDT,2025-03-25,B-,NINJA,68,2.013273633736623
BNBUSDT,2025-03-28,B-,NINJA,46,0.6501992546102953
BNBUSDT,2025-03-30,B-,NINJA,46,2.713384257721674
BNBUSDT,2025-04-01,B-,NINJA,66,0.46962184805197094
BNBUSDT,2025-04-04,B-,NINJA,60,0.46343544528282266
BNBUSDT,2025-04-05,B-,NINJA,66,1.2391887107379596
BNBUSDT,2025-04-08,B-,NINJA,47,8.44470129307231
BNBUSDT,2025-04-21,B-,NINJA,89,3.7918103592593733
BNBUSDT,2025-04-23,B-,NINJA,61,0.8320813590662057
BNBUSDT,2025-04-25,B-,NINJA,28,1.8069377073227644
BNBUSDT,2025-04-27,B-,NINJA,41,1.208033672488651
BNBUSDT,2025-04-29,B-,NINJA,63,11.672212978369378
BNBUSDT,2025-05-01,B-,NINJA,44,13.228157363707638
BNBUSDT,2025-05-03,B-,NINJA,52,15.623331553657227
BNBUSDT,2025-05-04,B-,NINJA,50,18.253331740695877
BNBUSDT,2025-05-14,B-,NINJA,48,5.958894661823533
BNBUSDT,2025-05-16,B-,NINJA,36,6.894365761642662
BNBUSDT,2025-05-18,B-,NINJA,46,7.091001181833545
BNBUSDT,2025-05-26,B-,NINJA,65,3.476249091637129
BNBUSDT,2025-06-02,B-,NINJA,69,1.3319718288709037
BNBUSDT,2025-06-03,B-,NINJA,73,1.9967049078734478
BNBUSDT,2025-06-07,B-,NINJA,57,3.684582526658664
BNBUSDT,2025-06-08,B-,NINJA,68,3.4969325153374253
BNBUSDT,2025-06-14,B-,NINJA,45,2.145257973079717
BNBUSDT,2025-06-15,B-,NINJA,54,1.7386877304494064
BNBUSDT,2025-06-16,B-,NINJA,63,1.269324154040019
BNBUSDT,2025-06-19,B-,NINJA,38,1.7606453114092924
BNBUSDT,2025-06-20,B-,NINJA,43,2.8662271473324896
BNBUSDT,2025-07-14,B-,NINJA,54,17.517993963315526
BNBUSDT,2025-07-31,B-,NINJA,40,4.635186556682092
BNBUSDT,2025-08-04,B-,NINJA,60,13.110339174895591
BNBUSDT,2025-08-05,B-,NINJA,59,15.132493742799259
BNBUSDT,2025-08-19,B-,NINJA,46,9.294875684071302
BNBUSDT,2025-08-21,B-,NINJA,57,7.292522841248861
BNBUSDT,2025-08-25,B-,NINJA,37,5.0088166611065965
BNBUSDT,2025-08-27,B-,NINJA,61,3.0613438106597446
BNBUSDT,2025-08-31,B-,NINJA,52,5.798402611788034
BNBUSDT,2025-09-03,B-,NINJA,67,10.423978660676681
BNBUSDT,2025-09-24,B-,NINJA,52,17.077241799134015
BNBUSDT,2025-09-25,B-,NINJA,41,26.06195158050535
BNBUSDT,2025-09-27,B-,NINJA,56,39.39697454695648
BNBUSDT,2025-09-28,B-,NINJA,65,35.94928550568475
BNBUSDT,2025-10-03,B-,TREND,98,15.613754834370264
BNBUSDT,2025-10-16,B-,NINJA,30,1.4910510730850923
BNBUSDT,2025-10-17,B-,NINJA,33,10.404705223358057
BNBUSDT,2025-10-19,B-,NINJA,56,6.5520596821277755
BNBUSDT,2025-10-20,B-,NINJA,60,7.490524363973483
BNBUSDT,2025-10-24,B-,NINJA,78,6.635648010387629
BNBUSDT,2025-10-30,B-,NINJA,61,2.3984060052824274
BNBUSDT,2025-11-01,B-,NINJA,65,0.035631732341734335
BNBUSDT,2025-11-02,B-,NINJA,70,0.3683360258481372
BNBUSDT,2025-11-07,B-,NINJA,64,2.8663673510568533
BNBUSDT,2025-11-13,B-,NINJA,39,2.439734670765259
BNBUSDT,2025-11-15,B-,NINJA,48,1.8760458231432686
BNBUSDT,2025-11-16,B-,NINJA,56,1.564928337074778
BNBUSDT,2025-11-19,B-,NINJA,52,2.1419740022500244
BNBUSDT,2025-11-23,B-,NINJA,61,9.36818397344712
BNBUSDT,2025-11-24,B-,NINJA,64,7.320908292096395
BNBUSDT,2025-12-07,B-,NINJA,70,3.760188736205383
BNBUSDT,2025-12-08,B-,NINJA,81,3.4421259140360316
BNBUSDT,2025-12-12,B-,NINJA,58,2.5681163365774973
BNBUSDT,2025-12-13,B-,NINJA,67,0.29883365669811646
BNBUSDT,2025-12-14,B-,NINJA,63,2.068918348968962
BNBUSDT,2025-12-17,B-,NINJA,40,3.312892167910131
BNBUSDT,2025-12-19,B-,NINJA,49,1.8629477790625737
BNBUSDT,2025-12-20,B-,NINJA,62,2.1014552138333142
BNBUSDT,2025-12-25,B-,NINJA,35,8.82430933899041
BNBUSDT,2025-12-27,B-,NINJA,55,8.462321310233833
BNTUSDT,2025-01-11,B,NINJA,46,31.088646967340594
BNTUSDT,2025-01-12,B,NINJA,54,32.8656998738966
BNTUSDT,2025-01-20,B,NINJA,42,5.914757900840839
BNTUSDT,2025-01-22,B,NINJA,62,5.7239552678046035
BNTUSDT,2025-01-24,B,NINJA,44,3.13789039481438
BNTUSDT,2025-01-26,B,NINJA,53,2.568314170524122
BNTUSDT,2025-01-28,B,NINJA,37,11.076972833117726
BNTUSDT,2025-01-29,B,NINJA,38,8.173228346456686
BNTUSDT,2025-01-30,B,NINJA,73,4.360376785171671
BNTUSDT,2025-02-04,B,NINJA,49,2.211661487844996
BNTUSDT,2025-02-06,B,NINJA,48,8.01622561328954
BNTUSDT,2025-02-09,B,NINJA,61,6.332002281802618
BNTUSDT,2025-02-11,B,NINJA,57,9.625563614977462
BNTUSDT,2025-02-18,B,NINJA,51,5.727554179566563
BNTUSDT,2025-02-19,B,NINJA,53,5.564142194744992
BNTUSDT,2025-02-21,B,NINJA,67,7.20364140114782
BNTUSDT,2025-02-23,B,NINJA,67,0.3056351480420272
BNTUSDT,2025-03-01,B,NINJA,51,14.028371988290921
BNTUSDT,2025-03-03,B,NINJA,59,11.593871484107021
BNTUSDT,2025-03-05,B,NINJA,54,5.399568034557234
BNTUSDT,2025-03-06,B,NINJA,68,2.285092491838947
BNTUSDT,2025-03-09,B,NINJA,33,6.792734511072407
BNTUSDT,2025-03-13,B,NINJA,60,11.162911162911172
BNTUSDT,2025-03-20,B,NINJA,60,14.90196078431374
BNTUSDT,2025-03-22,B,NINJA,63,14.174378957622991
BNTUSDT,2025-03-23,B,NINJA,72,13.538387018648578
BNTUSDT,2025-03-30,B,NINJA,47,6.773399014778314
BNTUSDT,2025-04-01,B,NINJA,69,4.457831325301198
BNTUSDT,2025-04-05,B,NINJA,54,0.4601226993865115
BNTUSDT,2025-04-06,B,NINJA,43,9.559032716927462
BNTUSDT,2025-04-10,B,NINJA,59,10.483417650365379
BNTUSDT,2025-04-15,B,NINJA,51,25.887207702888592
BNTUSDT,2025-04-17,B,NINJA,46,25.970149253731357
BNTUSDT,2025-04-20,B,TREND,93,25.65687789799074
BNTUSDT,2025-04-23,B,TREND,94,12.086397058823529
BNTUSDT,2025-04-29,B,NINJA,60,33.3989501312336
BNTUSDT,2025-05-05,B,NINJA,40,65.27534965034964
BNTUSDT,2025-05-06,B,NINJA,45,64.66361854996734
BNTUSDT,2025-05-09,B,TREND,95,24.49382716049382
BNTUSDT,2025-05-18,B,NINJA,42,5.528813093109619
BNTUSDT,2025-05-20,B,NINJA,65,7.06013673782615
BNTUSDT,2025-05-26,B,NINJA,57,8.625143513203227
BNTUSDT,2025-05-29,B,NINJA,70,1.77646188008882
BNTUSDT,2025-06-02,B,NINJA,59,6.056527590847938
BNTUSDT,2025-06-03,B,NINJA,62,7.699316628701602
BNTUSDT,2025-06-07,B,NINJA,52,11.14245416078985
BNTUSDT,2025-06-08,B,NINJA,57,12.197437114380637
BNTUSDT,2025-06-16,B,NINJA,58,2.3874379105912613
BNTUSDT,2025-06-19,B,NINJA,41,1.6746808157851012
BNTUSDT,2025-06-20,B,NINJA,38,4.924831518921713
BNTUSDT,2025-07-07,B,NINJA,77,27.656069840224017
BNTUSDT,2025-07-10,B,TREND,94,19.33790287297652
BNTUSDT,2025-07-23,B,NINJA,42,6.542301629006841
BNTUSDT,2025-07-26,B,NINJA,58,5.791807983302899
BNTUSDT,2025-07-28,B,NINJA,62,3.020046862796155
BNTUSDT,2025-07-31,B,NINJA,48,13.157531409636892
BNTUSDT,2025-08-04,B,NINJA,70,19.041019955654104
BNTUSDT,2025-08-05,B,NINJA,70,23.242467718794835
BNTUSDT,2025-08-16,B,NINJA,40,10.814282044695611
BNTUSDT,2025-08-17,B,NINJA,54,6.557984438681008
BNTUSDT,2025-08-21,B,NINJA,53,11.863088292493206
BNTUSDT,2025-08-27,B,NINJA,56,2.0667522464698385
BNTUSDT,2025-08-28,B,NINJA,66,0.0
BNTUSDT,2025-08-31,B,NINJA,51,3.314917127071837
BNTUSDT,2025-09-02,B,NINJA,47,6.182359307359309
BNTUSDT,2025-09-04,B,NINJA,50,9.783059278706641
BNTUSDT,2025-09-07,B,NINJA,50,9.85896017699115
BNTUSDT,2025-09-09,B,NINJA,58,8.820709491850431
BNTUSDT,2025-09-18,B,NINJA,72,1.0474016382435725
BNTUSDT,2025-09-27,B,NINJA,55,13.31580575317044
BNTUSDT,2025-10-02,B,TREND,91,3.855421686746996
BNTUSDT,2025-10-07,B,NINJA,63,2.6000288892098933
BNTUSDT,2025-10-09,B,NINJA,41,2.422196124486198
BNTUSDT,2025-10-10,B,NINJA,54,13.108549802167534
BNTUSDT,2025-10-18,B,NINJA,47,8.6807928913192
BNTUSDT,2025-10-19,B,NINJA,60,6.425702811244971
BNTUSDT,2025-10-24,B,NINJA,50,6.35451505016722
BNTUSDT,2025-10-25,B,NINJA,62,6.711409395973167
BNTUSDT,2025-10-31,B,NINJA,56,2.50086835706842
BNTUSDT,2025-11-01,B,NINJA,70,0.4766768811712563
BNTUSDT,2025-11-02,B,NINJA,68,0.17220595832616592
BNTUSDT,2025-11-06,B,NINJA,50,10.866547689867168
BNTUSDT,2025-11-07,B,NINJA,56,4.916494651904668
BNTUSDT,2025-11-15,B,NINJA,42,1.123136614253606
BNTUSDT,2025-11-16,B,NINJA,48,2.575376884422109
BNTUSDT,2025-11-17,B,NINJA,43,5.422853453841192
BNTUSDT,2025-11-19,B,NINJA,51,3.0355220667384275
BNTUSDT,2025-11-20,B,NINJA,50,23.25528529211185
BNTUSDT,2025-11-23,B,NINJA,55,26.416414082536722
BNTUSDT,2025-11-24,B,NINJA,60,21.460573476702514
BNTUSDT,2025-12-01,B,NINJA,57,9.009812667261375
BNTUSDT,2025-12-03,B,NINJA,73,1.685042646141044
BNTUSDT,2025-12-07,B,NINJA,51,8.275084554678692
BNTUSDT,2025-12-08,B,NINJA,54,7.740632712586959
BNTUSDT,2025-12-10,B,NINJA,75,0.06516072980018439
BNTUSDT,2025-12-12,B,NINJA,49,1.1431184270690453
BNTUSDT,2025-12-14,B,NINJA,34,2.1151586368977737
BNTUSDT,2025-12-25,B,NINJA,49,10.330788804071233
BNTUSDT,2025-12-28,B,NINJA,76,12.836490528414757
BNTUSDT,2025-12-29,B,NINJA,67,12.752179327521795
BOMEUSDT,2025-05-09,B-,TREND,92,57.62299074525086
BRETTUSDT,2025-04-23,B-,TREND,98,28.1981981981982
BRETTUSDT,2025-04-26,B-,TREND,84,1.3119533527697014
BSVUSDT,2025-01-11,B-,NINJA,62,4.209427726561121
BSVUSDT,2025-01-14,B-,NINJA,43,9.245076586433253
BSVUSDT,2025-01-15,B-,NINJA,58,4.372822299651569
BSVUSDT,2025-01-19,B-,NINJA,38,9.548033652905508
BSVUSDT,2025-01-22,B-,NINJA,52,2.2162266332626634
BSVUSDT,2025-01-24,B-,NINJA,41,4.368358913813464
BSVUSDT,2025-01-26,B-,NINJA,50,1.4889815366289527
BSVUSDT,2025-01-28,B-,NINJA,38,7.689066779018328
BSVUSDT,2025-01-30,B-,NINJA,62,3.147699757869238
BSVUSDT,2025-02-04,B-,NINJA,50,1.9985376553741219
BSVUSDT,2025-02-05,B-,NINJA,47,2.8891656288916545
BSVUSDT,2025-02-09,B-,NINJA,60,5.65217391304349
BSVUSDT,2025-02-11,B-,NINJA,61,5.248407643312114
BSVUSDT,2025-02-13,B-,NINJA,61,3.740207227697745
BSVUSDT,2025-02-17,B-,NINJA,59,1.1850731215330423
BSVUSDT,2025-02-20,B-,NINJA,72,2.2579807941863317
BSVUSDT,2025-02-21,B-,NINJA,59,5.062944718117146
BSVUSDT,2025-02-23,B-,NINJA,76,1.0084925690021285
BSVUSDT,2025-02-26,B-,NINJA,57,12.338963641568856
BSVUSDT,2025-02-27,B-,NINJA,66,11.22448979591837
BSVUSDT,2025-03-03,B-,NINJA,56,16.577540106951894
BSVUSDT,2025-03-09,B-,NINJA,28,10.093167701863347
BSVUSDT,2025-03-18,B-,NINJA,42,6.191037735849059
BSVUSDT,2025-03-20,B-,NINJA,65,4.770215241419429
BSVUSDT,2025-03-22,B-,NINJA,53,5.6304985337243485
BSVUSDT,2025-03-23,B-,NINJA,63,5.847781369379956
BSVUSDT,2025-03-27,B-,NINJA,73,0.40022870211549044
BSVUSDT,2025-04-01,B-,NINJA,65,1.7625231910946004
BSVUSDT,2025-04-04,B-,NINJA,44,1.1985746679624043
BSVUSDT,2025-04-05,B-,NINJA,60,1.0022631749110777
BSVUSDT,2025-04-06,B-,NINJA,53,12.537313432835816
BSVUSDT,2025-04-10,B-,NINJA,59,9.117221418234433
BSVUSDT,2025-04-15,B-,NINJA,34,72.34119782214154
BSVUSDT,2025-04-17,B-,NINJA,46,69.69263759828448
BSVUSDT,2025-04-18,B-,NINJA,66,67.1830985915493
BSVUSDT,2025-04-29,B-,NINJA,40,10.44622130513282
BSVUSDT,2025-04-30,B-,NINJA,28,16.205533596837938
BSVUSDT,2025-05-01,B-,NINJA,30,19.192729216786987
BSVUSDT,2025-05-02,B-,NINJA,58,15.011606912561248
BSVUSDT,2025-05-05,B-,NINJA,50,19.384203480589022
BSVUSDT,2025-05-06,B-,NINJA,49,19.80118216012898
BSVUSDT,2025-05-07,B-,NINJA,56,20.872865275142317
BSVUSDT,2025-05-14,B-,NINJA,50,5.3136340072576616
BSVUSDT,2025-05-20,B-,NINJA,53,13.96914446002806
BSVUSDT,2025-05-26,B-,NINJA,44,2.8122415219189234
BSVUSDT,2025-05-28,B-,NINJA,59,1.5655039824224115
BSVUSDT,2025-05-29,B-,NINJA,42,0.5346088913899871
BSVUSDT,2025-06-03,B-,NINJA,74,2.7655192703736287
BSVUSDT,2025-06-07,B-,NINJA,57,6.105710814094767
BSVUSDT,2025-06-15,B-,NINJA,59,5.62261753494282
BSVUSDT,2025-06-16,B-,NINJA,62,7.292675056469844
BSVUSDT,2025-06-20,B-,NINJA,64,6.26013623094388
BSVUSDT,2025-06-24,B-,NINJA,61,6.398181227671329
BSVUSDT,2025-06-28,B-,NINJA,56,2.694805194805183
BSVUSDT,2025-06-29,B-,NINJA,61,0.4447268106734459
BSVUSDT,2025-06-30,B-,NINJA,48,3.179526948429623
BSVUSDT,2025-07-05,B-,NINJA,57,13.775933609958502
BSVUSDT,2025-07-23,B-,NINJA,37,7.122807017543864
BSVUSDT,2025-07-25,B-,NINJA,59,4.806041881222112
BSVUSDT,2025-07-26,B-,NINJA,77,4.304748889648113
BSVUSDT,2025-07-31,B-,NINJA,47,12.037383177570081
BSVUSDT,2025-08-04,B-,NINJA,60,17.29750189250567
BSVUSDT,2025-08-05,B-,NINJA,55,20.91299258681232
BSVUSDT,2025-08-14,B-,NINJA,73,3.110307414104896
BSVUSDT,2025-08-16,B-,NINJA,53,3.4074605451936746
BSVUSDT,2025-08-17,B-,NINJA,63,4.11700975081255
BSVUSDT,2025-08-21,B-,NINJA,56,12.09175738724728
BSVUSDT,2025-08-28,B-,NINJA,69,0.4095309009679804
BSVUSDT,2025-08-30,B-,NINJA,61,1.1485451761102716
BSVUSDT,2025-08-31,B-,NINJA,61,2.442807289647164
BSVUSDT,2025-09-02,B-,NINJA,59,3.477588871715609
BSVUSDT,2025-09-06,B-,NINJA,54,9.345425867507885
BSVUSDT,2025-09-07,B-,NINJA,60,8.659874608150474
BSVUSDT,2025-09-08,B-,NINJA,75,7.689320388349508
BSVUSDT,2025-09-16,B-,NINJA,44,2.834163155878988
BSVUSDT,2025-09-17,B-,NINJA,54,2.168949771689488
BSVUSDT,2025-09-18,B-,NINJA,79,1.0200226671703838
BSVUSDT,2025-09-21,B-,NINJA,41,7.508799374266717
BSVUSDT,2025-09-30,B-,NINJA,63,27.08421498095641
BSVUSDT,2025-10-10,B-,NINJA,53,17.551622418879063
BSVUSDT,2025-10-18,B-,NINJA,58,13.489871086556171
BSVUSDT,2025-10-25,B-,NINJA,63,15.18691588785046
BSVUSDT,2025-10-27,B-,NINJA,81,2.902374670184704
BSVUSDT,2025-10-30,B-,NINJA,44,19.29577464788732
BSVUSDT,2025-10-31,B-,NINJA,53,18.0027485112231
BSVUSDT,2025-11-04,B-,NINJA,55,24.939932724651626
BSVUSDT,2025-11-15,B-,NINJA,43,1.2826183104820865
BSVUSDT,2025-11-17,B-,NINJA,46,4.122278832792969
BSVUSDT,2025-11-19,B-,NINJA,47,1.4358499305233918
BSVUSDT,2025-11-22,B-,NINJA,57,3.2982791586998017
BSVUSDT,2025-11-30,B-,NINJA,42,5.579815623483753
BSVUSDT,2025-12-07,B-,NINJA,51,3.024293505205744
BSVUSDT,2025-12-08,B-,NINJA,52,2.973240832507451
BSVUSDT,2025-12-10,B-,NINJA,69,0.3970223325062028
BSVUSDT,2025-12-12,B-,NINJA,39,1.37684854665987
BSVUSDT,2025-12-25,B-,NINJA,49,4.015401540154029
BTCUSDT,2025-01-10,B,NINJA,54,15.689327894917259
BTCUSDT,2025-01-11,B,NINJA,55,15.84356404266003
BTCUSDT,2025-01-12,B,NINJA,65,15.910868320354332
BTCUSDT,2025-01-22,B,NINJA,56,3.2913411732669706
BTCUSDT,2025-01-24,B,NINJA,55,1.5132377551360987
BTCUSDT,2025-01-28,B,NINJA,44,5.054417246785725
BTCUSDT,2025-02-04,B,NINJA,54,2.429198001332411
BTCUSDT,2025-02-09,B,NINJA,54,2.449909420994123
BTCUSDT,2025-02-13,B,NINJA,66,2.9675139175642906
BTCUSDT,2025-02-18,B,NINJA,38,3.9753222843025515
BTCUSDT,2025-02-21,B,NINJA,68,0.8296980369919549
BTCUSDT,2025-02-23,B,NINJA,48,0.25140767520621665
BTCUSDT,2025-02-24,B,NINJA,30,3.765168283073117
BTCUSDT,2025-03-01,B,NINJA,61,10.382291055327908
BTCUSDT,2025-03-03,B,NINJA,70,7.643218947302732
BTCUSDT,2025-03-09,B,NINJA,31,7.760796300262207
BTCUSDT,2025-03-13,B,NINJA,63,7.813387234888203
BTCUSDT,2025-03-18,B,NINJA,52,7.3147528327076605
BTCUSDT,2025-03-20,B,NINJA,73,5.392848708654441
BTCUSDT,2025-03-22,B,NINJA,55,5.874052174489708
BTCUSDT,2025-03-28,B,NINJA,46,4.827539153974247
BTCUSDT,2025-04-02,B,NINJA,63,4.10671638291058
BTCUSDT,2025-04-04,B,NINJA,51,2.634561240826816
BTCUSDT,2025-04-05,B,NINJA,63,3.5414187006414632
BTCUSDT,2025-04-06,B,NINJA,45,10.284865485145978
BTCUSDT,2025-04-08,B,NINJA,44,13.330290103484653
BTCUSDT,2025-04-10,B,NINJA,61,8.653879732135117
BTCUSDT,2025-04-17,B,NINJA,58,12.725598546214956
BTCUSDT,2025-04-18,B,NINJA,59,13.35707772351693
BTCUSDT,2025-04-19,B,NINJA,67,12.554543230891646
BTCUSDT,2025-04-23,B,TREND,89,4.487727113402884
BTCUSDT,2025-04-29,B,NINJA,52,10.720157968410128
BTCUSDT,2025-05-09,B,TREND,79,4.017238085813424
BTCUSDT,2025-05-14,B,NINJA,55,8.18506273245827
BTCUSDT,2025-05-16,B,NINJA,49,8.230986846619937
BTCUSDT,2025-05-22,B,TREND,88,0.09292168463010952
BTCUSDT,2025-05-25,B,NINJA,55,1.5722423147220388
BTCUSDT,2025-05-26,B,NINJA,73,1.1725795791265314
BTCUSDT,2025-06-02,B,NINJA,68,4.413629996186397
BTCUSDT,2025-06-10,B,TREND,84,0.10666121118421135
BTCUSDT,2025-06-14,B,NINJA,48,3.3560234138256373
BTCUSDT,2025-06-15,B,NINJA,56,3.1804550277046983
BTCUSDT,2025-06-17,B,NINJA,67,3.5592906325199403
BTCUSDT,2025-06-19,B,NINJA,49,3.697651573559324
BTCUSDT,2025-06-20,B,NINJA,41,5.316657177937345
BTCUSDT,2025-06-30,B,NINJA,72,9.073091514888487
BTCUSDT,2025-07-07,B,NINJA,54,13.813646664315593
BTCUSDT,2025-07-11,B,TREND,86,4.84170279575038
BTCUSDT,2025-07-16,B,NINJA,47,1.9963511891510688
BTCUSDT,2025-07-17,B,NINJA,47,1.3787410985759418
BTCUSDT,2025-07-18,B,NINJA,60,1.9698648732531687
BTCUSDT,2025-07-20,B,NINJA,25,2.543535537250974
BTCUSDT,2025-07-21,B,NINJA,38,2.4428618211769004
BTCUSDT,2025-07-26,B,NINJA,50,1.5943098366951958
BTCUSDT,2025-07-31,B,NINJA,32,3.064016057485186
BTCUSDT,2025-08-04,B,NINJA,51,8.186491281606735
BTCUSDT,2025-08-11,B,NINJA,62,4.876733565879721
BTCUSDT,2025-08-14,B,NINJA,63,0.7791785779105442
BTCUSDT,2025-08-16,B,NINJA,29,1.0174930009764882
BTCUSDT,2025-08-17,B,NINJA,35,0.11817212911102715
BTCUSDT,2025-08-21,B,NINJA,37,4.381377777777784
BTCUSDT,2025-08-27,B,NINJA,47,1.998786468085556
BTCUSDT,2025-08-28,B,NINJA,57,0.7264302383737986
BTCUSDT,2025-08-31,B,NINJA,35,5.6046046818206685
BTCUSDT,2025-09-05,B,NINJA,53,5.510573424053256
BTCUSDT,2025-09-21,B,NINJA,26,2.9651497857067666
BTCUSDT,2025-09-25,B,NINJA,33,15.334655907835337
BTCUSDT,2025-10-02,B,TREND,83,4.704480692876878
BTCUSDT,2025-10-09,B,NINJA,37,0.7295598311392926
BTCUSDT,2025-10-19,B,NINJA,64,7.140115523553425
BTCUSDT,2025-10-23,B,NINJA,49,5.7430273647329555
BTCUSDT,2025-10-24,B,NINJA,64,4.860245345948266
BTCUSDT,2025-10-31,B,NINJA,52,1.4980656979357576
BTCUSDT,2025-11-01,B,NINJA,61,1.0462578373287013
BTCUSDT,2025-11-06,B,NINJA,44,6.072225416997057
BTCUSDT,2025-11-08,B,NINJA,50,5.069798600255249
BTCUSDT,2025-11-17,B,NINJA,47,1.7577048627806624
BTCUSDT,2025-11-20,B,NINJA,47,7.450342075802752
BTCUSDT,2025-11-23,B,NINJA,58,8.430266037083967
BTCUSDT,2025-12-07,B,NINJA,54,4.639267236320133
BTCUSDT,2025-12-08,B,NINJA,72,4.363302033202876
BTCUSDT,2025-12-12,B,NINJA,58,0.4056014273873476
BTCUSDT,2025-12-14,B,NINJA,45,2.7401616632549697
BTCUSDT,2025-12-17,B,NINJA,45,5.038088791211637
BTCUSDT,2025-12-25,B,NINJA,45,5.256194678445825
BTCUSDT,2025-12-26,B,NINJA,54,8.492110982360446
BTCUSDT,2025-12-28,B,NINJA,67,7.772779258308238
BTCUSDT,2025-12-29,B,NINJA,70,8.656807027007885
BULLAUSDT,2025-08-09,B,TREND,88,3.022992838296279
BULLAUSDT,2025-12-27,B,TREND,98,102.70342612419702
BUSDT,2025-07-11,B,TREND,86,8.95757683110443
C98USDT,2025-02-21,B,NINJA,70,6.925498426023102
C98USDT,2025-02-23,B,NINJA,62,0.8438818565400963
C98USDT,2025-03-22,B,NINJA,63,10.192837465564741
C98USDT,2025-03-26,B,NINJA,77,2.6560424966799223
C98USDT,2025-05-09,B,TREND,97,15.994020926756347
C98USDT,2025-05-10,B,TREND,95,3.1914893617021267
C98USDT,2025-06-03,B,NINJA,68,5.44090056285178
C98USDT,2025-06-04,B,NINJA,71,12.17564870259482
C98USDT,2025-06-15,B,NINJA,71,5.679513184584195
C98USDT,2025-06-19,B,NINJA,48,2.412280701754388
C98USDT,2025-07-10,B,TREND,88,19.850187265917608
C98USDT,2025-07-31,B,NINJA,47,15.587044534412954
C98USDT,2025-08-16,B,NINJA,57,5.545286506469482
C98USDT,2025-08-17,B,NINJA,66,5.936920222634501
C98USDT,2025-08-21,B,NINJA,64,12.845849802371534
C98USDT,2025-08-27,B,NINJA,65,3.5573122529644285
C98USDT,2025-09-02,B,NINJA,61,5.702647657841142
C98USDT,2025-09-05,B,NINJA,67,12.499999999999979
C98USDT,2025-09-06,B,NINJA,65,13.664596273291906
C98USDT,2025-10-30,B,NINJA,49,34.71810089020772
C98USDT,2025-11-01,B,NINJA,69,27.528089887640462
C98USDT,2025-12-07,B,NINJA,76,7.5539568345323715
C98USDT,2025-12-10,B,NINJA,70,0.0
CAKEUSDT,2025-01-12,B,NINJA,51,13.949433304272008
CAKEUSDT,2025-01-22,B,NINJA,49,2.324500232450033
CAKEUSDT,2025-01-24,B,NINJA,44,1.9065776930409895
CAKEUSDT,2025-01-26,B,NINJA,56,5.057586379569345
CAKEUSDT,2025-01-28,B,NINJA,39,11.774107618540208
CAKEUSDT,2025-01-29,B,NINJA,45,8.255933952528371
CAKEUSDT,2025-01-30,B,NINJA,64,7.861792689033531
CAKEUSDT,2025-02-09,B,NINJA,76,97.22863741339492
CAKEUSDT,2025-02-13,B,NINJA,77,12.209965766451125
CAKEUSDT,2025-02-16,B,NINJA,59,3.8227938549482143
CAKEUSDT,2025-02-17,B,NINJA,59,7.4548192771084265
CAKEUSDT,2025-02-20,B,NINJA,45,5.915267785771383
CAKEUSDT,2025-02-21,B,NINJA,51,9.053497942386812
CAKEUSDT,2025-02-23,B,NINJA,51,0.48212133386902334
CAKEUSDT,2025-03-06,B,NINJA,55,11.703958691910499
CAKEUSDT,2025-03-20,B,NINJA,66,18.99791231732777
CAKEUSDT,2025-03-24,B,NINJA,63,5.229007633587779
CAKEUSDT,2025-03-25,B,NINJA,58,0.7724990343762173
CAKEUSDT,2025-04-05,B,NINJA,56,15.102720710716277
CAKEUSDT,2025-04-08,B,NINJA,60,22.880853586247763
CAKEUSDT,2025-04-15,B,NINJA,38,21.012101210121024
CAKEUSDT,2025-04-16,B,NINJA,44,22.973728339854695
CAKEUSDT,2025-04-18,B,NINJA,71,17.836100696304236
CAKEUSDT,2025-04-25,B,NINJA,58,4.385542168674683
CAKEUSDT,2025-04-29,B,NINJA,66,20.7593688362919
CAKEUSDT,2025-05-02,B,NINJA,75,26.773566569484952
CAKEUSDT,2025-05-06,B,NINJA,75,30.908178625188153
CAKEUSDT,2025-05-09,B,TREND,95,7.366255144032907
CAKEUSDT,2025-05-10,B,TREND,88,4.8633440514469495
CAKEUSDT,2025-05-14,B,NINJA,54,7.598656591099928
CAKEUSDT,2025-05-16,B,NINJA,29,13.457281983178415
CAKEUSDT,2025-05-22,B,TREND,90,17.637669592976856
CAKEUSDT,2025-05-25,B,NINJA,43,25.55366269165247
CAKEUSDT,2025-05-26,B,NINJA,63,21.61716171617163
CAKEUSDT,2025-06-02,B,NINJA,59,13.88196176226102
CAKEUSDT,2025-06-03,B,NINJA,57,15.319865319865333
CAKEUSDT,2025-06-07,B,NINJA,54,17.294520547945226
CAKEUSDT,2025-06-08,B,NINJA,48,19.28602525032652
CAKEUSDT,2025-06-13,B,NINJA,37,0.7223113964687
CAKEUSDT,2025-06-14,B,NINJA,38,1.3025210084033567
CAKEUSDT,2025-06-16,B,NINJA,38,0.6974716652136115
CAKEUSDT,2025-06-19,B,NINJA,58,4.943310657596367
CAKEUSDT,2025-07-03,B,NINJA,73,10.353753235547881
CAKEUSDT,2025-07-06,B,NINJA,54,12.588028169014077
CAKEUSDT,2025-07-07,B,NINJA,66,18.633540372670797
CAKEUSDT,2025-07-10,B,TREND,95,12.957746478873243
CAKEUSDT,2025-07-14,B,NINJA,51,25.324947589098535
CAKEUSDT,2025-07-23,B,NINJA,67,21.801470588235293
CAKEUSDT,2025-07-25,B,NINJA,43,19.55972573078313
CAKEUSDT,2025-07-26,B,NINJA,68,18.74551971326166
CAKEUSDT,2025-07-28,B,NINJA,79,3.445922893210507
CAKEUSDT,2025-07-31,B,NINJA,37,8.222713864306774
CAKEUSDT,2025-08-04,B,NINJA,60,11.094508778483391
CAKEUSDT,2025-08-05,B,NINJA,56,15.94541910331384
CAKEUSDT,2025-08-11,B,NINJA,57,8.342440801457208
CAKEUSDT,2025-08-14,B,NINJA,76,5.303867403314921
CAKEUSDT,2025-08-16,B,NINJA,55,4.419284149013869
CAKEUSDT,2025-08-17,B,NINJA,73,3.437047756874101
CAKEUSDT,2025-08-21,B,NINJA,71,8.997331300038125
CAKEUSDT,2025-08-27,B,NINJA,60,2.74237157203554
CAKEUSDT,2025-08-31,B,NINJA,46,4.707792207792205
CAKEUSDT,2025-09-05,B,NINJA,50,12.210526315789473
CAKEUSDT,2025-09-15,B,NINJA,42,28.00162800162802
CAKEUSDT,2025-09-24,B,NINJA,53,34.518678160919556
CAKEUSDT,2025-09-27,B,NINJA,45,76.0969976905312
CAKEUSDT,2025-09-29,B,NINJA,59,77.58487654320987
CAKEUSDT,2025-10-03,B,TREND,92,26.83934968310828
CAKEUSDT,2025-10-18,B,NINJA,47,6.432545201668982
CAKEUSDT,2025-10-19,B,NINJA,56,5.588133839254916
CAKEUSDT,2025-10-20,B,NINJA,64,1.5130674002751032
CAKEUSDT,2025-10-23,B,NINJA,49,4.396802325581417
CAKEUSDT,2025-10-24,B,NINJA,51,7.885843034172013
CAKEUSDT,2025-10-25,B,NINJA,55,6.28930817610065
CAKEUSDT,2025-10-27,B,NINJA,73,1.8601190476190466
CAKEUSDT,2025-10-30,B,NINJA,52,8.201498751040791
CAKEUSDT,2025-11-02,B,NINJA,74,12.374447569304948
CAKEUSDT,2025-11-05,B,NINJA,49,23.487858719646802
CAKEUSDT,2025-11-06,B,NINJA,52,23.596995139195776
CAKEUSDT,2025-11-11,B,NINJA,88,2.9750099166997224
CAKEUSDT,2025-11-15,B,NINJA,57,1.4037985136250875
CAKEUSDT,2025-11-16,B,NINJA,63,5.218498090793378
CAKEUSDT,2025-11-19,B,NINJA,60,9.33275185346707
CAKEUSDT,2025-11-27,B,TREND,94,1.0072522159548791
CAKEUSDT,2025-11-30,B,NINJA,47,3.197307530500626
CAKEUSDT,2025-12-02,B,NINJA,72,3.0672268907562916
CAKEUSDT,2025-12-08,B,NINJA,66,4.225959465286766
CAKEUSDT,2025-12-10,B,NINJA,75,0.1721170395869276
CAKEUSDT,2025-12-12,B,NINJA,52,2.7564392227745094
CAKEUSDT,2025-12-13,B,NINJA,55,0.5305039787798504
CAKEUSDT,2025-12-14,B,NINJA,46,2.2398506766215576
CAKEUSDT,2025-12-25,B,NINJA,51,14.983351831298553
CARVUSDT,2025-09-09,C+,NINJA,90,6.295941195270061
CARVUSDT,2025-09-16,C+,NINJA,53,5.4018874064432065
CARVUSDT,2025-12-02,C+,NINJA,60,11.07168204400284
CARVUSDT,2025-12-03,C+,NINJA,64,12.589928057553944
CARVUSDT,2025-12-07,C+,NINJA,74,13.570391872278664
CARVUSDT,2025-12-08,C+,NINJA,76,13.405797101449268
CARVUSDT,2025-12-14,C+,NINJA,46,36.167039522744226
CELOUSDT,2025-01-09,B,NINJA,48,9.02788719079879
CELOUSDT,2025-02-19,B,NINJA,64,4.459770114942541
CELOUSDT,2025-02-21,B,NINJA,72,3.784162578836714
CELOUSDT,2025-02-23,B,NINJA,63,0.8210180623973828
CELOUSDT,2025-03-23,B,NINJA,75,9.42887931034484
CELOUSDT,2025-04-01,B,NINJA,62,2.8375149342891204
CELOUSDT,2025-05-29,B,NINJA,61,0.8956059333893096
CELOUSDT,2025-06-16,B,NINJA,59,1.807639836289221
CELOUSDT,2025-06-19,B,NINJA,61,1.9363762102351245
CELOUSDT,2025-07-06,B,NINJA,63,28.63935625457208
CELOUSDT,2025-07-31,B,NINJA,46,17.63584366062918
CELOUSDT,2025-08-21,B,NINJA,57,12.176656151419563
CELOUSDT,2025-08-25,B,NINJA,59,8.719611021069685
CELOUSDT,2025-08-27,B,NINJA,56,4.161490683229796
CELOUSDT,2025-08-29,B,NINJA,61,4.595115681233941
CELOUSDT,2025-08-31,B,NINJA,61,5.035737491877823
CELOUSDT,2025-09-03,B,NINJA,58,12.280119482243613
CELOUSDT,2025-09-14,B,NINJA,70,2.1350078492935465
CELOUSDT,2025-09-17,B,NINJA,63,2.3277760301981587
CELOUSDT,2025-09-21,B,NINJA,52,0.37225042301183286
CELOUSDT,2025-10-02,B,TREND,92,68.63406408094437
CELOUSDT,2025-10-27,B,NINJA,70,14.637964774951072
CELOUSDT,2025-10-30,B,NINJA,56,27.403218790778606
CELOUSDT,2025-11-06,B,NINJA,63,16.906946264744427
CELOUSDT,2025-11-11,B,NINJA,67,6.01633003867641
CELOUSDT,2025-12-07,B,NINJA,66,6.021251475796929
CELOUSDT,2025-12-08,B,NINJA,60,6.777645659928666
CELOUSDT,2025-12-10,B,NINJA,63,0.17867778439546456
CELRUSDT,2025-01-26,B,NINJA,57,13.324269204622707
CELRUSDT,2025-02-19,B,NINJA,57,17.66148814390842
CELRUSDT,2025-02-21,B,NINJA,83,12.159002338269676
CELRUSDT,2025-02-26,B,NINJA,60,11.970074812967567
CELRUSDT,2025-02-27,B,NINJA,68,10.955518945634267
CELRUSDT,2025-03-01,B,NINJA,67,14.055884843353095
CELRUSDT,2025-03-23,B,NINJA,69,9.546769527483123
CELRUSDT,2025-04-23,B,TREND,89,8.862034239677751
CELRUSDT,2025-04-25,B,TREND,87,3.842459173871271
CELRUSDT,2025-05-09,B,TREND,97,12.375790424570908
CELRUSDT,2025-06-16,B,NINJA,62,1.4066496163682718
CELRUSDT,2025-06-30,B,NINJA,81,17.02997275204361
CELRUSDT,2025-07-06,B,NINJA,54,25.00000000000002
CELRUSDT,2025-07-07,B,NINJA,73,24.142661179698234
CELRUSDT,2025-07-10,B,TREND,96,15.474794841735061
CELRUSDT,2025-08-11,B,NINJA,64,25.617685305591674
CELRUSDT,2025-08-25,B,NINJA,43,11.87335092348285
CELRUSDT,2025-08-27,B,NINJA,66,5.999999999999983
CELRUSDT,2025-08-28,B,NINJA,71,0.6090133982947554
CELRUSDT,2025-08-30,B,NINJA,62,9.137055837563457
CELRUSDT,2025-08-31,B,NINJA,63,13.756613756613767
CELRUSDT,2025-09-17,B,NINJA,71,3.473945409429291
CELRUSDT,2025-10-30,B,NINJA,58,17.781098244303315
CELRUSDT,2025-11-01,B,NINJA,59,13.560237709346312
CELRUSDT,2025-11-08,B,TREND,86,1.4701130856219713
CELRUSDT,2025-12-03,B,NINJA,70,6.3623462630085115
CELRUSDT,2025-12-06,B,NINJA,61,9.336250911743239
CELRUSDT,2025-12-07,B,NINJA,78,8.965350133268736
CELRUSDT,2025-12-12,B,NINJA,53,8.906680010007516
CELRUSDT,2025-12-13,B,NINJA,64,3.6428571428571477
CFXUSDT,2025-04-23,B,TREND,92,10.178117048346035
CFXUSDT,2025-05-09,B,TREND,98,21.034870641169846
CHESSUSDT,2025-06-09,C+,TREND,92,0.11876484560571221
CHRUSDT,2025-02-18,B,NINJA,63,12.868217054263575
CHRUSDT,2025-02-21,B,NINJA,78,5.633802816901401
CHRUSDT,2025-02-26,B,NINJA,58,9.23330585325639
CHRUSDT,2025-02-27,B,NINJA,61,11.064543168482821
CHRUSDT,2025-04-23,B,TREND,91,9.936575052854124
CHRUSDT,2025-05-09,B,TREND,97,29.90196078431373
CHRUSDT,2025-05-11,B,TREND,95,13.92949269131556
CHRUSDT,2025-06-16,B,NINJA,68,2.3661270236612797
CHRUSDT,2025-06-19,B,NINJA,53,7.702349869451708
CHRUSDT,2025-06-30,B,NINJA,80,17.005076142132005
CHRUSDT,2025-07-06,B,NINJA,50,27.388535031847148
CHRUSDT,2025-07-07,B,NINJA,53,28.865979381443307
CHRUSDT,2025-07-28,B,NINJA,75,3.9957939011566745
CHRUSDT,2025-07-31,B,NINJA,54,15.596330275229352
CHRUSDT,2025-08-21,B,NINJA,71,9.677419354838701
CHRUSDT,2025-08-25,B,NINJA,60,14.28571428571428
CHRUSDT,2025-08-27,B,NINJA,67,8.799999999999986
CHRUSDT,2025-08-31,B,NINJA,54,10.740354535974973
CHRUSDT,2025-09-09,B,NINJA,86,5.143422354104854
CHRUSDT,2025-09-21,B,NINJA,46,0.2116402116402183
CHRUSDT,2025-12-07,B,NINJA,59,11.568627450980395
CHRUSDT,2025-12-08,B,NINJA,57,9.423076923076934
CHRUSDT,2025-12-10,B,NINJA,73,0.18587360594795044
CHZUSDT,2025-01-10,B+,NINJA,58,8.35322195704058
CHZUSDT,2025-01-11,B+,NINJA,63,8.612440191387583
CHZUSDT,2025-01-12,B+,NINJA,53,11.822660098522174
CHZUSDT,2025-01-16,B+,TREND,75,6.949352179034163
CHZUSDT,2025-01-22,B+,NINJA,54,0.6561679790026309
CHZUSDT,2025-01-26,B+,NINJA,45,4.450625869262859
CHZUSDT,2025-01-28,B+,NINJA,37,17.343749999999993
CHZUSDT,2025-02-04,B+,NINJA,55,14.77663230240549
CHZUSDT,2025-02-05,B+,NINJA,43,18.650088809946695
CHZUSDT,2025-02-13,B+,NINJA,70,10.049423393739708
CHZUSDT,2025-02-17,B+,NINJA,63,0.33222591362127574
CHZUSDT,2025-02-23,B+,NINJA,60,4.214559386973171
CHZUSDT,2025-03-03,B+,NINJA,49,10.989247311827954
CHZUSDT,2025-03-05,B+,NINJA,55,5.541922290388546
CHZUSDT,2025-03-06,B+,NINJA,61,7.790309106098592
CHZUSDT,2025-03-08,B+,NINJA,56,0.6954689146470017
CHZUSDT,2025-03-09,B+,NINJA,47,9.048938134810713
CHZUSDT,2025-03-13,B+,NINJA,56,10.996240601503748
CHZUSDT,2025-03-16,B+,NINJA,67,14.123265863088474
CHZUSDT,2025-03-20,B+,NINJA,67,10.944063674552297
CHZUSDT,2025-04-01,B+,NINJA,69,0.5045871559632875
CHZUSDT,2025-04-04,B+,NINJA,59,0.499880980718892
CHZUSDT,2025-04-05,B+,NINJA,58,0.6012506012506025
CHZUSDT,2025-04-08,B+,NINJA,39,13.340775886128942
CHZUSDT,2025-04-10,B+,NINJA,60,6.2254773737902225
CHZUSDT,2025-04-13,B+,NINJA,62,12.134228187919472
CHZUSDT,2025-04-15,B+,NINJA,37,18.44148641153631
CHZUSDT,2025-04-18,B+,NINJA,55,20.27876468980596
CHZUSDT,2025-04-20,B+,TREND,72,16.89243027888445
CHZUSDT,2025-04-26,B+,TREND,88,0.675518285581167
CHZUSDT,2025-04-29,B+,NINJA,54,14.531173294059908
CHZUSDT,2025-05-06,B+,NINJA,60,31.258039619243625
CHZUSDT,2025-05-07,B+,NINJA,71,29.7558494404883
CHZUSDT,2025-05-09,B+,TREND,98,10.242005185825409
CHZUSDT,2025-05-10,B+,TREND,90,3.3002632111763575
CHZUSDT,2025-05-11,B+,TREND,77,6.092742773965476
CHZUSDT,2025-05-14,B+,NINJA,62,0.9412256850031442
CHZUSDT,2025-05-16,B+,NINJA,29,8.768361581920914
CHZUSDT,2025-05-22,B+,TREND,88,2.100127280441244
CHZUSDT,2025-05-26,B+,NINJA,48,7.399723374827105
CHZUSDT,2025-05-28,B+,NINJA,72,1.9945602901178638
CHZUSDT,2025-05-29,B+,NINJA,61,0.7783018867924429
CHZUSDT,2025-06-03,B+,NINJA,61,2.4268201150863034
CHZUSDT,2025-06-07,B+,NINJA,51,7.510504201680668
CHZUSDT,2025-06-08,B+,NINJA,61,7.454068241469813
CHZUSDT,2025-06-10,B+,TREND,91,0.8622813500862136
CHZUSDT,2025-06-11,B+,NINJA,71,0.1526329178326291
CHZUSDT,2025-06-15,B+,NINJA,46,4.468965517241386
CHZUSDT,2025-06-16,B+,NINJA,54,2.72628135223556
CHZUSDT,2025-06-19,B+,NINJA,55,7.197724039829301
CHZUSDT,2025-06-20,B+,NINJA,52,9.66239813736902
CHZUSDT,2025-06-24,B+,TREND,82,5.605381165919265
CHZUSDT,2025-06-25,B+,TREND,86,5.2220050265288975
CHZUSDT,2025-06-28,B+,NINJA,57,5.520951302378263
CHZUSDT,2025-06-30,B+,NINJA,76,13.717693836978139
CHZUSDT,2025-07-06,B+,NINJA,64,20.862503500420047
CHZUSDT,2025-07-07,B+,NINJA,76,22.68334280841384
CHZUSDT,2025-07-10,B+,TREND,97,15.94384557533215
CHZUSDT,2025-07-11,B+,TREND,84,18.446115288220575
CHZUSDT,2025-07-18,B+,NINJA,72,11.330977620730277
CHZUSDT,2025-07-20,B+,TREND,78,4.028175214615914
CHZUSDT,2025-07-21,B+,TREND,84,0.5399568034557323
CHZUSDT,2025-07-23,B+,NINJA,41,8.374851720047438
CHZUSDT,2025-07-26,B+,NINJA,64,7.5076488585549495
CHZUSDT,2025-07-28,B+,NINJA,68,3.3906514894647577
CHZUSDT,2025-07-30,B+,NINJA,48,8.245139059808015
CHZUSDT,2025-07-31,B+,NINJA,47,14.004659590991464
CHZUSDT,2025-08-08,B+,TREND,92,6.624083274189729
CHZUSDT,2025-08-09,B+,TREND,93,4.039704524469068
CHZUSDT,2025-08-10,B+,TREND,75,4.667905248490478
CHZUSDT,2025-08-11,B+,NINJA,63,10.195599022004886
CHZUSDT,2025-08-14,B+,NINJA,65,6.774595267745953
CHZUSDT,2025-08-16,B+,NINJA,63,2.756471716203257
CHZUSDT,2025-08-17,B+,NINJA,64,3.8769081657378246
CHZUSDT,2025-08-20,B+,NINJA,56,6.535785288270368
CHZUSDT,2025-08-21,B+,NINJA,64,8.367037411526802
CHZUSDT,2025-08-25,B+,NINJA,46,9.145544813169604
CHZUSDT,2025-08-27,B+,NINJA,65,6.09601219202438
CHZUSDT,2025-08-29,B+,NINJA,65,7.177646757241729
CHZUSDT,2025-08-31,B+,NINJA,77,8.886107634543183
CHZUSDT,2025-09-03,B+,NINJA,59,11.779511704002
CHZUSDT,2025-09-04,B+,NINJA,58,14.992232004142924
CHZUSDT,2025-09-06,B+,NINJA,65,13.842604460394758
CHZUSDT,2025-09-09,B+,TREND,76,5.112426035502948
CHZUSDT,2025-09-13,B+,TREND,84,0.31767642387112716
CHZUSDT,2025-09-18,B+,TREND,88,0.9168003667201496
CHZUSDT,2025-09-21,B+,NINJA,50,9.704339532665717
CHZUSDT,2025-09-27,B+,NINJA,54,20.894371626831145
CHZUSDT,2025-10-01,B+,TREND,78,12.30907457322552
CHZUSDT,2025-10-02,B+,TREND,88,9.26573426573427
CHZUSDT,2025-10-07,B+,NINJA,40,20.048019207683087
CHZUSDT,2025-10-10,B+,NINJA,54,20.24699382515438
CHZUSDT,2025-10-18,B+,NINJA,41,4.681762545899626
CHZUSDT,2025-10-19,B+,NINJA,45,3.541162227602901
CHZUSDT,2025-10-20,B+,NINJA,65,2.9181708784596916
CHZUSDT,2025-10-24,B+,NINJA,55,4.023341523341517
CHZUSDT,2025-10-25,B+,NINJA,62,3.991403131716287
CHZUSDT,2025-10-30,B+,NINJA,55,16.143790849673213
CHZUSDT,2025-11-01,B+,NINJA,68,12.753807106598991
CHZUSDT,2025-11-07,B+,TREND,84,1.6473988439306364
CHZUSDT,2025-11-08,B+,TREND,82,2.28003507746275
CHZUSDT,2025-11-10,B+,TREND,62,1.3127187864644174
CHZUSDT,2025-11-13,B+,NINJA,35,1.6419324281654823
CHZUSDT,2025-11-15,B+,NINJA,46,1.8412698412698214
CHZUSDT,2025-11-16,B+,NINJA,47,3.366013071895413
CHZUSDT,2025-11-19,B+,NINJA,49,9.43586299529886
CHZUSDT,2025-11-24,B+,NINJA,59,13.002773925104027
CHZUSDT,2025-11-28,B+,TREND,81,6.74746151326564
CHZUSDT,2025-12-02,B+,NINJA,63,14.195896757114479
CHZUSDT,2025-12-07,B+,NINJA,61,12.227642276422767
CHZUSDT,2025-12-09,B+,TREND,80,10.389610389610393
CHZUSDT,2025-12-20,B+,TREND,84,8.754758020663411
CHZUSDT,2025-12-24,B+,NINJA,39,33.68601658564483
CHZUSDT,2025-12-25,B+,NINJA,36,37.86493659687407
CHZUSDT,2025-12-27,B+,TREND,78,28.92425905598244
CHZUSDT,2025-12-29,B+,TREND,62,26.870105320010794
COMPUSDT,2025-01-14,B,NINJA,57,21.062966356852986
COMPUSDT,2025-01-20,B,NINJA,40,1.6581321628871049
COMPUSDT,2025-01-22,B,NINJA,33,4.4111855061047756
COMPUSDT,2025-01-24,B,NINJA,40,2.379387406336275
COMPUSDT,2025-01-26,B,NINJA,42,1.0073133710500892
COMPUSDT,2025-01-28,B,NINJA,39,8.460512668543508
COMPUSDT,2025-01-30,B,NINJA,60,3.9182282793867262
COMPUSDT,2025-02-08,B,NINJA,49,21.17392160724838
COMPUSDT,2025-02-09,B,NINJA,64,20.344287949921757
COMPUSDT,2025-02-15,B,NINJA,44,2.42563739376771
COMPUSDT,2025-02-18,B,NINJA,40,9.192147980369958
COMPUSDT,2025-02-21,B,NINJA,59,8.43100189035917
COMPUSDT,2025-02-23,B,NINJA,69,0.25311878502982665
COMPUSDT,2025-02-26,B,NINJA,60,8.935248966738829
COMPUSDT,2025-03-01,B,NINJA,72,9.974170474865884
COMPUSDT,2025-03-03,B,NINJA,50,13.447171824973303
COMPUSDT,2025-03-06,B,NINJA,70,7.963152507676563
COMPUSDT,2025-03-08,B,NINJA,56,0.7597535934291466
COMPUSDT,2025-03-13,B,NINJA,50,10.545998504113708
COMPUSDT,2025-03-23,B,NINJA,59,87.3740922932771
COMPUSDT,2025-04-01,B,NINJA,61,12.352941176470566
COMPUSDT,2025-04-08,B,NINJA,34,14.637445887445889
COMPUSDT,2025-04-10,B,NINJA,52,8.224776500638576
COMPUSDT,2025-04-17,B,NINJA,28,15.431783341849759
COMPUSDT,2025-04-18,B,NINJA,47,14.49569183983781
COMPUSDT,2025-04-21,B,NINJA,64,13.403614457831313
COMPUSDT,2025-04-28,B,NINJA,58,3.260614590663846
COMPUSDT,2025-04-29,B,NINJA,48,13.025415444770271
COMPUSDT,2025-05-02,B,NINJA,61,19.27768476441041
COMPUSDT,2025-05-03,B,NINJA,61,24.643839040239946
COMPUSDT,2025-05-07,B,NINJA,62,27.904590920748905
COMPUSDT,2025-05-09,B,TREND,93,9.894226531511663
COMPUSDT,2025-05-14,B,NINJA,52,3.7125488493269687
COMPUSDT,2025-05-16,B,NINJA,45,0.34881185960322636
COMPUSDT,2025-05-20,B,NINJA,54,7.44631185807656
COMPUSDT,2025-05-21,B,NINJA,61,4.6612096407458115
COMPUSDT,2025-05-23,B,NINJA,64,4.3953433119505725
COMPUSDT,2025-05-26,B,NINJA,49,21.623546166627094
COMPUSDT,2025-06-01,B,NINJA,59,53.874448258950466
COMPUSDT,2025-06-04,B,NINJA,86,39.755011135857465
COMPUSDT,2025-06-10,B,TREND,90,3.3602371932136332
COMPUSDT,2025-06-14,B,NINJA,42,9.03373356203545
COMPUSDT,2025-06-15,B,NINJA,54,8.599088838268788
COMPUSDT,2025-06-16,B,NINJA,55,2.9363185905670885
COMPUSDT,2025-06-19,B,NINJA,53,0.853540252182361
COMPUSDT,2025-06-20,B,NINJA,51,0.6980086224594562
COMPUSDT,2025-06-24,B,NINJA,55,3.1176091163190867
COMPUSDT,2025-06-28,B,NINJA,47,3.1256830601092966
COMPUSDT,2025-06-30,B,NINJA,58,10.484780157835406
COMPUSDT,2025-07-03,B,NINJA,59,13.926993722390147
COMPUSDT,2025-07-07,B,NINJA,54,32.69466961434537
COMPUSDT,2025-07-14,B,NINJA,74,14.042640426404262
COMPUSDT,2025-07-16,B,NINJA,72,10.706467661691544
COMPUSDT,2025-07-18,B,NINJA,72,8.124392614188537
COMPUSDT,2025-07-23,B,NINJA,50,4.065364687126349
COMPUSDT,2025-07-26,B,NINJA,58,6.030456852791866
COMPUSDT,2025-07-28,B,NINJA,75,2.8087567121024337
COMPUSDT,2025-07-31,B,NINJA,47,26.570477247502787
COMPUSDT,2025-08-09,B,TREND,88,1.8086453246518364
COMPUSDT,2025-08-13,B,NINJA,63,1.3363028953229383
COMPUSDT,2025-08-14,B,NINJA,61,3.0265596046942456
COMPUSDT,2025-08-17,B,NINJA,53,3.9468217698379604
COMPUSDT,2025-08-21,B,NINJA,44,11.22471660368971
COMPUSDT,2025-08-27,B,NINJA,54,3.164124743910768
COMPUSDT,2025-08-30,B,NINJA,57,4.955998147290419
COMPUSDT,2025-08-31,B,NINJA,59,6.735751295336789
COMPUSDT,2025-09-02,B,NINJA,68,6.065498154981563
COMPUSDT,2025-09-03,B,NINJA,69,11.326860841423937
COMPUSDT,2025-09-05,B,NINJA,62,10.99331643235768
COMPUSDT,2025-09-16,B,NINJA,52,3.9259424492527506
COMPUSDT,2025-09-17,B,NINJA,58,1.3487056776158468
COMPUSDT,2025-09-21,B,NINJA,56,0.36084799278304214
COMPUSDT,2025-09-27,B,NINJA,54,9.992670412900084
COMPUSDT,2025-10-05,B,NINJA,53,3.2867132867133053
COMPUSDT,2025-10-07,B,NINJA,54,4.146919431279628
COMPUSDT,2025-10-09,B,NINJA,54,4.518430439952459
COMPUSDT,2025-10-10,B,NINJA,64,29.9566811062979
COMPUSDT,2025-10-30,B,NINJA,54,3.4877072612921944
COMPUSDT,2025-11-02,B,NINJA,72,2.8507546115148052
COMPUSDT,2025-11-06,B,NINJA,55,15.469093191088778
COMPUSDT,2025-11-11,B,NINJA,63,11.922141119221386
COMPUSDT,2025-11-15,B,NINJA,48,2.041438147471064
COMPUSDT,2025-11-16,B,NINJA,43,4.820031298904537
COMPUSDT,2025-11-17,B,NINJA,39,3.2207136090937727
COMPUSDT,2025-11-24,B,NINJA,56,25.386684599865504
COMPUSDT,2025-11-27,B,NINJA,68,23.476821192052988
COMPUSDT,2025-11-29,B,NINJA,63,17.080062794348507
COMPUSDT,2025-12-01,B,NINJA,65,8.713450292397651
COMPUSDT,2025-12-08,B,NINJA,45,11.725239616613404
COMPUSDT,2025-12-09,B,NINJA,55,9.795918367346923
COMPUSDT,2025-12-14,B,NINJA,46,1.785089254462724
COSUSDT,2025-02-21,C+,NINJA,78,4.594649785582994
COSUSDT,2025-02-23,C+,NINJA,65,0.3610832497492389
COSUSDT,2025-03-22,C+,NINJA,62,2.90354330708662
COSUSDT,2025-03-23,C+,NINJA,68,3.259259259259273
COSUSDT,2025-03-26,C+,NINJA,53,1.7052685161618841
COSUSDT,2025-05-29,C+,NINJA,69,0.8933717579250766
COSUSDT,2025-06-14,C+,NINJA,62,4.1200894282976686
COSUSDT,2025-06-15,C+,NINJA,72,4.262935242434085
COSUSDT,2025-06-19,C+,NINJA,66,4.906771344455363
COSUSDT,2025-06-20,C+,NINJA,64,10.509993108201243
COSUSDT,2025-07-06,C+,NINJA,53,35.49476528199931
COSUSDT,2025-07-07,C+,NINJA,76,34.67606579389057
COSUSDT,2025-08-14,C+,NINJA,67,10.338573155985475
COSUSDT,2025-08-16,C+,NINJA,61,5.950653120464433
COSUSDT,2025-08-21,C+,NINJA,65,7.2267920094007065
COSUSDT,2025-08-25,C+,NINJA,48,7.5637910085054605
COSUSDT,2025-08-27,C+,NINJA,63,3.1158998252766468
COSUSDT,2025-08-31,C+,NINJA,67,2.1005917159763188
COSUSDT,2025-09-02,C+,NINJA,58,3.809238152369532
COSUSDT,2025-09-03,C+,NINJA,72,4.807405195580783
COSUSDT,2025-09-04,C+,NINJA,57,8.736059479553916
COSUSDT,2025-09-05,C+,NINJA,66,6.751824817518237
COSUSDT,2025-09-17,C+,NINJA,59,0.8194233687405017
COSUSDT,2025-09-18,C+,NINJA,79,0.4839685420447548
COSUSDT,2025-10-30,C+,NINJA,54,21.923696937130586
COSUSDT,2025-11-02,C+,NINJA,70,17.139907072793005
COSUSDT,2025-12-03,C+,NINJA,67,2.0576131687242594
COSUSDT,2025-12-04,C+,NINJA,70,5.159010600706715
COSUSDT,2025-12-07,C+,NINJA,71,5.756929637526653
COSUSDT,2025-12-10,C+,NINJA,70,0.0
CRVUSDT,2025-04-11,B,TREND,89,10.138476755687442
CRVUSDT,2025-07-10,B,TREND,92,80.09004502251128
CRVUSDT,2025-07-14,B,TREND,81,53.36552115876172
CRVUSDT,2025-07-16,B,TREND,89,23.60403339477393
CRVUSDT,2025-07-17,B,TREND,89,15.750696933492648
CTSIUSDT,2025-01-26,B-,NINJA,65,2.891030392883631
CTSIUSDT,2025-02-20,B-,NINJA,73,4.054054054054057
CTSIUSDT,2025-02-21,B-,NINJA,58,6.341463414634152
CTSIUSDT,2025-02-23,B-,NINJA,61,1.3435700575815668
CTSIUSDT,2025-03-20,B-,NINJA,65,5.660377358490565
CTSIUSDT,2025-03-22,B-,NINJA,53,4.394141145139807
CTSIUSDT,2025-03-23,B-,NINJA,67,5.376344086021501
CTSIUSDT,2025-05-28,B-,NINJA,65,2.837837837837842
CTSIUSDT,2025-05-29,B-,NINJA,61,0.7142857142856895
CTSIUSDT,2025-06-17,B-,NINJA,73,2.4958402662229595
CTSIUSDT,2025-06-19,B-,NINJA,55,5.076142131979711
CTSIUSDT,2025-06-20,B-,NINJA,51,8.000000000000007
CTSIUSDT,2025-07-06,B-,NINJA,56,34.72222222222223
CTSIUSDT,2025-07-07,B-,NINJA,65,35.42757417102968
CTSIUSDT,2025-09-05,B-,NINJA,59,21.212121212121215
CTSIUSDT,2025-09-07,B-,NINJA,77,8.695652173913038
CTSIUSDT,2025-09-08,B-,NINJA,76,11.248454882571068
CTSIUSDT,2025-09-11,B-,NINJA,75,10.294117647058808
CTSIUSDT,2025-09-12,B-,NINJA,68,8.827085852478845
CTSIUSDT,2025-09-15,B-,NINJA,64,7.526881720430101
CTSIUSDT,2025-09-17,B-,NINJA,64,5.017502917152861
CTSIUSDT,2025-09-20,B-,NINJA,64,1.650943396226423
CTSIUSDT,2025-10-09,B-,NINJA,65,3.8888888888888973
CTSIUSDT,2025-10-30,B-,NINJA,54,9.394572025052206
CTSIUSDT,2025-11-02,B-,NINJA,68,8.870967741935477
CTSIUSDT,2025-11-25,B-,NINJA,51,3.8548752834467015
CTSIUSDT,2025-11-26,B-,NINJA,58,3.6199095022624306
CTSIUSDT,2025-11-27,B-,NINJA,72,3.153153153153143
CTSIUSDT,2025-12-20,B-,NINJA,64,3.92749244712991
CTSIUSDT,2025-12-28,B-,NINJA,79,19.571865443425086
CVCUSDT,2025-01-09,B,NINJA,60,0.0
CVCUSDT,2025-01-10,B,NINJA,64,2.231121281464521
CVCUSDT,2025-02-18,B,NINJA,80,17.452830188679247
CVCUSDT,2025-02-20,B,NINJA,55,18.665607625099277
CVCUSDT,2025-02-21,B,NINJA,43,24.50000000000001
CVCUSDT,2025-02-27,B,NINJA,52,3.433476394849766
CVCUSDT,2025-03-01,B,NINJA,60,5.88752196836555
CVCUSDT,2025-03-22,B,NINJA,46,10.907237512742096
CVCUSDT,2025-03-25,B,NINJA,77,3.336604514229635
CVCUSDT,2025-04-29,B,NINJA,68,10.53571428571427
CVCUSDT,2025-05-03,B,NINJA,44,12.97148114075437
CVCUSDT,2025-06-02,B,NINJA,72,1.0424422933730249
CVCUSDT,2025-06-03,B,NINJA,72,1.3188518231187052
CVCUSDT,2025-06-28,B,NINJA,57,10.236220472440948
CVCUSDT,2025-06-30,B,NINJA,73,12.514220705346979
CVCUSDT,2025-07-06,B,NINJA,59,21.37232845894261
CVCUSDT,2025-07-07,B,NINJA,84,18.441273326015374
CVCUSDT,2025-07-31,B,NINJA,57,5.334728033472791
CVCUSDT,2025-08-16,B,NINJA,70,1.731160896130346
CVCUSDT,2025-08-17,B,NINJA,76,1.0288065843621519
CVCUSDT,2025-08-21,B,NINJA,58,8.269018743109147
CVCUSDT,2025-09-02,B,NINJA,62,3.3444816053511683
CVCUSDT,2025-09-06,B,NINJA,60,8.610792192881744
CVCUSDT,2025-09-07,B,NINJA,74,6.651634723788047
CVCUSDT,2025-09-14,B,NINJA,64,2.4070021881838155
CVCUSDT,2025-09-17,B,NINJA,60,2.2950819672131306
CVCUSDT,2025-09-21,B,NINJA,50,0.11223344556678949
CVCUSDT,2025-10-02,B,TREND,89,1.0356731875719172
CVCUSDT,2025-10-30,B,NINJA,48,4.0925266903914626
CVCUSDT,2025-11-01,B,NINJA,69,49.48453608247421
CVCUSDT,2025-11-02,B,NINJA,64,50.51903114186851
CVCUSDT,2025-12-03,B,NINJA,76,44.98933901918978
CVCUSDT,2025-12-08,B,NINJA,47,13.588110403397025
CVCUSDT,2025-12-09,B,NINJA,44,11.69102296450939
CVCUSDT,2025-12-10,B,NINJA,65,7.291666666666652
DASHUSDT,2025-01-11,B+,NINJA,57,19.415392866720317
DASHUSDT,2025-01-17,B+,TREND,84,1.7217630853994415
DASHUSDT,2025-01-22,B+,NINJA,53,1.6187552330449329
DASHUSDT,2025-01-24,B+,NINJA,35,1.943412403543876
DASHUSDT,2025-01-25,B+,NINJA,57,1.27768313458263
DASHUSDT,2025-01-26,B+,NINJA,53,3.785862170955334
DASHUSDT,2025-01-28,B+,NINJA,37,13.120567375886537
DASHUSDT,2025-02-13,B+,TREND,73,4.758471521268937
DASHUSDT,2025-02-15,B+,NINJA,57,5.46730698189879
DASHUSDT,2025-02-17,B+,NINJA,39,7.817220543806647
DASHUSDT,2025-02-21,B+,NINJA,78,5.184072126220873
DASHUSDT,2025-02-23,B+,NINJA,70,3.3210332103321027
DASHUSDT,2025-03-03,B+,NINJA,48,5.56940980881131
DASHUSDT,2025-03-05,B+,NINJA,52,1.7628205128205066
DASHUSDT,2025-03-06,B+,NINJA,65,2.4580090126997245
DASHUSDT,2025-03-09,B+,NINJA,29,12.141882673942717
DASHUSDT,2025-03-13,B+,NINJA,61,16.079494128274607
DASHUSDT,2025-03-16,B+,TREND,64,13.3656815174239
DASHUSDT,2025-03-19,B+,TREND,91,5.7613168724279795
DASHUSDT,2025-03-22,B+,NINJA,53,10.111396743787493
DASHUSDT,2025-03-23,B+,NINJA,59,5.263157894736836
DASHUSDT,2025-03-24,B+,NINJA,67,2.713987473903967
DASHUSDT,2025-03-31,B+,NINJA,68,3.3557046979865834
DASHUSDT,2025-04-01,B+,NINJA,79,0.9734513274336276
DASHUSDT,2025-04-04,B+,NINJA,57,1.0147601476014678
DASHUSDT,2025-04-05,B+,NINJA,54,0.09324009324009896
DASHUSDT,2025-04-08,B+,NINJA,41,12.855637513171757
DASHUSDT,2025-04-10,B+,NINJA,61,7.626693426994469
DASHUSDT,2025-04-17,B+,NINJA,39,11.911764705882355
DASHUSDT,2025-04-19,B+,TREND,86,18.652112007593736
DASHUSDT,2025-04-20,B+,TREND,79,17.591721542803374
DASHUSDT,2025-04-23,B+,TREND,89,11.55734047300312
DASHUSDT,2025-04-26,B+,TREND,71,10.717449069973428
DASHUSDT,2025-05-03,B+,NINJA,45,14.844444444444438
DASHUSDT,2025-05-09,B+,TREND,93,8.81002087682672
DASHUSDT,2025-05-10,B+,TREND,89,3.4126984126984006
DASHUSDT,2025-05-11,B+,TREND,82,6.021155410903178
DASHUSDT,2025-05-14,B+,NINJA,66,3.6319612590798966
DASHUSDT,2025-05-16,B+,NINJA,35,9.743589743589753
DASHUSDT,2025-05-22,B+,TREND,81,2.6378896882494063
DASHUSDT,2025-05-23,B+,NINJA,67,3.9811643835616417
DASHUSDT,2025-05-26,B+,NINJA,63,3.1860662701784115
DASHUSDT,2025-06-02,B+,NINJA,59,2.7765338110165683
DASHUSDT,2025-06-03,B+,NINJA,65,2.6386404293381016
DASHUSDT,2025-06-07,B+,NINJA,63,5.9556786703601095
DASHUSDT,2025-06-10,B+,TREND,82,0.17628911414719894
DASHUSDT,2025-06-19,B+,NINJA,59,2.864321608040199
DASHUSDT,2025-06-20,B+,NINJA,56,5.122950819672134
DASHUSDT,2025-06-24,B+,TREND,85,4.224652087475134
DASHUSDT,2025-06-25,B+,TREND,71,6.284845413076523
DASHUSDT,2025-07-06,B+,NINJA,58,15.760598503740653
DASHUSDT,2025-07-07,B+,NINJA,68,16.926952141057928
DASHUSDT,2025-07-10,B+,TREND,92,20.631970260223053
DASHUSDT,2025-07-11,B+,TREND,87,19.191919191919183
DASHUSDT,2025-07-20,B+,TREND,86,2.539682539682553
DASHUSDT,2025-07-21,B+,TREND,71,3.3186725309875875
DASHUSDT,2025-07-23,B+,NINJA,47,2.01976794155565
DASHUSDT,2025-07-26,B+,NINJA,35,5.604982206405684
DASHUSDT,2025-07-27,B+,NINJA,52,2.460077686663764
DASHUSDT,2025-07-28,B+,NINJA,54,1.6574585635359185
DASHUSDT,2025-07-31,B+,NINJA,47,14.50827653359299
DASHUSDT,2025-08-08,B+,TREND,86,7.348384240814521
DASHUSDT,2025-08-09,B+,TREND,86,4.570935748167315
DASHUSDT,2025-08-11,B+,NINJA,68,7.348384240814521
DASHUSDT,2025-08-14,B+,NINJA,76,7.023863124718588
DASHUSDT,2025-08-17,B+,NINJA,76,3.9807524059492616
DASHUSDT,2025-08-21,B+,NINJA,65,12.994093593820978
DASHUSDT,2025-08-23,B+,TREND,84,6.875805758487319
DASHUSDT,2025-08-25,B+,NINJA,56,14.55550437586366
DASHUSDT,2025-08-31,B+,NINJA,71,8.68644067796609
DASHUSDT,2025-09-02,B+,NINJA,61,10.085836909871237
DASHUSDT,2025-09-04,B+,NINJA,55,10.322580645161295
DASHUSDT,2025-09-06,B+,NINJA,59,8.548455353364371
DASHUSDT,2025-09-08,B+,TREND,80,2.1912350597609542
DASHUSDT,2025-09-21,B+,NINJA,48,49.69485614646905
DASHUSDT,2025-09-29,B+,TREND,90,71.95767195767195
DASHUSDT,2025-09-30,B+,TREND,78,119.50892857142858
DASHUSDT,2025-10-05,B+,TREND,70,73.72139022322688
DASHUSDT,2025-10-10,B+,NINJA,81,63.033678069477574
DASHUSDT,2025-10-16,B+,NINJA,45,23.22274881516586
DASHUSDT,2025-10-18,B+,NINJA,51,27.370892018779337
DASHUSDT,2025-10-21,B+,NINJA,60,19.991154356479424
DASHUSDT,2025-10-24,B+,NINJA,60,186.50585144494863
DASHUSDT,2025-10-25,B+,NINJA,65,256.8030447193149
DASHUSDT,2025-11-01,B+,TREND,85,103.5002035002035
DASHUSDT,2025-11-02,B+,TREND,91,67.29868391701986
DASHUSDT,2025-11-04,B+,TREND,88,11.459709379128125
DASHUSDT,2025-11-07,B+,NINJA,49,2.9324644549763024
DASHUSDT,2025-11-10,B+,NINJA,41,43.39752407152682
DASHUSDT,2025-11-15,B+,TREND,86,6.529736358062532
DASHUSDT,2025-11-16,B+,NINJA,64,6.874780778674139
DASHUSDT,2025-11-19,B+,NINJA,38,7.661492238357548
DASHUSDT,2025-11-20,B+,NINJA,51,2.1822673620642385
DASHUSDT,2025-11-27,B+,NINJA,75,0.14563106796117165
DASHUSDT,2025-12-04,B+,NINJA,57,8.006469874646172
DASHUSDT,2025-12-07,B+,NINJA,43,19.88330341113105
DASHUSDT,2025-12-10,B+,NINJA,73,5.912486659551752
DASHUSDT,2025-12-12,B+,NINJA,50,1.4835519243173723
DASHUSDT,2025-12-14,B+,NINJA,31,6.6341463414634205
DASHUSDT,2025-12-24,B+,NINJA,56,23.18727177882105
DASHUSDT,2025-12-25,B+,NINJA,74,24.32219005001315
DASHUSDT,2025-12-27,B+,TREND,85,4.799282350302736
DEEPUSDT,2025-06-07,B+,TREND,68,16.4011681932829
DEEPUSDT,2025-06-10,B+,TREND,84,2.250597632791096
DEEPUSDT,2025-06-11,B+,TREND,77,0.047789725209068656
DEEPUSDT,2025-07-03,B+,TREND,84,16.68093513335527
DEEPUSDT,2025-07-10,B+,TREND,90,24.498682250486993
DEEPUSDT,2025-07-11,B+,TREND,80,30.604639980766922
DEEPUSDT,2025-07-14,B+,TREND,80,17.95038810182923
DEEPUSDT,2025-07-16,B+,TREND,70,14.973544973544971
DEEPUSDT,2025-08-08,B+,TREND,78,19.52444529213553
DEEPUSDT,2025-08-10,B+,TREND,72,18.22412275185512
DEEPUSDT,2025-08-13,B+,TREND,88,4.916569004966798
DEEPUSDT,2025-09-29,B+,TREND,78,29.73847857568788
DEEPUSDT,2025-10-02,B+,TREND,82,10.77974978178644
DEEPUSDT,2025-10-05,B+,TREND,65,5.537459283387625
DEEPUSDT,2025-11-10,B+,TREND,80,1.6778046352907694
DEEPUSDT,2025-11-26,B+,TREND,86,3.572886892609217
DEGOUSDT,2025-04-26,B-,TREND,95,2.595797280593337
DENTUSDT,2025-01-22,B,NINJA,74,0.07898894154818592
DENTUSDT,2025-01-24,B,NINJA,45,3.685092127303191
DENTUSDT,2025-01-26,B,NINJA,38,2.4680851063829667
DENTUSDT,2025-02-21,B,NINJA,72,6.775956284152995
DENTUSDT,2025-02-23,B,NINJA,69,1.1702127659574568
DENTUSDT,2025-02-26,B,NINJA,61,11.910377358490564
DENTUSDT,2025-03-22,B,NINJA,56,6.439393939393945
DENTUSDT,2025-03-23,B,NINJA,61,7.11562897077509
DENTUSDT,2025-04-01,B,NINJA,66,0.0
DENTUSDT,2025-04-23,B,TREND,92,8.977556109725683
DENTUSDT,2025-05-09,B,TREND,98,8.798283261802563
DENTUSDT,2025-06-02,B,NINJA,73,6.048387096774199
DENTUSDT,2025-06-03,B,NINJA,74,6.477732793522262
DENTUSDT,2025-07-06,B,NINJA,55,33.276450511945384
DENTUSDT,2025-07-07,B,NINJA,75,32.82312925170068
DENTUSDT,2025-07-10,B,TREND,93,21.53392330383481
DENTUSDT,2025-07-30,B,NINJA,48,8.926261319534268
DENTUSDT,2025-07-31,B,NINJA,50,18.776077885952724
DENTUSDT,2025-08-04,B,NINJA,73,19.56815114709851
DENTUSDT,2025-08-21,B,NINJA,63,9.39510939510939
DENTUSDT,2025-08-27,B,NINJA,64,4.404145077720201
DENTUSDT,2025-09-02,B,NINJA,57,4.521276595744683
DENTUSDT,2025-09-03,B,NINJA,78,8.100929614873852
DENTUSDT,2025-09-17,B,NINJA,68,2.346805736636237
DENTUSDT,2025-09-21,B,NINJA,50,0.4087193460490468
DENTUSDT,2025-10-30,B,NINJA,49,24.146341463414632
DENTUSDT,2025-11-30,B,NINJA,57,0.2932551319648091
DENTUSDT,2025-12-20,B,NINJA,72,0.46511627906977715
DENTUSDT,2025-12-28,B,NINJA,79,20.97560975609758
DEXEUSDT,2025-01-16,B-,NINJA,68,30.267405737954544
DEXEUSDT,2025-01-19,B-,NINJA,75,24.302675680281773
DEXEUSDT,2025-02-07,B-,NINJA,51,10.390050329074718
DEXEUSDT,2025-02-08,B-,NINJA,54,13.549703818009862
DEXEUSDT,2025-02-09,B-,NINJA,66,1.4305420732642071
DEXEUSDT,2025-02-11,B-,NINJA,40,3.177178749018572
DEXEUSDT,2025-02-12,B-,NINJA,46,5.615087869695667
DEXEUSDT,2025-02-23,B-,NINJA,60,14.386982439181573
DEXEUSDT,2025-02-24,B-,NINJA,61,13.642426505895555
DEXEUSDT,2025-02-26,B-,NINJA,87,2.202800776857816
DEXEUSDT,2025-03-01,B-,NINJA,59,8.815608683704301
DEXEUSDT,2025-03-02,B-,NINJA,55,7.073711535341509
DEXEUSDT,2025-03-03,B-,NINJA,67,11.13668257086724
DEXEUSDT,2025-03-05,B-,NINJA,75,1.1826821541710775
DEXEUSDT,2025-03-08,B-,NINJA,63,1.0927790872080623
DEXEUSDT,2025-03-09,B-,NINJA,61,7.96758946657663
DEXEUSDT,2025-03-29,B-,NINJA,80,4.668640400819868
DEXEUSDT,2025-03-31,B-,NINJA,65,2.589285714285716
DEXEUSDT,2025-04-23,B-,NINJA,76,3.034580098800288
DEXEUSDT,2025-05-06,B-,TREND,94,1.5233092580433372
DEXEUSDT,2025-05-12,B-,NINJA,47,0.42356856516148067
DEXEUSDT,2025-07-17,B-,NINJA,76,2.337038908539668
DEXEUSDT,2025-07-21,B-,NINJA,63,2.941571524513087
DEXEUSDT,2025-07-22,B-,NINJA,63,3.46969083299582
DEXEUSDT,2025-08-31,B-,NINJA,80,2.0827698133621952
DEXEUSDT,2025-09-02,B-,NINJA,55,2.522154055896375
DEXEUSDT,2025-09-04,B-,NINJA,51,1.1321275714482937
DEXEUSDT,2025-09-06,B-,NINJA,46,3.256272906681712
DEXEUSDT,2025-10-30,B-,NINJA,44,21.274229424849068
DEXEUSDT,2025-10-31,B-,NINJA,57,9.512195121951228
DEXEUSDT,2025-12-08,B-,NINJA,66,3.9054470709146916
DEXEUSDT,2025-12-10,B-,NINJA,73,1.6979675842552
DEXEUSDT,2025-12-17,B-,NINJA,61,21.220484513952776
DEXEUSDT,2025-12-19,B-,NINJA,73,1.794645483965862
DFUSDT,2025-01-19,B-,NINJA,68,17.33696324712288
DFUSDT,2025-01-22,B-,NINJA,58,18.717916614498577
DFUSDT,2025-01-24,B-,NINJA,61,37.57094211123724
DFUSDT,2025-01-26,B-,NINJA,83,28.677598206912826
DFUSDT,2025-01-30,B-,NINJA,51,33.496512054828045
DFUSDT,2025-02-02,B-,NINJA,58,36.23079805170475
DFUSDT,2025-02-24,B-,NINJA,60,28.25705413797759
DFUSDT,2025-03-01,B-,NINJA,56,24.655557013515295
DFUSDT,2025-03-02,B-,NINJA,57,20.543078289557148
DFUSDT,2025-03-03,B-,NINJA,63,29.657431418042847
DFUSDT,2025-03-06,B-,NINJA,78,24.983018611601683
DFUSDT,2025-03-07,B-,NINJA,64,38.30052675353479
DFUSDT,2025-03-09,B-,NINJA,55,38.87806236080178
DFUSDT,2025-03-10,B-,NINJA,70,59.605245369744495
DFUSDT,2025-04-20,B-,NINJA,83,8.195555555555556
DFUSDT,2025-04-28,B-,NINJA,54,13.526399434928482
DFUSDT,2025-04-29,B-,NINJA,55,22.78456837280367
DFUSDT,2025-05-02,B-,NINJA,60,20.845864661654147
DFUSDT,2025-05-26,B-,NINJA,79,3.5237905634083244
DFUSDT,2025-05-29,B-,NINJA,66,6.230847803881501
DFUSDT,2025-06-18,B-,NINJA,58,0.8758371973209611
DFUSDT,2025-06-19,B-,NINJA,62,4.049342987396098
DFUSDT,2025-06-24,B-,NINJA,72,1.2763596004439437
DFUSDT,2025-07-16,B-,NINJA,67,20.651443922095346
DFUSDT,2025-07-17,B-,NINJA,63,25.45391061452513
DFUSDT,2025-07-19,B-,NINJA,75,22.544338335607094
DFUSDT,2025-08-11,B-,NINJA,53,10.282953761214642
DFUSDT,2025-08-14,B-,NINJA,67,13.574982231698662
DFUSDT,2025-08-16,B-,NINJA,71,5.371352785145911
DFUSDT,2025-08-21,B-,NINJA,61,11.002444987775073
DFUSDT,2025-09-15,B-,NINJA,53,6.688358640636305
DFUSDT,2025-09-17,B-,NINJA,77,2.2168340838240486
DFUSDT,2025-09-21,B-,NINJA,65,0.46578287352203596
DFUSDT,2025-11-15,B-,NINJA,55,3.04347826086957
DFUSDT,2025-11-16,B-,NINJA,56,3.3983637507866593
DFUSDT,2025-12-03,B-,NINJA,74,4.529115744069023
DIAUSDT,2025-04-19,B,TREND,93,71.73684210526315
DIAUSDT,2025-04-26,B,TREND,90,24.61832061068703
DIAUSDT,2025-04-29,B,TREND,90,0.6939090208172738
DODOXUSDT,2025-02-11,B-,NINJA,75,63.82732614630085
DODOXUSDT,2025-02-13,B-,NINJA,75,5.344634003358406
DODOXUSDT,2025-02-15,B-,NINJA,59,5.769845443203714
DODOXUSDT,2025-02-17,B-,NINJA,52,4.361714423814478
DODOXUSDT,2025-02-19,B-,NINJA,45,8.026974113552331
DODOXUSDT,2025-02-20,B-,NINJA,62,5.939073299769615
DODOXUSDT,2025-02-21,B-,NINJA,62,11.05398168358047
DODOXUSDT,2025-02-23,B-,NINJA,68,0.6700507614213036
DODOXUSDT,2025-02-26,B-,NINJA,63,9.852716523037097
DODOXUSDT,2025-03-01,B-,NINJA,64,12.893831717459815
DODOXUSDT,2025-03-03,B-,NINJA,62,3.4809284165958854
DODOXUSDT,2025-03-06,B-,NINJA,67,3.696745102104293
DODOXUSDT,2025-04-29,B-,NINJA,62,28.342291073875003
DODOXUSDT,2025-05-01,B-,NINJA,71,21.798890294947924
DODOXUSDT,2025-05-06,B-,NINJA,62,44.00733977801645
DODOXUSDT,2025-05-07,B-,NINJA,65,42.209356285771094
DODOXUSDT,2025-05-09,B-,TREND,95,14.537429252838784
DODOXUSDT,2025-05-29,B-,NINJA,67,0.6682694266737288
DODOXUSDT,2025-07-07,B-,NINJA,73,44.04996013818763
DODOXUSDT,2025-07-31,B-,NINJA,46,17.237961709533934
DODOXUSDT,2025-08-16,B-,NINJA,66,7.915396094206173
DODOXUSDT,2025-08-17,B-,NINJA,85,7.629092791510295
DODOXUSDT,2025-08-21,B-,NINJA,68,12.145184852230596
DODOXUSDT,2025-08-27,B-,NINJA,65,4.445517180848735
DODOXUSDT,2025-08-31,B-,NINJA,64,13.421507646015307
DODOXUSDT,2025-09-02,B-,NINJA,59,12.995235005928274
DODOXUSDT,2025-09-05,B-,NINJA,69,20.081432492014216
DODOXUSDT,2025-09-06,B-,NINJA,66,21.226779306899225
DODOXUSDT,2025-10-07,B-,NINJA,49,10.023444065997268
DODOXUSDT,2025-11-02,B-,NINJA,67,13.064077147945286
DODOXUSDT,2025-11-30,B-,NINJA,38,0.18768768768768762
DODOXUSDT,2025-12-03,B-,NINJA,57,1.0036376386028056
DODOXUSDT,2025-12-25,B-,NINJA,84,14.528795811518314
DOGEUSDT,2025-01-11,B,NINJA,64,27.221570926143034
DOGEUSDT,2025-01-12,B,NINJA,73,29.225090053883495
DOGEUSDT,2025-01-22,B,NINJA,59,0.4959907415061471
DOGEUSDT,2025-01-24,B,NINJA,47,3.0782385634886777
DOGEUSDT,2025-01-26,B,NINJA,57,1.7021276595744705
DOGEUSDT,2025-01-28,B,NINJA,50,7.23541777791723
DOGEUSDT,2025-01-30,B,NINJA,73,3.088709920670829
DOGEUSDT,2025-02-04,B,NINJA,51,8.847978743594599
DOGEUSDT,2025-02-09,B,NINJA,58,15.210928083567698
DOGEUSDT,2025-02-11,B,NINJA,62,13.32147796878087
DOGEUSDT,2025-02-19,B,NINJA,60,2.566718995290418
DOGEUSDT,2025-02-20,B,NINJA,64,2.5908769725995207
DOGEUSDT,2025-02-21,B,NINJA,54,3.3964783443211077
DOGEUSDT,2025-03-03,B,NINJA,64,10.480590568975035
DOGEUSDT,2025-03-05,B,NINJA,48,7.469102632993008
DOGEUSDT,2025-03-06,B,NINJA,59,3.557782960353295
DOGEUSDT,2025-03-13,B,NINJA,60,8.448828905162497
DOGEUSDT,2025-03-20,B,NINJA,60,21.452593073337667
DOGEUSDT,2025-03-22,B,NINJA,57,22.99097807253392
DOGEUSDT,2025-03-23,B,NINJA,67,19.264194669756662
DOGEUSDT,2025-04-01,B,NINJA,69,3.5291412806069733
DOGEUSDT,2025-04-02,B,NINJA,62,5.487395470914969
DOGEUSDT,2025-04-05,B,NINJA,70,0.6272931707894447
DOGEUSDT,2025-04-08,B,NINJA,46,19.254833040421815
DOGEUSDT,2025-04-10,B,NINJA,57,10.464283388682682
DOGEUSDT,2025-04-17,B,NINJA,61,23.81318963305108
DOGEUSDT,2025-04-18,B,NINJA,65,22.46969985405165
DOGEUSDT,2025-04-28,B,NINJA,42,10.805830122298543
DOGEUSDT,2025-04-29,B,NINJA,43,22.810030917210568
DOGEUSDT,2025-05-07,B,NINJA,60,50.97081734682012
DOGEUSDT,2025-05-14,B,NINJA,58,9.292035398230114
DOGEUSDT,2025-05-16,B,NINJA,38,15.060377187825068
DOGEUSDT,2025-05-20,B,NINJA,68,12.44640883977901
DOGEUSDT,2025-05-23,B,NINJA,69,3.086008614182334
DOGEUSDT,2025-05-25,B,NINJA,29,3.223511626872977
DOGEUSDT,2025-05-26,B,NINJA,51,2.7438484687555276
DOGEUSDT,2025-05-29,B,NINJA,54,0.7492902685344527
DOGEUSDT,2025-06-03,B,NINJA,55,7.047796592615607
DOGEUSDT,2025-06-07,B,NINJA,58,11.674139700718488
DOGEUSDT,2025-06-11,B,NINJA,69,0.3835389240178344
DOGEUSDT,2025-06-14,B,NINJA,37,1.6326301615798844
DOGEUSDT,2025-06-15,B,NINJA,36,3.2017318976813147
DOGEUSDT,2025-06-16,B,NINJA,43,1.9685039370078705
DOGEUSDT,2025-06-18,B,NINJA,53,0.7968127490039834
DOGEUSDT,2025-06-19,B,NINJA,69,0.6143224900538424
DOGEUSDT,2025-06-20,B,NINJA,49,4.7554515214980775
DOGEUSDT,2025-06-28,B,NINJA,59,8.286988938458716
DOGEUSDT,2025-07-07,B,NINJA,80,32.420200095283455
DOGEUSDT,2025-07-10,B,TREND,93,42.6667350181986
DOGEUSDT,2025-07-14,B,NINJA,60,45.57699124006278
DOGEUSDT,2025-07-26,B,NINJA,46,5.589771906723873
DOGEUSDT,2025-07-27,B,NINJA,60,3.273648788999206
DOGEUSDT,2025-07-28,B,NINJA,57,2.9228388237895198
DOGEUSDT,2025-07-31,B,NINJA,36,17.650424334890815
DOGEUSDT,2025-08-04,B,NINJA,69,21.555206996530263
DOGEUSDT,2025-08-05,B,NINJA,73,27.991592012411814
DOGEUSDT,2025-08-14,B,NINJA,79,9.445089804307049
DOGEUSDT,2025-08-16,B,NINJA,66,5.974475448842753
DOGEUSDT,2025-08-17,B,NINJA,81,4.433833560709433
DOGEUSDT,2025-08-21,B,NINJA,66,14.078144646765711
DOGEUSDT,2025-08-27,B,NINJA,64,3.2203544673853557
DOGEUSDT,2025-08-28,B,NINJA,74,2.179435753442971
DOGEUSDT,2025-08-30,B,NINJA,61,15.545265107663809
DOGEUSDT,2025-08-31,B,NINJA,64,16.75635206588366
DOGEUSDT,2025-09-04,B,NINJA,63,44.45647568381903
DOGEUSDT,2025-09-06,B,NINJA,71,42.08844639962954
DOGEUSDT,2025-09-08,B,TREND,87,26.982287700711804
DOGEUSDT,2025-09-11,B,TREND,88,19.84533062531735
DOGEUSDT,2025-09-12,B,TREND,96,11.375680580762237
DOGEUSDT,2025-09-16,B,NINJA,39,6.979070198184845
DOGEUSDT,2025-09-17,B,NINJA,52,2.204841449603623
DOGEUSDT,2025-09-18,B,NINJA,74,2.279498869224983
DOGEUSDT,2025-09-21,B,NINJA,43,0.6328142977678919
DOGEUSDT,2025-09-27,B,NINJA,55,17.19027603241323
DOGEUSDT,2025-10-07,B,NINJA,70,5.785592739648315
DOGEUSDT,2025-10-09,B,NINJA,53,2.2294659744859002
DOGEUSDT,2025-10-10,B,NINJA,57,12.822368081037784
DOGEUSDT,2025-10-18,B,NINJA,48,10.49994726294694
DOGEUSDT,2025-10-25,B,NINJA,70,6.620191329126812
DOGEUSDT,2025-10-27,B,NINJA,68,1.3624114183052205
DOGEUSDT,2025-10-30,B,NINJA,49,3.3720166411210784
DOGEUSDT,2025-11-01,B,NINJA,69,0.789923142613147
DOGEUSDT,2025-11-06,B,NINJA,45,15.317990596387032
DOGEUSDT,2025-11-13,B,NINJA,40,1.4892578125
DOGEUSDT,2025-11-15,B,NINJA,46,1.5138514341750398
DOGEUSDT,2025-11-16,B,NINJA,49,4.118055117613673
DOGEUSDT,2025-11-19,B,NINJA,52,3.3117723156533163
DOGEUSDT,2025-11-23,B,NINJA,57,8.144827586206915
DOGEUSDT,2025-11-30,B,NINJA,42,5.075690115761344
DOGEUSDT,2025-12-08,B,NINJA,69,7.433901395609799
DOGEUSDT,2025-12-10,B,NINJA,74,0.1953670108847394
DOGEUSDT,2025-12-12,B,NINJA,51,2.264095822378054
DOGEUSDT,2025-12-13,B,NINJA,54,0.14383315354189463
DOGEUSDT,2025-12-14,B,NINJA,44,3.2592482100238573
DOGEUSDT,2025-12-17,B,NINJA,41,7.17960896065859
DOGEUSDT,2025-12-25,B,NINJA,37,24.690659118479587
DOGEUSDT,2025-12-28,B,NINJA,49,24.67521988219157
DOGEUSDT,2025-12-29,B,NINJA,58,25.740559895833325
DOGSUSDT,2025-04-23,B,TREND,84,32.464929859719426
DOGSUSDT,2025-05-10,B,TREND,91,10.457516339869265
DOGSUSDT,2025-07-10,B,TREND,96,10.852713178294572
DOTUSDT,2025-01-11,B+,NINJA,52,12.726194007712843
DOTUSDT,2025-01-12,B+,NINJA,60,14.595898673100116
DOTUSDT,2025-01-16,B+,TREND,75,6.2937062937062915
DOTUSDT,2025-01-17,B+,TREND,78,1.1462081833933047
DOTUSDT,2025-01-22,B+,NINJA,54,1.5355979525360608
DOTUSDT,2025-01-28,B+,NINJA,39,15.046910957691617
DOTUSDT,2025-02-11,B+,NINJA,68,11.831981700977323
DOTUSDT,2025-02-13,B+,TREND,67,4.813876437341635
DOTUSDT,2025-02-17,B+,NINJA,36,9.182004089979557
DOTUSDT,2025-02-18,B+,NINJA,46,11.952191235059772
DOTUSDT,2025-02-19,B+,NINJA,53,9.27138763814983
DOTUSDT,2025-02-26,B+,NINJA,76,10.433319310054712
DOTUSDT,2025-03-01,B+,NINJA,59,12.564322469982848
DOTUSDT,2025-03-03,B+,NINJA,55,4.56069751844399
DOTUSDT,2025-03-06,B+,NINJA,58,5.551794177386582
DOTUSDT,2025-03-13,B+,NINJA,60,15.448379804069345
DOTUSDT,2025-03-15,B+,TREND,88,9.749367670728892
DOTUSDT,2025-03-17,B+,TREND,77,9.221967963386724
DOTUSDT,2025-03-19,B+,TREND,91,5.1784927280740245
DOTUSDT,2025-03-22,B+,NINJA,58,7.354925775978405
DOTUSDT,2025-04-04,B+,NINJA,54,0.8426270136307368
DOTUSDT,2025-04-08,B+,NINJA,38,12.966252220248652
DOTUSDT,2025-04-10,B+,NINJA,48,14.12070459139474
DOTUSDT,2025-04-17,B+,NINJA,55,20.36323610346724
DOTUSDT,2025-04-19,B+,TREND,82,12.731958762886597
DOTUSDT,2025-04-20,B+,TREND,90,12.790097988653937
DOTUSDT,2025-04-23,B+,TREND,93,6.865379916931347
DOTUSDT,2025-04-25,B+,TREND,80,2.5387870239774513
DOTUSDT,2025-04-29,B+,NINJA,62,17.26549312756209
DOTUSDT,2025-05-02,B+,NINJA,64,29.77649603460708
DOTUSDT,2025-05-07,B+,NINJA,65,36.0544217687075
DOTUSDT,2025-05-09,B+,TREND,92,12.523442383829963
DOTUSDT,2025-05-10,B+,TREND,93,1.714070446411764
DOTUSDT,2025-05-14,B+,NINJA,55,2.8112449799196693
DOTUSDT,2025-05-16,B+,NINJA,35,7.67613038906414
DOTUSDT,2025-05-20,B+,NINJA,61,9.471883686123594
DOTUSDT,2025-05-23,B+,NINJA,68,2.652926989695259
DOTUSDT,2025-05-26,B+,NINJA,42,4.789615040286499
DOTUSDT,2025-05-29,B+,NINJA,65,0.6001846722068382
DOTUSDT,2025-06-03,B+,NINJA,58,5.051970026589325
DOTUSDT,2025-06-08,B+,NINJA,61,7.975155279503099
DOTUSDT,2025-06-10,B+,TREND,83,1.2109920819748599
DOTUSDT,2025-06-16,B+,NINJA,67,1.2997140629061654
DOTUSDT,2025-06-28,B+,NINJA,63,7.572644555327268
DOTUSDT,2025-06-30,B+,NINJA,66,14.601118634088905
DOTUSDT,2025-07-03,B+,TREND,66,16.13450127154563
DOTUSDT,2025-07-06,B+,NINJA,50,25.743740795287184
DOTUSDT,2025-07-07,B+,NINJA,65,27.72336004749183
DOTUSDT,2025-07-10,B+,TREND,95,19.144550373615044
DOTUSDT,2025-07-11,B+,TREND,88,19.60583567954952
DOTUSDT,2025-07-14,B+,NINJA,63,18.30379746835442
DOTUSDT,2025-07-18,B+,NINJA,73,10.551218358173632
DOTUSDT,2025-07-20,B+,TREND,68,4.308035714285707
DOTUSDT,2025-07-21,B+,TREND,72,1.2224938875305735
DOTUSDT,2025-07-23,B+,NINJA,50,4.7653780695356085
DOTUSDT,2025-07-26,B+,NINJA,62,4.485935984481104
DOTUSDT,2025-07-27,B+,NINJA,68,1.6273584905660332
DOTUSDT,2025-07-28,B+,NINJA,64,3.0012610340479196
DOTUSDT,2025-07-31,B+,NINJA,37,13.552417164584462
DOTUSDT,2025-08-04,B+,NINJA,65,17.500000000000004
DOTUSDT,2025-08-08,B+,TREND,93,9.851721538074898
DOTUSDT,2025-08-09,B+,TREND,87,5.630739487675229
DOTUSDT,2025-08-10,B+,TREND,75,8.032624814631738
DOTUSDT,2025-08-13,B+,TREND,83,2.221702525725
DOTUSDT,2025-08-14,B+,NINJA,72,7.451078775715003
DOTUSDT,2025-08-16,B+,NINJA,51,7.992939989914283
DOTUSDT,2025-08-17,B+,NINJA,65,5.726980992347563
DOTUSDT,2025-08-21,B+,NINJA,59,12.799578614695829
DOTUSDT,2025-08-24,B+,TREND,74,0.8759124087591053
DOTUSDT,2025-08-27,B+,NINJA,56,4.795413083137867
DOTUSDT,2025-08-31,B+,NINJA,62,12.96098343132015
DOTUSDT,2025-09-02,B+,NINJA,62,13.141361256544503
DOTUSDT,2025-09-10,B+,TREND,85,15.796963946869047
DOTUSDT,2025-09-11,B+,TREND,91,15.087223008015084
DOTUSDT,2025-09-13,B+,TREND,85,8.682101513802309
DOTUSDT,2025-09-16,B+,NINJA,44,14.789560310369133
DOTUSDT,2025-09-17,B+,NINJA,54,10.87894617306382
DOTUSDT,2025-09-18,B+,TREND,91,7.699095521729515
DOTUSDT,2025-09-27,B+,NINJA,52,14.142453072769356
DOTUSDT,2025-10-02,B+,TREND,89,3.088713423130507
DOTUSDT,2025-10-07,B+,NINJA,66,3.67238463396955
DOTUSDT,2025-10-09,B+,NINJA,52,5.300613496932516
DOTUSDT,2025-10-30,B+,NINJA,55,23.0581678857541
DOTUSDT,2025-11-01,B+,NINJA,62,18.916189835072352
DOTUSDT,2025-11-02,B+,NINJA,74,18.358458961474035
DOTUSDT,2025-11-06,B+,NINJA,55,32.37167478456351
DOTUSDT,2025-11-08,B+,TREND,76,4.151291512915134
DOTUSDT,2025-11-10,B+,TREND,58,3.704837721984089
DOTUSDT,2025-11-11,B+,NINJA,61,3.012442698100859
DOTUSDT,2025-11-13,B+,NINJA,33,3.3648790746582335
DOTUSDT,2025-11-15,B+,NINJA,43,2.3658192090395547
DOTUSDT,2025-11-16,B+,NINJA,46,2.981321839080464
DOTUSDT,2025-11-19,B+,NINJA,44,4.7548291233283635
DOTUSDT,2025-11-20,B+,NINJA,48,1.9661816751867844
DOTUSDT,2025-11-25,B+,NINJA,48,4.529616724738683
DOTUSDT,2025-11-30,B+,NINJA,36,8.597285067873294
DOTUSDT,2025-12-03,B+,TREND,82,1.1411665257818893
DOTUSDT,2025-12-04,B+,TREND,69,5.325704225352124
DOTUSDT,2025-12-08,B+,NINJA,61,12.400187881634551
DOTUSDT,2025-12-10,B+,NINJA,73,0.136986301369868
DOTUSDT,2025-12-12,B+,NINJA,38,2.286282306163012
DOTUSDT,2025-12-13,B+,NINJA,48,0.39254170755642637
DOTUSDT,2025-12-14,B+,NINJA,36,2.9713114754098324
DOTUSDT,2025-12-20,B+,NINJA,53,5.240174672489073
DOTUSDT,2025-12-22,B+,NINJA,51,13.957399103139
DOTUSDT,2025-12-25,B+,NINJA,36,31.750741839762608
DOTUSDT,2025-12-26,B+,NINJA,52,29.889727219965167
DOTUSDT,2025-12-28,B+,TREND,75,22.096164235548343
DUSKUSDT,2025-04-23,B-,TREND,98,6.884875846501148
DYDXUSDT,2025-02-21,B,NINJA,63,4.471283566748041
DYDXUSDT,2025-02-23,B,NINJA,61,0.9743589743589576
DYDXUSDT,2025-04-23,B,TREND,91,5.906976744186054
DYDXUSDT,2025-04-26,B,TREND,95,0.9672619047619069
DYDXUSDT,2025-05-09,B,TREND,92,10.878417684700414
DYDXUSDT,2025-06-11,B,NINJA,85,0.06938421509106174
DYDXUSDT,2025-06-15,B,NINJA,56,4.0855656195798895
DYDXUSDT,2025-06-16,B,NINJA,58,3.743629949039584
DYDXUSDT,2025-06-18,B,NINJA,50,1.631609986239435
DYDXUSDT,2025-07-10,B,TREND,96,16.38353479255146
DYDXUSDT,2025-07-28,B,NINJA,70,3.0840656607527883
DYDXUSDT,2025-08-27,B,NINJA,51,5.975510204081624
DYDXUSDT,2025-08-28,B,NINJA,67,0.3400834750347803
DYDXUSDT,2025-08-29,B,NINJA,59,2.133245815556273
DYDXUSDT,2025-09-15,B,NINJA,45,24.613129174132588
DYDXUSDT,2025-10-30,B,NINJA,62,13.183915622940013
DYDXUSDT,2025-11-02,B,NINJA,71,14.423375815977613
DYDXUSDT,2025-12-10,B,NINJA,65,0.9457441513190723
DYMUSDT,2025-05-09,C+,TREND,98,33.66834170854271
EDUUSDT,2025-07-10,B-,TREND,93,13.759555246699096
EGLDUSDT,2025-01-11,B+,NINJA,54,12.111341427302325
EGLDUSDT,2025-01-12,B+,NINJA,63,15.216068167985398
EGLDUSDT,2025-01-16,B+,TREND,81,5.283648498331472
EGLDUSDT,2025-01-17,B+,TREND,84,1.2299465240641627
EGLDUSDT,2025-01-22,B+,NINJA,45,1.901998710509356
EGLDUSDT,2025-01-26,B+,NINJA,46,5.876358695652173
EGLDUSDT,2025-01-28,B+,NINJA,36,14.595588235294121
EGLDUSDT,2025-02-04,B+,NINJA,48,5.560420315236425
EGLDUSDT,2025-02-17,B+,NINJA,46,9.369449378330375
EGLDUSDT,2025-02-18,B+,NINJA,37,14.239332096474966
EGLDUSDT,2025-02-21,B+,NINJA,81,15.721304153640014
EGLDUSDT,2025-02-23,B+,NINJA,79,11.488812392426851
EGLDUSDT,2025-02-26,B+,NINJA,53,22.04427696655675
EGLDUSDT,2025-02-27,B+,NINJA,69,16.764308246958095
EGLDUSDT,2025-03-03,B+,NINJA,65,0.5307386112339607
EGLDUSDT,2025-03-05,B+,NINJA,38,3.698566805362935
EGLDUSDT,2025-03-06,B+,NINJA,47,2.1823472356935048
EGLDUSDT,2025-03-13,B+,NINJA,57,8.769931662870167
EGLDUSDT,2025-03-20,B+,NINJA,54,10.320088300220732
EGLDUSDT,2025-03-22,B+,NINJA,46,10.259238830667394
EGLDUSDT,2025-03-23,B+,NINJA,68,8.229561451001622
EGLDUSDT,2025-03-24,B+,TREND,81,3.5751295336787337
EGLDUSDT,2025-04-08,B+,NINJA,49,17.759999999999998
EGLDUSDT,2025-04-15,B+,NINJA,44,45.87892049598832
EGLDUSDT,2025-04-17,B+,NINJA,49,45.45454545454546
EGLDUSDT,2025-04-20,B+,NINJA,76,41.043723554301835
EGLDUSDT,2025-04-23,B+,TREND,93,29.449838187702284
EGLDUSDT,2025-04-29,B+,NINJA,45,25.431804645622403
EGLDUSDT,2025-05-11,B+,TREND,72,13.917525773195894
EGLDUSDT,2025-05-14,B+,NINJA,69,1.041150223103604
EGLDUSDT,2025-05-20,B+,NINJA,63,10.517711171662114
EGLDUSDT,2025-05-22,B+,TREND,91,2.735562310030404
EGLDUSDT,2025-05-23,B+,NINJA,67,5.869200670765795
EGLDUSDT,2025-05-26,B+,NINJA,65,5.5741360089186065
EGLDUSDT,2025-05-28,B+,NINJA,75,1.9944598337950037
EGLDUSDT,2025-06-03,B+,NINJA,68,1.821608040201017
EGLDUSDT,2025-06-07,B+,NINJA,63,5.123216601815828
EGLDUSDT,2025-06-10,B+,TREND,86,0.061804697156997435
EGLDUSDT,2025-06-16,B+,NINJA,54,0.8456659619450413
EGLDUSDT,2025-06-19,B+,NINJA,58,3.296703296703285
EGLDUSDT,2025-06-20,B+,NINJA,47,7.396226415094342
EGLDUSDT,2025-06-24,B+,TREND,79,4.578488372093026
EGLDUSDT,2025-06-30,B+,NINJA,77,12.481536189069441
EGLDUSDT,2025-07-03,B+,TREND,76,13.120567375886516
EGLDUSDT,2025-07-06,B+,NINJA,49,26.138909634055274
EGLDUSDT,2025-07-07,B+,NINJA,62,26.801801801801805
EGLDUSDT,2025-07-10,B+,TREND,95,18.547854785478556
EGLDUSDT,2025-07-11,B+,TREND,89,21.739130434782616
EGLDUSDT,2025-07-14,B+,NINJA,65,20.3125
EGLDUSDT,2025-07-20,B+,TREND,72,5.359179019384275
EGLDUSDT,2025-07-21,B+,TREND,78,3.479236812570141
EGLDUSDT,2025-07-23,B+,NINJA,53,3.2875074716078867
EGLDUSDT,2025-07-26,B+,NINJA,54,5.494505494505497
EGLDUSDT,2025-07-27,B+,NINJA,66,1.8867924528301883
EGLDUSDT,2025-07-28,B+,NINJA,59,2.7284263959390875
EGLDUSDT,2025-07-31,B+,NINJA,36,15.719298245614022
EGLDUSDT,2025-08-08,B+,TREND,88,9.073359073359066
EGLDUSDT,2025-08-09,B+,TREND,83,4.953560371517041
EGLDUSDT,2025-08-10,B+,TREND,76,5.47604231487242
EGLDUSDT,2025-08-11,B+,NINJA,55,12.177365982792843
EGLDUSDT,2025-08-13,B+,TREND,82,1.2544802867383575
EGLDUSDT,2025-08-14,B+,NINJA,78,7.742782152230987
EGLDUSDT,2025-08-16,B+,NINJA,56,6.6926575698505575
EGLDUSDT,2025-08-17,B+,NINJA,71,5.5269922879177535
EGLDUSDT,2025-08-21,B+,NINJA,69,11.54891304347827
EGLDUSDT,2025-08-25,B+,NINJA,47,9.915611814345993
EGLDUSDT,2025-08-27,B+,NINJA,64,5.394470667565754
EGLDUSDT,2025-08-29,B+,NINJA,60,3.4674063800277377
EGLDUSDT,2025-08-31,B+,NINJA,45,5.21861777150916
EGLDUSDT,2025-09-02,B+,NINJA,58,2.1739130434782705
EGLDUSDT,2025-09-03,B+,NINJA,60,5.840455840455849
EGLDUSDT,2025-09-05,B+,NINJA,45,10.911701363962667
EGLDUSDT,2025-09-06,B+,NINJA,48,13.519470977222635
EGLDUSDT,2025-09-07,B+,NINJA,50,12.609329446064121
EGLDUSDT,2025-09-09,B+,NINJA,72,10.199714693295281
EGLDUSDT,2025-09-11,B+,NINJA,78,9.03316866619619
EGLDUSDT,2025-09-15,B+,NINJA,75,6.258992805755392
EGLDUSDT,2025-09-17,B+,NINJA,61,2.712100139082052
EGLDUSDT,2025-09-18,B+,NINJA,84,2.0732550103662595
EGLDUSDT,2025-09-19,B+,NINJA,74,4.261363636363624
EGLDUSDT,2025-10-02,B+,TREND,85,2.758132956152748
EGLDUSDT,2025-10-07,B+,NINJA,54,7.946026986506749
EGLDUSDT,2025-10-09,B+,NINJA,47,8.679245283018865
EGLDUSDT,2025-10-10,B+,NINJA,60,31.685393258426963
EGLDUSDT,2025-10-18,B+,NINJA,52,6.680369989722501
EGLDUSDT,2025-10-19,B+,NINJA,59,5.487804878048785
EGLDUSDT,2025-10-25,B+,NINJA,64,3.2553407934893253
EGLDUSDT,2025-10-30,B+,NINJA,57,19.277108433734934
EGLDUSDT,2025-11-06,B+,NINJA,46,28.875739644970434
EGLDUSDT,2025-11-08,B+,TREND,80,5.728155339805818
EGLDUSDT,2025-11-15,B+,NINJA,43,1.9495412844036775
EGLDUSDT,2025-11-16,B+,NINJA,48,2.2592152199762072
EGLDUSDT,2025-11-19,B+,NINJA,50,3.406326034063256
EGLDUSDT,2025-11-20,B+,NINJA,48,5.35714285714286
EGLDUSDT,2025-11-24,B+,NINJA,62,4.82233502538072
EGLDUSDT,2025-11-27,B+,NINJA,59,10.318471337579616
EGLDUSDT,2025-12-08,B+,NINJA,66,5.735660847880308
EGLDUSDT,2025-12-13,B+,NINJA,58,0.53475935828875
EGLDUSDT,2025-12-14,B+,NINJA,57,2.8169014084507005
EGLDUSDT,2025-12-25,B+,NINJA,39,4.885993485342022
EGLDUSDT,2025-12-28,B+,NINJA,53,12.111292962356778
EIGENUSDT,2025-05-11,B,TREND,81,17.253774263120047
EIGENUSDT,2025-07-10,B,TREND,96,18.405797101449274
EIGENUSDT,2025-08-09,B,TREND,94,16.8296089385475
ENAUSDT,2025-07-10,B,TREND,96,65.57480314960628
ENJUSDT,2025-02-15,B,NINJA,63,4.079999999999995
ENJUSDT,2025-02-18,B,NINJA,42,12.445980985306825
ENJUSDT,2025-02-19,B,NINJA,60,7.877280265339959
ENJUSDT,2025-02-21,B,NINJA,73,5.210084033613449
ENJUSDT,2025-02-23,B,NINJA,68,0.9917355371900971
ENJUSDT,2025-03-22,B,NINJA,59,11.855104281009886
ENJUSDT,2025-03-23,B,NINJA,74,11.244541484716164
ENJUSDT,2025-03-26,B,NINJA,84,2.6915113871635477
ENJUSDT,2025-05-26,B,NINJA,68,8.000000000000007
ENJUSDT,2025-06-19,B,NINJA,48,5.666156202143968
ENJUSDT,2025-06-30,B,NINJA,78,15.045592705167188
ENJUSDT,2025-07-06,B,NINJA,56,27.439024390243883
ENJUSDT,2025-07-07,B,NINJA,69,28.6153846153846
ENJUSDT,2025-07-10,B,TREND,91,22.902796271637804
ENJUSDT,2025-07-21,B,TREND,91,0.32679738562091387
ENJUSDT,2025-08-11,B,NINJA,55,14.163090128755362
ENJUSDT,2025-08-14,B,NINJA,80,7.042253521126773
ENJUSDT,2025-08-17,B,NINJA,69,6.591865357643756
ENJUSDT,2025-08-21,B,NINJA,67,10.787172011661816
ENJUSDT,2025-09-02,B,NINJA,63,6.932153392330376
ENJUSDT,2025-09-03,B,NINJA,70,10.176991150442483
ENJUSDT,2025-09-06,B,NINJA,62,13.698630136986312
ENJUSDT,2025-09-07,B,NINJA,66,12.5
ENJUSDT,2025-09-17,B,NINJA,71,2.9453015427770124
ENJUSDT,2025-09-21,B,NINJA,51,0.4451038575667532
ENJUSDT,2025-10-30,B,NINJA,55,20.4506490325741
ENJUSDT,2025-12-07,B,NINJA,76,20.20807061790668
ENJUSDT,2025-12-12,B,NINJA,45,1.2444160816847516
ENJUSDT,2025-12-13,B,NINJA,56,0.15847860538826808
ENJUSDT,2025-12-14,B,NINJA,49,1.3981358189081305
ENSUSDT,2025-07-10,B-,TREND,97,37.84277879341866
EPTUSDT,2025-10-24,C+,TREND,89,8.130749014454675
ETCUSDT,2025-01-11,B+,NINJA,48,12.211350293542079
ETCUSDT,2025-01-12,B+,NINJA,60,13.499604117181319
ETCUSDT,2025-01-16,B+,TREND,76,9.55056179775282
ETCUSDT,2025-01-17,B+,TREND,80,3.5031847133757843
ETCUSDT,2025-01-22,B+,NINJA,63,9.019754006708913
ETCUSDT,2025-01-24,B+,NINJA,59,1.4968966776195636
ETCUSDT,2025-01-26,B+,NINJA,38,6.147384497899955
ETCUSDT,2025-01-28,B+,NINJA,44,11.289031224979995
ETCUSDT,2025-02-09,B+,NINJA,64,8.883374689826319
ETCUSDT,2025-02-11,B+,NINJA,67,8.506429277942651
ETCUSDT,2025-02-13,B+,TREND,73,3.7842951750236553
ETCUSDT,2025-02-17,B+,NINJA,41,3.4449760765550286
ETCUSDT,2025-02-18,B+,NINJA,49,7.135777998017856
ETCUSDT,2025-02-23,B+,NINJA,68,2.650602409638547
ETCUSDT,2025-02-26,B+,NINJA,51,14.125799573560748
ETCUSDT,2025-02-27,B+,NINJA,53,14.430785676109025
ETCUSDT,2025-03-03,B+,NINJA,59,14.491978609625678
ETCUSDT,2025-03-09,B+,NINJA,35,4.740658114891261
ETCUSDT,2025-03-13,B+,NINJA,59,4.134078212290504
ETCUSDT,2025-03-17,B+,NINJA,54,4.767246214245668
ETCUSDT,2025-03-20,B+,NINJA,60,4.4158747903856765
ETCUSDT,2025-03-22,B+,NINJA,43,5.715902659875494
ETCUSDT,2025-04-01,B+,NINJA,52,2.542874039030152
ETCUSDT,2025-04-04,B+,NINJA,48,0.8615384615384691
ETCUSDT,2025-04-05,B+,NINJA,54,0.6297229219143663
ETCUSDT,2025-04-08,B+,NINJA,48,12.43781094527363
ETCUSDT,2025-04-17,B+,NINJA,41,17.175066312997366
ETCUSDT,2025-04-19,B+,TREND,88,10.783699059561137
ETCUSDT,2025-04-21,B+,NINJA,78,13.124199743918075
ETCUSDT,2025-04-23,B+,TREND,89,5.3039332538736605
ETCUSDT,2025-04-25,B+,TREND,80,2.4941995359629043
ETCUSDT,2025-04-26,B+,TREND,64,3.7580739870816338
ETCUSDT,2025-04-29,B+,NINJA,51,18.410041841004166
ETCUSDT,2025-05-07,B+,NINJA,65,29.771463866584313
ETCUSDT,2025-05-08,B+,TREND,84,12.775093934514237
ETCUSDT,2025-05-09,B+,TREND,83,9.370119729307657
ETCUSDT,2025-05-10,B+,TREND,93,1.497584541062813
ETCUSDT,2025-05-11,B+,TREND,76,5.260521042084165
ETCUSDT,2025-05-14,B+,NINJA,56,1.4594866633115267
ETCUSDT,2025-05-16,B+,NINJA,32,7.807486631016047
ETCUSDT,2025-05-20,B+,NINJA,62,9.446254071661219
ETCUSDT,2025-05-22,B+,TREND,83,2.3869984763839502
ETCUSDT,2025-05-26,B+,NINJA,42,5.153508771929838
ETCUSDT,2025-05-29,B+,NINJA,66,0.6070640176600417
ETCUSDT,2025-06-10,B+,TREND,88,0.9159482758620774
ETCUSDT,2025-06-14,B+,NINJA,50,5.411906193625993
ETCUSDT,2025-06-15,B+,NINJA,56,5.0959232613909
ETCUSDT,2025-06-16,B+,NINJA,69,1.416765053128688
ETCUSDT,2025-06-19,B+,NINJA,64,2.6929982046678624
ETCUSDT,2025-06-20,B+,NINJA,65,6.451612903225801
ETCUSDT,2025-06-24,B+,TREND,74,5.477784540474739
ETCUSDT,2025-06-25,B+,TREND,73,6.843403205918608
ETCUSDT,2025-06-28,B+,NINJA,50,6.515058389674233
ETCUSDT,2025-06-30,B+,NINJA,81,11.874623267028328
ETCUSDT,2025-07-03,B+,TREND,81,11.359623307828159
ETCUSDT,2025-07-06,B+,NINJA,63,22.235576923076916
ETCUSDT,2025-07-07,B+,NINJA,79,22.54196642685853
ETCUSDT,2025-07-10,B+,TREND,92,40.237966468361286
ETCUSDT,2025-07-11,B+,TREND,83,42.00438116100764
ETCUSDT,2025-07-16,B+,TREND,84,30.432595573440647
ETCUSDT,2025-07-18,B+,TREND,85,11.863675582398624
ETCUSDT,2025-07-23,B+,NINJA,44,5.548158011540161
ETCUSDT,2025-07-26,B+,NINJA,66,4.252520824199912
ETCUSDT,2025-07-28,B+,NINJA,63,2.373345504335922
ETCUSDT,2025-07-31,B+,NINJA,37,18.6284046692607
ETCUSDT,2025-08-05,B+,NINJA,76,21.209117938553025
ETCUSDT,2025-08-10,B+,TREND,84,5.567544238239108
ETCUSDT,2025-08-13,B+,TREND,86,5.193734542456707
ETCUSDT,2025-08-16,B+,NINJA,59,14.030384271671137
ETCUSDT,2025-08-17,B+,NINJA,61,14.748201438848918
ETCUSDT,2025-08-21,B+,NINJA,58,21.46596858638743
ETCUSDT,2025-08-23,B+,TREND,78,0.9087154068566639
ETCUSDT,2025-08-27,B+,NINJA,54,2.138540213854001
ETCUSDT,2025-08-28,B+,NINJA,57,0.32272936837252075
ETCUSDT,2025-08-30,B+,NINJA,59,2.0534861509073465
ETCUSDT,2025-08-31,B+,NINJA,59,3.3365570599613203
ETCUSDT,2025-09-02,B+,NINJA,64,5.862566074002906
ETCUSDT,2025-09-03,B+,NINJA,73,8.11329812770043
ETCUSDT,2025-09-07,B+,NINJA,60,9.907271839921927
ETCUSDT,2025-09-13,B+,TREND,92,0.2266545784224805
ETCUSDT,2025-09-18,B+,NINJA,79,0.905192949023359
ETCUSDT,2025-09-21,B+,NINJA,33,0.35211267605634866
ETCUSDT,2025-09-27,B+,NINJA,51,11.397260273972588
ETCUSDT,2025-10-02,B+,TREND,92,2.740408570004993
ETCUSDT,2025-10-05,B+,NINJA,51,6.233900051519847
ETCUSDT,2025-10-07,B+,NINJA,54,8.355228586442465
ETCUSDT,2025-10-09,B+,NINJA,44,7.563901930099104
ETCUSDT,2025-10-10,B+,NINJA,68,23.99165507649512
ETCUSDT,2025-10-18,B+,NINJA,43,9.302325581395365
ETCUSDT,2025-10-19,B+,NINJA,59,7.428571428571429
ETCUSDT,2025-10-27,B+,TREND,73,1.0290556900726555
ETCUSDT,2025-10-30,B+,NINJA,56,22.373540856031138
ETCUSDT,2025-10-31,B+,NINJA,60,18.978562421185387
ETCUSDT,2025-11-04,B+,NINJA,48,32.23545900490541
ETCUSDT,2025-11-06,B+,NINJA,52,29.601648351648358
ETCUSDT,2025-11-08,B+,NINJA,66,2.4420024420024555
ETCUSDT,2025-11-10,B+,NINJA,55,1.758641600970301
ETCUSDT,2025-11-11,B+,NINJA,51,2.944942381562088
ETCUSDT,2025-11-15,B+,NINJA,50,0.39215686274509665
ETCUSDT,2025-11-16,B+,NINJA,49,2.3664638269100813
ETCUSDT,2025-11-22,B+,NINJA,54,6.217616580310881
ETCUSDT,2025-11-23,B+,NINJA,63,5.825958702064882
ETCUSDT,2025-11-27,B+,NINJA,48,3.3861671469740617
ETCUSDT,2025-11-30,B+,NINJA,51,4.515659140568085
ETCUSDT,2025-12-07,B+,NINJA,55,8.917682926829261
ETCUSDT,2025-12-08,B+,NINJA,64,6.324404761904767
ETCUSDT,2025-12-10,B+,NINJA,74,0.07309941520468044
ETCUSDT,2025-12-12,B+,NINJA,39,2.4748646558391263
ETCUSDT,2025-12-13,B+,NINJA,50,0.37907505686125553
ETCUSDT,2025-12-14,B+,NINJA,48,3.5183737294761652
ETCUSDT,2025-12-17,B+,NINJA,45,4.473902236951122
ETCUSDT,2025-12-25,B+,NINJA,39,10.987124463519304
ETHFIUSDT,2025-04-23,B,TREND,95,8.191126279863493
ETHFIUSDT,2025-05-09,B,TREND,88,121.22830440587448
ETHFIUSDT,2025-07-10,B,TREND,92,19.491525423728806
ETHUSDT,2025-01-12,B+,NINJA,62,7.909282894132752
ETHUSDT,2025-01-20,B+,NINJA,44,4.384896467722288
ETHUSDT,2025-01-22,B+,NINJA,60,6.004749275272925
ETHUSDT,2025-01-24,B+,NINJA,56,3.843400028398003
ETHUSDT,2025-01-28,B+,NINJA,38,11.683648934925861
ETHUSDT,2025-02-04,B+,NINJA,50,4.629849992127966
ETHUSDT,2025-02-06,B+,NINJA,59,4.12634368579341
ETHUSDT,2025-02-09,B+,NINJA,52,8.469918315456116
ETHUSDT,2025-02-11,B+,NINJA,53,9.494772515071514
ETHUSDT,2025-02-13,B+,NINJA,67,6.781719590264101
ETHUSDT,2025-02-20,B+,NINJA,70,4.357131378650436
ETHUSDT,2025-02-21,B+,NINJA,65,7.297784453623746
ETHUSDT,2025-03-01,B+,NINJA,50,15.026224525230125
ETHUSDT,2025-03-03,B+,NINJA,56,7.956221702086053
ETHUSDT,2025-03-05,B+,NINJA,51,3.497517387211735
ETHUSDT,2025-03-06,B+,NINJA,66,2.555172100626635
ETHUSDT,2025-03-09,B+,NINJA,45,6.532832444899794
ETHUSDT,2025-03-14,B+,NINJA,53,10.067742526090019
ETHUSDT,2025-03-22,B+,NINJA,65,6.231161867833945
ETHUSDT,2025-03-23,B+,NINJA,73,4.891350405535433
ETHUSDT,2025-03-28,B+,NINJA,38,3.168327270810267
ETHUSDT,2025-04-01,B+,NINJA,59,2.73073733057565
ETHUSDT,2025-04-04,B+,NINJA,42,0.5735137901996312
ETHUSDT,2025-04-05,B+,NINJA,51,0.6085237623268958
ETHUSDT,2025-04-06,B+,NINJA,47,7.005491029631328
ETHUSDT,2025-04-10,B+,NINJA,55,11.118410247988187
ETHUSDT,2025-04-17,B+,NINJA,43,17.292658592339084
ETHUSDT,2025-04-18,B+,NINJA,52,16.924965378320532
ETHUSDT,2025-04-20,B+,NINJA,63,17.01630380002017
ETHUSDT,2025-04-21,B+,NINJA,60,18.58733706008597
ETHUSDT,2025-04-23,B+,TREND,83,4.350805261076185
ETHUSDT,2025-04-26,B+,TREND,71,2.8716884143930477
ETHUSDT,2025-04-27,B+,NINJA,60,4.571007486225009
ETHUSDT,2025-04-29,B+,NINJA,57,38.54467379756481
ETHUSDT,2025-05-04,B+,NINJA,46,51.39369547670909
ETHUSDT,2025-05-06,B+,NINJA,60,50.71546505228399
ETHUSDT,2025-05-08,B+,TREND,80,24.06054208816748
ETHUSDT,2025-05-09,B+,TREND,82,16.778391839798033
ETHUSDT,2025-05-11,B+,TREND,78,8.905299912112197
ETHUSDT,2025-05-16,B+,NINJA,43,7.769045216623582
ETHUSDT,2025-05-18,B+,NINJA,44,9.466406168677777
ETHUSDT,2025-05-22,B+,TREND,82,4.6224510473502844
ETHUSDT,2025-05-26,B+,NINJA,64,8.749073604555925
ETHUSDT,2025-05-29,B+,NINJA,83,1.842752309615836
ETHUSDT,2025-06-07,B+,NINJA,52,14.045226429219326
ETHUSDT,2025-06-08,B+,NINJA,56,14.717729886087906
ETHUSDT,2025-06-10,B+,TREND,91,2.230507030251383
ETHUSDT,2025-06-14,B+,NINJA,37,5.910477485024268
ETHUSDT,2025-06-15,B+,NINJA,38,5.209981119559126
ETHUSDT,2025-06-16,B+,NINJA,53,2.9255120530467638
ETHUSDT,2025-06-19,B+,NINJA,46,1.8991559306974715
ETHUSDT,2025-06-20,B+,NINJA,48,4.924599728234913
ETHUSDT,2025-06-26,B+,TREND,64,9.087070977996326
ETHUSDT,2025-06-30,B+,TREND,79,20.70151721807143
ETHUSDT,2025-07-01,B+,NINJA,56,26.409037800258627
ETHUSDT,2025-07-07,B+,NINJA,77,38.593158136955275
ETHUSDT,2025-07-10,B+,TREND,97,29.589433773028073
ETHUSDT,2025-07-11,B+,TREND,90,30.483872058197157
ETHUSDT,2025-07-14,B+,TREND,71,28.085160040084677
ETHUSDT,2025-07-16,B+,TREND,89,14.494193720616376
ETHUSDT,2025-07-17,B+,TREND,90,11.589446830051164
ETHUSDT,2025-07-18,B+,TREND,82,11.110484589446612
ETHUSDT,2025-07-20,B+,TREND,92,4.9061807069521235
ETHUSDT,2025-07-21,B+,TREND,77,4.748918888029485
ETHUSDT,2025-07-23,B+,NINJA,45,8.618660581155302
ETHUSDT,2025-07-24,B+,NINJA,48,6.314102737028393
ETHUSDT,2025-07-31,B+,NINJA,48,17.148272626737594
ETHUSDT,2025-08-08,B+,TREND,95,19.41638608305274
ETHUSDT,2025-08-10,B+,TREND,83,12.643716019263307
ETHUSDT,2025-08-13,B+,TREND,93,2.91179752805677
ETHUSDT,2025-08-17,B+,NINJA,49,10.832161311888889
ETHUSDT,2025-08-21,B+,NINJA,51,17.31190684685111
ETHUSDT,2025-08-23,B+,TREND,69,3.7330487192365647
ETHUSDT,2025-08-24,B+,TREND,76,0.3727916487976435
ETHUSDT,2025-08-27,B+,NINJA,54,2.82378941622603
ETHUSDT,2025-08-31,B+,NINJA,71,2.2771828599922994
ETHUSDT,2025-09-04,B+,NINJA,63,10.978580819304007
ETHUSDT,2025-09-07,B+,NINJA,56,10.755911838539411
ETHUSDT,2025-09-08,B+,NINJA,67,10.751282402580365
ETHUSDT,2025-09-13,B+,TREND,92,0.5535162101175883
ETHUSDT,2025-09-16,B+,NINJA,39,3.1808659295446517
ETHUSDT,2025-09-17,B+,NINJA,52,1.175027720110755
ETHUSDT,2025-09-21,B+,NINJA,46,0.24274629525058433
ETHUSDT,2025-09-27,B+,NINJA,55,18.33126782434713
ETHUSDT,2025-09-30,B+,TREND,73,14.712374702966136
ETHUSDT,2025-10-02,B+,TREND,90,6.035434343884827
ETHUSDT,2025-10-03,B+,TREND,91,5.365321846186566
ETHUSDT,2025-10-05,B+,TREND,70,5.3314784951000505
ETHUSDT,2025-10-07,B+,NINJA,63,2.4799334487487945
ETHUSDT,2025-10-09,B+,NINJA,45,0.5846949124216794
ETHUSDT,2025-10-18,B+,NINJA,51,9.372340398178558
ETHUSDT,2025-10-19,B+,NINJA,63,6.808149491033455
ETHUSDT,2025-10-23,B+,NINJA,43,10.291433312590748
ETHUSDT,2025-10-24,B+,NINJA,61,8.10291546374986
ETHUSDT,2025-10-27,B+,TREND,90,1.3446112398820542
ETHUSDT,2025-10-31,B+,NINJA,51,1.8253685690451382
ETHUSDT,2025-11-01,B+,NINJA,68,1.1477191469808412
ETHUSDT,2025-11-06,B+,NINJA,51,10.371809335352356
ETHUSDT,2025-11-08,B+,NINJA,59,7.569285405599269
ETHUSDT,2025-11-10,B+,TREND,75,2.254018526563617
ETHUSDT,2025-11-13,B+,NINJA,40,0.7788856087190599
ETHUSDT,2025-11-16,B+,NINJA,49,4.13822291287731
ETHUSDT,2025-11-17,B+,NINJA,48,4.569115667801427
ETHUSDT,2025-11-19,B+,NINJA,51,2.4300276319790592
ETHUSDT,2025-11-23,B+,NINJA,61,14.73256345105205
ETHUSDT,2025-11-27,B+,TREND,81,7.466097113653025
ETHUSDT,2025-12-04,B+,TREND,93,10.027255957054315
ETHUSDT,2025-12-07,B+,NINJA,67,12.666960798731974
ETHUSDT,2025-12-10,B+,TREND,79,0.0971679893145394
ETHUSDT,2025-12-12,B+,NINJA,50,3.0030536231790084
ETHUSDT,2025-12-14,B+,NINJA,52,3.721233882813779
ETHUSDT,2025-12-15,B+,NINJA,54,3.7958075450697404
ETHUSDT,2025-12-19,B+,NINJA,57,3.285450578956195
ETHUSDT,2025-12-25,B+,NINJA,37,9.065927443654331
ETHUSDT,2025-12-26,B+,NINJA,50,11.532484742092697
ETHUSDT,2025-12-28,B+,NINJA,74,12.130156460210584
ETHUSDT,2025-12-29,B+,NINJA,77,12.626706150651824
ETHWUSDT,2025-02-18,B,NINJA,57,1.9104417264732776
ETHWUSDT,2025-02-19,B,NINJA,47,7.725275902710815
ETHWUSDT,2025-02-21,B,NINJA,57,10.425592687803498
ETHWUSDT,2025-02-23,B,NINJA,70,3.7295411859404437
ETHWUSDT,2025-03-05,B,NINJA,56,2.8456469765000936
ETHWUSDT,2025-03-06,B,NINJA,68,3.603495028623094
ETHWUSDT,2025-03-26,B,NINJA,82,2.7663331371394984
ETHWUSDT,2025-04-01,B,NINJA,62,0.19677866044749415
ETHWUSDT,2025-05-16,B,NINJA,40,13.28843338213761
ETHWUSDT,2025-05-18,B,NINJA,58,9.05400834366894
ETHWUSDT,2025-05-20,B,NINJA,71,13.401336616250425
ETHWUSDT,2025-05-23,B,NINJA,85,2.337767029423632
ETHWUSDT,2025-05-25,B,NINJA,51,1.604895508601789
ETHWUSDT,2025-05-26,B,NINJA,54,4.283936718611137
ETHWUSDT,2025-05-27,B,NINJA,54,3.1229858791820497
ETHWUSDT,2025-05-29,B,NINJA,66,0.6008739985433387
ETHWUSDT,2025-06-18,B,NINJA,46,1.1529258211877336
ETHWUSDT,2025-06-19,B,NINJA,49,2.0462046204620554
ETHWUSDT,2025-07-06,B,NINJA,48,32.753116448768615
ETHWUSDT,2025-07-07,B,NINJA,65,33.53384603670144
ETHWUSDT,2025-07-08,B,NINJA,67,56.051660516605175
ETHWUSDT,2025-07-10,B,TREND,97,41.789043116743784
ETHWUSDT,2025-08-04,B,NINJA,76,16.401461209832213
ETHWUSDT,2025-08-17,B,NINJA,72,32.732407908178615
ETHWUSDT,2025-08-21,B,NINJA,59,41.317978246960976
ETHWUSDT,2025-09-17,B,NINJA,62,1.7823237581919393
ETHWUSDT,2025-09-18,B,NINJA,85,1.6142839672251386
ETHWUSDT,2025-09-21,B,NINJA,57,0.38100076200151545
ETHWUSDT,2025-10-02,B,TREND,91,2.3537234042553257
ETHWUSDT,2025-11-01,B,NINJA,69,2.0277597050531337
ETHWUSDT,2025-12-07,B,NINJA,70,8.195848855774358
ETHWUSDT,2025-12-10,B,NINJA,69,1.8079691065473025
EULUSDT,2025-12-01,C-,NINJA,58,7.507871155243406
EULUSDT,2025-12-03,C-,NINJA,73,0.13786764705880916
EULUSDT,2025-12-08,C-,NINJA,69,1.9313850063532367
FARTCOINUSDT,2025-05-22,B,TREND,91,6.03742043335691
FARTCOINUSDT,2025-06-10,B,TREND,93,11.21508782032825
FILUSDT,2025-01-11,B,NINJA,61,14.49163943878531
FILUSDT,2025-01-12,B,NINJA,63,17.102417928051892
FILUSDT,2025-01-22,B,NINJA,62,3.999200159967997
FILUSDT,2025-01-24,B,NINJA,58,3.4702832070203415
FILUSDT,2025-01-28,B,NINJA,37,13.181299885974918
FILUSDT,2025-01-30,B,NINJA,63,3.223793677204667
FILUSDT,2025-02-15,B,NINJA,64,5.560433128475273
FILUSDT,2025-02-18,B,NINJA,37,11.671826625386995
FILUSDT,2025-02-21,B,NINJA,70,8.310749774164394
FILUSDT,2025-02-23,B,NINJA,70,5.391151479636691
FILUSDT,2025-02-26,B,NINJA,59,14.226738647189574
FILUSDT,2025-03-03,B,NINJA,53,5.047215890589385
FILUSDT,2025-03-06,B,NINJA,59,4.502753482345323
FILUSDT,2025-03-09,B,NINJA,34,11.087190527448886
FILUSDT,2025-03-13,B,NINJA,60,12.954876273653571
FILUSDT,2025-03-18,B,NINJA,55,9.781121751025989
FILUSDT,2025-03-22,B,NINJA,59,7.35785953177257
FILUSDT,2025-03-28,B,NINJA,40,22.31258840169732
FILUSDT,2025-04-01,B,NINJA,75,21.924568205851248
FILUSDT,2025-04-04,B,NINJA,44,0.43399638336347746
FILUSDT,2025-04-10,B,NINJA,51,14.437819420783637
FILUSDT,2025-04-18,B,NINJA,50,19.31540342298288
FILUSDT,2025-04-20,B,TREND,90,10.574018126888207
FILUSDT,2025-04-28,B,NINJA,49,6.871609403254975
FILUSDT,2025-04-29,B,NINJA,53,13.279824881430136
FILUSDT,2025-05-09,B,TREND,83,9.695565850430189
FILUSDT,2025-05-14,B,NINJA,53,3.507046869878727
FILUSDT,2025-05-16,B,NINJA,34,9.728978457261972
FILUSDT,2025-05-20,B,NINJA,62,10.265363128491622
FILUSDT,2025-05-26,B,NINJA,39,5.661053385883186
FILUSDT,2025-05-29,B,NINJA,65,0.614828209764906
FILUSDT,2025-06-03,B,NINJA,67,5.443471640654751
FILUSDT,2025-06-07,B,NINJA,53,10.490626246509759
FILUSDT,2025-06-08,B,NINJA,58,11.379171692802558
FILUSDT,2025-06-16,B,NINJA,67,1.3804303694681108
FILUSDT,2025-06-19,B,NINJA,45,3.15430520034099
FILUSDT,2025-06-20,B,NINJA,38,7.032286598850068
FILUSDT,2025-06-28,B,NINJA,49,7.756721022476842
FILUSDT,2025-06-30,B,NINJA,70,13.249348392701998
FILUSDT,2025-07-06,B,NINJA,51,19.55477957223919
FILUSDT,2025-07-07,B,NINJA,65,20.43859649122808
FILUSDT,2025-07-14,B,NINJA,63,17.475728155339798
FILUSDT,2025-07-23,B,NINJA,51,6.399091253313149
FILUSDT,2025-07-26,B,NINJA,60,5.480480480480487
FILUSDT,2025-07-28,B,NINJA,68,2.4932873034138936
FILUSDT,2025-07-31,B,NINJA,37,11.371237458193995
FILUSDT,2025-08-11,B,NINJA,53,11.781376518218622
FILUSDT,2025-08-14,B,NINJA,69,4.990019960079839
FILUSDT,2025-08-16,B,NINJA,53,3.870458135860977
FILUSDT,2025-08-17,B,NINJA,68,2.1101992966002348
FILUSDT,2025-08-21,B,NINJA,61,9.239130434782616
FILUSDT,2025-08-27,B,NINJA,53,9.055459272097055
FILUSDT,2025-08-28,B,NINJA,54,5.62316407889214
FILUSDT,2025-08-29,B,NINJA,55,10.881057268722461
FILUSDT,2025-08-31,B,NINJA,54,10.881057268722461
FILUSDT,2025-09-03,B,NINJA,54,13.782739373121489
FILUSDT,2025-09-04,B,NINJA,48,17.049469964664322
FILUSDT,2025-09-05,B,NINJA,66,13.006396588486124
FILUSDT,2025-09-21,B,NINJA,43,0.5843071786310716
FILUSDT,2025-09-27,B,NINJA,55,11.050228310502286
FILUSDT,2025-10-02,B,TREND,86,8.84696016771489
FILUSDT,2025-10-07,B,NINJA,55,13.859649122807038
FILUSDT,2025-10-09,B,NINJA,56,12.967798085291559
FILUSDT,2025-10-10,B,NINJA,59,4.094955489614249
FILUSDT,2025-10-15,B,NINJA,54,3.0548628428927582
FILUSDT,2025-10-19,B,NINJA,60,10.052219321148815
FILUSDT,2025-10-24,B,NINJA,61,14.467813894200132
FILUSDT,2025-10-25,B,NINJA,63,15.128205128205119
FILUSDT,2025-10-30,B,NINJA,56,171.56527682843472
FILUSDT,2025-11-11,B,NINJA,37,6.014362657091565
FILUSDT,2025-11-12,B,NINJA,29,1.775147928994092
FILUSDT,2025-11-13,B,NINJA,29,6.866537717601551
FILUSDT,2025-11-16,B,NINJA,47,12.755102040816336
FILUSDT,2025-11-18,B,NINJA,55,1.9637462235649439
FILUSDT,2025-11-20,B,NINJA,30,2.5824175824175732
FILUSDT,2025-11-23,B,NINJA,43,8.007448789571692
FILUSDT,2025-11-24,B,NINJA,43,5.9683313032886876
FILUSDT,2025-11-27,B,NINJA,65,3.584672435105052
FILUSDT,2025-11-30,B,NINJA,47,3.246339910884788
FILUSDT,2025-12-04,B,NINJA,77,3.2362459546925626
FILUSDT,2025-12-07,B,NINJA,57,9.621993127147753
FILUSDT,2025-12-08,B,NINJA,64,6.05053191489362
FILUSDT,2025-12-10,B,NINJA,66,0.13623978201635634
FILUSDT,2025-12-15,B,NINJA,52,9.889240506329111
FILUSDT,2025-12-17,B,NINJA,50,13.3877551020408
FILUSDT,2025-12-24,B,NINJA,45,24.07553107789142
FILUSDT,2025-12-25,B,NINJA,35,29.79423868312756
FIOUSDT,2025-02-20,B,NINJA,72,42.61339991677071
FIOUSDT,2025-02-21,B,NINJA,63,52.65033407572383
FIOUSDT,2025-02-23,B,NINJA,67,48.03455723542118
FIOUSDT,2025-03-23,B,NINJA,73,9.070034443168762
FIOUSDT,2025-03-26,B,NINJA,72,5.496946141032755
FIOUSDT,2025-04-23,B,TREND,86,38.16189896530737
FIOUSDT,2025-05-26,B,NINJA,58,7.287449392712553
FIOUSDT,2025-06-02,B,NINJA,73,5.9861373660995865
FIOUSDT,2025-06-16,B,NINJA,67,2.096010818120364
FIOUSDT,2025-06-19,B,NINJA,71,3.7697052775873985
FIOUSDT,2025-06-20,B,NINJA,66,7.4520936834634455
FIOUSDT,2025-06-30,B,NINJA,78,17.38535249828883
FIOUSDT,2025-07-30,B,NINJA,59,44.06682027649769
FIOUSDT,2025-07-31,B,NINJA,73,45.661036691904485
FIOUSDT,2025-08-03,B,NINJA,75,44.39953810623558
FIOUSDT,2025-09-03,B,NINJA,71,7.194244604316546
FIOUSDT,2025-09-05,B,NINJA,59,8.8037286380114
FIOUSDT,2025-09-06,B,NINJA,63,11.755319148936172
FIOUSDT,2025-09-07,B,NINJA,69,10.404624277456653
FIOUSDT,2025-09-12,B,NINJA,73,7.633196721311486
FIOUSDT,2025-10-09,B,NINJA,54,1.9875776397515477
FIOUSDT,2025-11-23,B,NINJA,69,33.763654419066526
FIOUSDT,2025-11-29,B,NINJA,63,28.530534351145032
FIOUSDT,2025-11-30,B,NINJA,44,30.523255813953497
FIOUSDT,2025-12-29,B,NINJA,54,6.446140797285849
FLOCKUSDT,2025-10-27,B,TREND,91,14.562722595963585
FLOWUSDT,2025-01-09,B-,NINJA,50,12.242090784044013
FLOWUSDT,2025-01-10,B-,NINJA,55,8.945260347129501
FLOWUSDT,2025-01-11,B-,NINJA,60,9.236947791164663
FLOWUSDT,2025-01-12,B-,NINJA,71,12.396694214876035
FLOWUSDT,2025-01-22,B-,NINJA,55,2.894356005788712
FLOWUSDT,2025-01-24,B-,NINJA,35,3.264094955489605
FLOWUSDT,2025-01-26,B-,NINJA,54,1.5105740181268867
FLOWUSDT,2025-01-28,B-,NINJA,37,11.074380165289277
FLOWUSDT,2025-01-30,B-,NINJA,61,4.510108864696738
FLOWUSDT,2025-02-17,B-,NINJA,47,6.923076923076921
FLOWUSDT,2025-02-18,B-,NINJA,49,10.756972111553797
FLOWUSDT,2025-02-21,B-,NINJA,69,3.488372093023262
FLOWUSDT,2025-02-23,B-,NINJA,64,1.538461538461533
FLOWUSDT,2025-02-27,B-,NINJA,60,9.090909090909104
FLOWUSDT,2025-03-01,B-,NINJA,60,11.86440677966103
FLOWUSDT,2025-03-03,B-,NINJA,54,4.026845637583887
FLOWUSDT,2025-03-06,B-,NINJA,56,2.9680365296803624
FLOWUSDT,2025-03-13,B-,NINJA,61,12.468193384223913
FLOWUSDT,2025-03-22,B-,NINJA,53,5.275779376498813
FLOWUSDT,2025-03-23,B-,NINJA,55,6.553398058252435
FLOWUSDT,2025-04-01,B-,NINJA,62,3.8659793814433074
FLOWUSDT,2025-04-04,B-,NINJA,55,0.7978723404255428
FLOWUSDT,2025-04-05,B-,NINJA,58,0.2702702702702675
FLOWUSDT,2025-04-10,B-,NINJA,56,11.504424778761058
FLOWUSDT,2025-04-17,B-,NINJA,49,20.52023121387283
FLOWUSDT,2025-04-29,B-,NINJA,55,8.977556109725683
FLOWUSDT,2025-05-06,B-,NINJA,60,29.268292682926834
FLOWUSDT,2025-05-07,B-,NINJA,64,28.918918918918912
FLOWUSDT,2025-05-09,B-,TREND,98,9.907834101382495
FLOWUSDT,2025-05-14,B-,NINJA,52,1.116071428571419
FLOWUSDT,2025-05-16,B-,NINJA,33,6.698564593301448
FLOWUSDT,2025-05-20,B-,NINJA,60,10.123456790123452
FLOWUSDT,2025-05-26,B-,NINJA,46,5.343511450381677
FLOWUSDT,2025-05-29,B-,NINJA,74,0.761421319796951
FLOWUSDT,2025-06-03,B-,NINJA,71,6.666666666666665
FLOWUSDT,2025-06-07,B-,NINJA,55,9.589041095890426
FLOWUSDT,2025-06-08,B-,NINJA,65,9.8901098901099
FLOWUSDT,2025-06-15,B-,NINJA,47,3.9772727272727293
FLOWUSDT,2025-06-16,B-,NINJA,62,1.4204545454545414
FLOWUSDT,2025-06-19,B-,NINJA,60,2.3323615160349753
FLOWUSDT,2025-06-20,B-,NINJA,47,1.4925373134328401
FLOWUSDT,2025-06-28,B-,NINJA,55,5.8103975535167995
FLOWUSDT,2025-06-30,B-,NINJA,68,14.02439024390243
FLOWUSDT,2025-07-06,B-,NINJA,54,26.29969418960243
FLOWUSDT,2025-07-07,B-,NINJA,66,27.300613496932513
FLOWUSDT,2025-07-23,B-,NINJA,41,4.3689320388349495
FLOWUSDT,2025-07-26,B-,NINJA,58,4.1162227602905554
FLOWUSDT,2025-07-28,B-,NINJA,53,3.544303797468351
FLOWUSDT,2025-07-30,B-,NINJA,48,1.8041237113401998
FLOWUSDT,2025-07-31,B-,NINJA,46,7.046070460704623
FLOWUSDT,2025-08-04,B-,NINJA,59,15.258855585831066
FLOWUSDT,2025-08-05,B-,NINJA,57,18.487394957983195
FLOWUSDT,2025-08-11,B-,NINJA,72,14.324324324324312
FLOWUSDT,2025-08-14,B-,NINJA,85,8.52713178294573
FLOWUSDT,2025-08-16,B-,NINJA,57,6.329113924050622
FLOWUSDT,2025-08-17,B-,NINJA,76,5.263157894736836
FLOWUSDT,2025-08-21,B-,NINJA,62,21.3903743315508
FLOWUSDT,2025-08-25,B-,NINJA,58,21.71581769436999
FLOWUSDT,2025-08-27,B-,NINJA,66,16.709511568123393
FLOWUSDT,2025-08-29,B-,NINJA,66,13.5
FLOWUSDT,2025-08-31,B-,NINJA,67,4.255319148936176
FLOWUSDT,2025-09-03,B-,NINJA,51,4.8192771084337505
FLOWUSDT,2025-09-04,B-,NINJA,45,9.571788413098226
FLOWUSDT,2025-09-06,B-,NINJA,46,9.022556390977442
FLOWUSDT,2025-09-07,B-,NINJA,52,9.296482412060293
FLOWUSDT,2025-09-09,B-,NINJA,66,7.673267326732658
FLOWUSDT,2025-09-17,B-,NINJA,61,3.658536585365857
FLOWUSDT,2025-09-18,B-,NINJA,84,1.674641148325362
FLOWUSDT,2025-09-19,B-,NINJA,67,1.0025062656641603
FLOWUSDT,2025-09-21,B-,NINJA,43,0.0
FLOWUSDT,2025-09-27,B-,NINJA,54,11.206896551724155
FLOWUSDT,2025-10-05,B-,NINJA,53,3.7735849056603765
FLOWUSDT,2025-10-07,B-,NINJA,39,4.189944134078205
FLOWUSDT,2025-10-09,B-,NINJA,43,1.949860724233976
FLOWUSDT,2025-10-10,B-,NINJA,49,20.78431372549019
FLOWUSDT,2025-10-19,B-,NINJA,58,3.985507246376785
FLOWUSDT,2025-10-20,B-,NINJA,71,3.610108303249082
FLOWUSDT,2025-10-24,B-,NINJA,66,3.9999999999999813
FLOWUSDT,2025-10-25,B-,NINJA,60,5.1470588235293935
FLOWUSDT,2025-10-27,B-,NINJA,56,2.564102564102577
FLOWUSDT,2025-10-30,B-,NINJA,47,17.05426356589146
FLOWUSDT,2025-11-01,B-,NINJA,69,13.108614232209725
FLOWUSDT,2025-11-06,B-,NINJA,52,26.890756302521
FLOWUSDT,2025-11-15,B-,NINJA,48,5.681818181818188
FLOWUSDT,2025-11-16,B-,NINJA,52,8.560311284046707
FLOWUSDT,2025-12-10,B-,NINJA,71,-0.4608294930875556
FLOWUSDT,2025-12-12,B-,NINJA,34,0.50761421319796
FLOWUSDT,2025-12-20,B-,NINJA,47,0.0
FLOWUSDT,2025-12-25,B-,NINJA,63,3.50877192982455
FLUXUSDT,2025-01-11,B-,NINJA,61,8.003487358326055
FLUXUSDT,2025-02-20,B-,NINJA,67,5.602716468590829
FLUXUSDT,2025-02-21,B-,NINJA,47,5.2261306532663365
FLUXUSDT,2025-02-23,B-,NINJA,61,0.799800049987498
FLUXUSDT,2025-03-23,B-,NINJA,73,14.813446619874405
FLUXUSDT,2025-03-28,B-,NINJA,47,1.0614101592115288
FLUXUSDT,2025-06-17,B-,NINJA,60,4.653567735263708
FLUXUSDT,2025-06-19,B-,NINJA,65,4.951005673027331
FLUXUSDT,2025-06-30,B-,NINJA,78,20.358974358974358
FLUXUSDT,2025-07-06,B-,NINJA,60,32.310737258782794
FLUXUSDT,2025-07-07,B-,NINJA,78,31.72413793103448
FLUXUSDT,2025-08-14,B-,NINJA,73,5.150812064965193
FLUXUSDT,2025-08-17,B-,NINJA,61,5.444392740809678
FLUXUSDT,2025-08-30,B-,NINJA,64,11.583011583011583
FLUXUSDT,2025-08-31,B-,NINJA,61,18.364274962368277
FLUXUSDT,2025-09-02,B-,NINJA,57,17.891054472763624
FLUXUSDT,2025-09-03,B-,NINJA,68,16.378885051800694
FLUXUSDT,2025-09-05,B-,NINJA,65,19.141414141414124
FLUXUSDT,2025-09-06,B-,NINJA,67,19.624746450304276
FLUXUSDT,2025-09-07,B-,NINJA,69,19.746192893401005
FLUXUSDT,2025-10-05,B-,NINJA,59,6.3941299790356565
FLUXUSDT,2025-10-07,B-,NINJA,58,3.6512261580381455
FLUXUSDT,2025-10-09,B-,NINJA,52,1.295196977873725
FLUXUSDT,2025-11-27,B-,NINJA,72,17.296389588581018
FLUXUSDT,2025-12-08,B-,NINJA,49,11.219946571682993
FLUXUSDT,2025-12-09,B-,NINJA,64,5.757832345469938
FLUXUSDT,2025-12-10,B-,NINJA,74,4.733218588640287
FLUXUSDT,2025-12-12,B-,NINJA,64,8.37043633125556
FLUXUSDT,2025-12-14,B-,NINJA,61,10.335448776065292
FORTHUSDT,2025-01-10,C+,NINJA,55,5.525812619502868
FORTHUSDT,2025-01-11,C+,NINJA,55,7.7088212334114115
FORTHUSDT,2025-01-12,C+,NINJA,57,9.743487770928617
FORTHUSDT,2025-02-10,C+,NINJA,60,6.8771414586392465
FORTHUSDT,2025-02-11,C+,NINJA,60,11.745138178096216
FORTHUSDT,2025-02-13,C+,NINJA,66,14.447368421052653
FORTHUSDT,2025-02-15,C+,NINJA,59,1.593726283835073
FORTHUSDT,2025-02-16,C+,NINJA,52,1.2855579868708888
FORTHUSDT,2025-03-06,C+,NINJA,54,3.730321697467498
FORTHUSDT,2025-03-08,C+,NINJA,56,0.2766251728907321
FORTHUSDT,2025-03-22,C+,NINJA,70,3.1590031590031487
FORTHUSDT,2025-03-25,C+,NINJA,61,1.4147688060731411
FORTHUSDT,2025-04-28,C+,NINJA,57,9.919177075679642
FORTHUSDT,2025-04-30,C+,NINJA,55,11.729055258467014
FORTHUSDT,2025-05-01,C+,NINJA,52,14.373420007222816
FORTHUSDT,2025-05-14,C+,NINJA,60,1.1788480970023718
FORTHUSDT,2025-05-20,C+,NINJA,72,4.216417910447756
FORTHUSDT,2025-06-03,C+,NINJA,63,12.08193979933112
FORTHUSDT,2025-06-14,C+,NINJA,52,8.098159509202452
FORTHUSDT,2025-06-16,C+,NINJA,71,5.256869772998796
FORTHUSDT,2025-06-20,C+,NINJA,51,2.290996784565924
FORTHUSDT,2025-07-31,C+,NINJA,46,10.61912225705328
FORTHUSDT,2025-08-27,C+,NINJA,69,2.090357383681729
FORTHUSDT,2025-08-30,C+,NINJA,53,1.6117729502452605
FORTHUSDT,2025-08-31,C+,NINJA,57,1.3195435092724805
FORTHUSDT,2025-09-02,C+,NINJA,56,1.8096272167933414
FORTHUSDT,2025-09-03,C+,NINJA,73,3.9625360230547635
FORTHUSDT,2025-09-05,C+,NINJA,67,4.150126308192004
FORTHUSDT,2025-09-06,C+,NINJA,67,5.598243688254656
FORTHUSDT,2025-09-11,C+,NINJA,76,5.443916697113638
FORTHUSDT,2025-09-17,C+,NINJA,69,4.897660818713456
FORTHUSDT,2025-09-21,C+,NINJA,61,0.22115739034278548
FORTHUSDT,2025-10-30,C+,NINJA,57,4.718693284936459
FORTHUSDT,2025-11-01,C+,NINJA,65,0.5312084993359889
FORTHUSDT,2025-12-08,C+,NINJA,64,5.61342592592593
FORTHUSDT,2025-12-12,C+,NINJA,52,2.0612485276796377
FORTHUSDT,2025-12-13,C+,NINJA,57,0.6387921022067422
FORTHUSDT,2025-12-14,C+,NINJA,51,2.709359605911321
FUNUSDT,2025-06-22,B-,TREND,92,69.07361747094045
FXSUSDT,2025-01-12,B+,NINJA,58,19.807692307692303
FXSUSDT,2025-02-13,B+,TREND,74,11.910112359550551
FXSUSDT,2025-02-21,B+,NINJA,82,2.9001074113855996
FXSUSDT,2025-02-27,B+,NINJA,66,6.242496998799529
FXSUSDT,2025-03-14,B+,TREND,75,37.5687232742822
FXSUSDT,2025-03-15,B+,TREND,82,21.1959423384944
FXSUSDT,2025-03-16,B+,TREND,81,26.641949152542388
FXSUSDT,2025-03-19,B+,TREND,75,10.387811634349031
FXSUSDT,2025-03-20,B+,TREND,75,11.6767865483419
FXSUSDT,2025-04-03,B+,NINJA,63,0.4756871035940913
FXSUSDT,2025-04-18,B+,NINJA,49,66.46706586826348
FXSUSDT,2025-04-23,B+,TREND,89,31.87855787476279
FXSUSDT,2025-04-25,B+,TREND,92,14.074681986048422
FXSUSDT,2025-04-26,B+,TREND,84,6.799846331156334
FXSUSDT,2025-05-09,B+,TREND,84,62.667751118340774
FXSUSDT,2025-05-10,B+,TREND,83,59.73419540229887
FXSUSDT,2025-05-11,B+,TREND,82,64.33850702143387
FXSUSDT,2025-05-14,B+,TREND,83,39.97481901164621
FXSUSDT,2025-05-18,B+,TREND,85,17.24228842604798
FXSUSDT,2025-06-03,B+,TREND,85,6.948138297872353
FXSUSDT,2025-06-07,B+,NINJA,62,14.361891219338773
FXSUSDT,2025-06-08,B+,NINJA,61,17.40875912408759
FXSUSDT,2025-06-11,B+,NINJA,84,1.5845676885980042
FXSUSDT,2025-06-15,B+,NINJA,61,4.745634016704625
FXSUSDT,2025-06-16,B+,NINJA,63,1.243684415079671
FXSUSDT,2025-07-07,B+,NINJA,71,75.49367088607595
FXSUSDT,2025-07-11,B+,TREND,90,86.06445755787564
FXSUSDT,2025-07-14,B+,NINJA,86,77.59965337954941
FXSUSDT,2025-07-16,B+,TREND,93,49.000363504180314
FXSUSDT,2025-07-17,B+,TREND,76,25.659104843654212
FXSUSDT,2025-07-18,B+,TREND,88,15.432272599267804
FXSUSDT,2025-07-19,B+,TREND,82,8.059384941675507
FXSUSDT,2025-08-04,B+,NINJA,70,13.716814159292046
FXSUSDT,2025-08-08,B+,TREND,84,4.733542319749229
FXSUSDT,2025-08-09,B+,TREND,92,4.166666666666652
FXSUSDT,2025-08-13,B+,TREND,86,0.7430340557275539
FXSUSDT,2025-08-14,B+,NINJA,66,6.263498920086397
FXSUSDT,2025-08-17,B+,NINJA,64,6.225260885210515
FXSUSDT,2025-08-27,B+,NINJA,55,9.434682964094732
FXSUSDT,2025-08-28,B+,NINJA,56,10.02304147465438
FXSUSDT,2025-08-31,B+,NINJA,68,22.68121590023384
FXSUSDT,2025-09-04,B+,NINJA,82,19.741346519589207
FXSUSDT,2025-10-30,B+,NINJA,55,7.6983503534956865
FXSUSDT,2025-11-02,B+,NINJA,80,0.5899705014749346
FXSUSDT,2025-11-03,B+,NINJA,66,8.887109687750193
FXSUSDT,2025-12-07,B+,NINJA,51,2.1794871794871717
FXSUSDT,2025-12-23,B+,TREND,76,96.52677279305357
GALAUSDT,2025-01-16,B+,TREND,82,10.018167661562405
GALAUSDT,2025-01-17,B+,TREND,82,1.4813016027197756
GALAUSDT,2025-04-20,B+,TREND,100,17.802056555269917
GALAUSDT,2025-04-23,B+,TREND,97,7.381370826010558
GALAUSDT,2025-04-25,B+,TREND,71,5.587557603686633
GALAUSDT,2025-04-26,B+,TREND,70,0.5646527385657851
GALAUSDT,2025-05-09,B+,TREND,98,20.71428571428573
GALAUSDT,2025-05-10,B+,TREND,93,5.861297539149901
GALAUSDT,2025-05-11,B+,TREND,85,7.0191431175934405
GALAUSDT,2025-05-22,B+,TREND,87,4.463437796771119
GALAUSDT,2025-06-10,B+,TREND,88,1.5100671140939603
GALAUSDT,2025-07-03,B+,TREND,85,20.931802835921665
GALAUSDT,2025-07-10,B+,TREND,97,21.500295333727127
GALAUSDT,2025-07-11,B+,TREND,89,23.135642982971216
GALAUSDT,2025-07-20,B+,TREND,77,5.06012024048097
GALAUSDT,2025-07-21,B+,TREND,74,1.870078740157477
GALAUSDT,2025-08-08,B+,TREND,92,12.779740871613665
GALAUSDT,2025-08-09,B+,TREND,79,6.9235064209938635
GALAUSDT,2025-08-10,B+,TREND,77,8.253250423968339
GALAUSDT,2025-08-13,B+,TREND,82,1.2169312169312274
GALAUSDT,2025-08-23,B+,TREND,81,1.7372421281216077
GALAUSDT,2025-09-13,B+,TREND,93,2.39520958083832
GALAUSDT,2025-09-18,B+,TREND,90,2.6746724890829743
GALAUSDT,2025-10-02,B+,TREND,88,3.0303030303030276
GALAUSDT,2025-11-08,B+,TREND,70,5.728155339805818
GALAUSDT,2025-11-10,B+,TREND,70,2.069614299153333
GALAUSDT,2025-12-04,B+,TREND,78,5.992010652463375
GASUSDT,2025-01-12,B+,NINJA,48,6.357061286638754
GASUSDT,2025-01-14,B+,NINJA,52,1.0501105379513653
GASUSDT,2025-01-19,B+,NINJA,40,9.4420600858369
GASUSDT,2025-01-20,B+,NINJA,41,3.9158508644032475
GASUSDT,2025-01-22,B+,NINJA,51,5.608465608465618
GASUSDT,2025-01-24,B+,NINJA,37,6.943849121303036
GASUSDT,2025-01-26,B+,NINJA,61,5.653186533982635
GASUSDT,2025-01-28,B+,NINJA,38,11.284567350579856
GASUSDT,2025-02-04,B+,NINJA,49,5.905105724600301
GASUSDT,2025-02-05,B+,NINJA,46,7.204385277995318
GASUSDT,2025-02-09,B+,NINJA,68,8.474135690148167
GASUSDT,2025-02-11,B+,NINJA,67,6.726342710997435
GASUSDT,2025-02-17,B+,NINJA,56,3.626290606900029
GASUSDT,2025-02-19,B+,NINJA,59,4.814060112073348
GASUSDT,2025-02-21,B+,NINJA,72,2.888548057259732
GASUSDT,2025-02-23,B+,NINJA,64,0.582425930615349
GASUSDT,2025-02-27,B+,NINJA,52,5.02296211251434
GASUSDT,2025-03-01,B+,NINJA,65,7.207735130383819
GASUSDT,2025-03-03,B+,NINJA,57,3.7339190461248783
GASUSDT,2025-03-06,B+,NINJA,58,3.1770997168921067
GASUSDT,2025-03-13,B+,NINJA,64,9.863109863109853
GASUSDT,2025-03-19,B+,TREND,81,1.735997379626597
GASUSDT,2025-03-22,B+,NINJA,56,4.438466711499656
GASUSDT,2025-03-23,B+,NINJA,67,4.543924604510252
GASUSDT,2025-04-08,B+,NINJA,60,118.01338136901695
GASUSDT,2025-04-09,B+,NINJA,81,72.75693311582381
GASUSDT,2025-04-10,B+,TREND,85,28.480436760691518
GASUSDT,2025-04-13,B+,NINJA,54,39.70976253298153
GASUSDT,2025-04-16,B+,TREND,84,1.8107625605712885
GASUSDT,2025-04-20,B+,NINJA,55,5.5663790704147065
GASUSDT,2025-04-21,B+,NINJA,50,10.454280722189857
GASUSDT,2025-04-23,B+,NINJA,36,13.835534213685484
GASUSDT,2025-04-24,B+,NINJA,52,11.788977306218706
GASUSDT,2025-04-25,B+,NINJA,69,5.977011494252871
GASUSDT,2025-04-28,B+,NINJA,67,0.057653502450283334
GASUSDT,2025-05-02,B+,NINJA,57,24.923453766074722
GASUSDT,2025-05-03,B+,NINJA,51,28.02008158142455
GASUSDT,2025-05-05,B+,NINJA,56,28.625472887767955
GASUSDT,2025-05-06,B+,NINJA,58,33.94615889691399
GASUSDT,2025-05-11,B+,TREND,82,6.145251396648055
GASUSDT,2025-05-14,B+,NINJA,43,0.9612666101215694
GASUSDT,2025-05-16,B+,NINJA,38,4.9601417183348095
GASUSDT,2025-05-22,B+,TREND,88,1.600457273506728
GASUSDT,2025-05-26,B+,NINJA,54,2.0687557042896376
GASUSDT,2025-05-27,B+,NINJA,59,0.4838221953432198
GASUSDT,2025-06-03,B+,NINJA,67,6.699834162520735
GASUSDT,2025-06-10,B+,TREND,84,3.083700440528636
GASUSDT,2025-06-14,B+,NINJA,71,1.1772620248906795
GASUSDT,2025-06-16,B+,NINJA,66,1.9560741249142088
GASUSDT,2025-06-19,B+,NINJA,52,0.8644536652835377
GASUSDT,2025-06-20,B+,NINJA,50,1.604850213980047
GASUSDT,2025-06-30,B+,NINJA,65,13.905109489051082
GASUSDT,2025-07-02,B+,NINJA,48,24.35897435897436
GASUSDT,2025-07-03,B+,NINJA,76,24.27285318559558
GASUSDT,2025-07-06,B+,NINJA,57,24.574800416522045
GASUSDT,2025-07-07,B+,NINJA,62,21.991842284160423
GASUSDT,2025-07-09,B+,NINJA,54,20.517125587642717
GASUSDT,2025-07-11,B+,TREND,85,18.910987936093893
GASUSDT,2025-07-12,B+,NINJA,80,13.542963885429614
GASUSDT,2025-07-14,B+,NINJA,65,28.713178294573627
GASUSDT,2025-07-16,B+,NINJA,56,25.711689884918233
GASUSDT,2025-07-18,B+,NINJA,72,25.673630033303052
GASUSDT,2025-07-20,B+,TREND,82,16.111888111888106
GASUSDT,2025-07-23,B+,NINJA,54,1.5241320914479273
GASUSDT,2025-07-26,B+,NINJA,44,6.525625744934449
GASUSDT,2025-07-27,B+,NINJA,57,3.56315179606026
GASUSDT,2025-07-28,B+,NINJA,57,10.373572090151285
GASUSDT,2025-07-31,B+,NINJA,46,17.521367521367527
GASUSDT,2025-08-04,B+,NINJA,65,16.639477977161498
GASUSDT,2025-08-05,B+,TREND,86,3.828032979976448
GASUSDT,2025-08-11,B+,NINJA,47,8.922506946588449
GASUSDT,2025-08-14,B+,NINJA,65,21.175373134328336
GASUSDT,2025-08-19,B+,NINJA,39,20.76231794236132
GASUSDT,2025-08-21,B+,TREND,84,13.615160349854216
GASUSDT,2025-08-23,B+,NINJA,91,8.091517857142861
GASUSDT,2025-08-25,B+,NINJA,77,2.037252619324792
GASUSDT,2025-08-27,B+,NINJA,49,2.500735510444252
GASUSDT,2025-08-28,B+,NINJA,47,3.2908390157130096
GASUSDT,2025-08-29,B+,NINJA,40,6.7729083665338585
GASUSDT,2025-08-30,B+,NINJA,55,4.436450839328532
GASUSDT,2025-08-31,B+,NINJA,68,2.354740061162075
GASUSDT,2025-09-03,B+,NINJA,67,5.611775528978846
GASUSDT,2025-09-06,B+,NINJA,61,7.156191661481026
GASUSDT,2025-09-15,B+,NINJA,48,3.9215686274509887
GASUSDT,2025-09-21,B+,NINJA,43,0.3122073056509578
GASUSDT,2025-09-27,B+,NINJA,51,9.522172567892762
GASUSDT,2025-09-29,B+,NINJA,58,8.663028649386085
GASUSDT,2025-10-02,B+,TREND,90,1.5943877551020336
GASUSDT,2025-10-07,B+,NINJA,41,5.8147396889790315
GASUSDT,2025-10-09,B+,NINJA,48,1.2032085561497263
GASUSDT,2025-10-10,B+,NINJA,50,18.246051537822105
GASUSDT,2025-10-18,B+,NINJA,47,6.523437499999996
GASUSDT,2025-10-19,B+,NINJA,60,5.005775895263764
GASUSDT,2025-10-30,B+,NINJA,56,5.136436597110761
GASUSDT,2025-11-01,B+,NINJA,71,3.680501174628037
GASUSDT,2025-11-02,B+,NINJA,73,4.1289815178922495
GASUSDT,2025-11-06,B+,NINJA,64,12.585034013605444
GASUSDT,2025-11-08,B+,TREND,77,4.996034892942114
GASUSDT,2025-11-15,B+,NINJA,50,0.670016750418756
GASUSDT,2025-11-16,B+,NINJA,44,2.282515073212754
GASUSDT,2025-11-19,B+,NINJA,51,3.529937444146558
GASUSDT,2025-11-23,B+,NINJA,61,9.082308420056773
GASUSDT,2025-11-29,B+,TREND,77,0.8307826847398392
GASUSDT,2025-12-07,B+,NINJA,56,5.647840531561443
GASUSDT,2025-12-10,B+,NINJA,68,0.14111006585137975
GASUSDT,2025-12-12,B+,NINJA,49,3.0214424951267027
GASUSDT,2025-12-13,B+,NINJA,49,1.0130246020260358
GASUSDT,2025-12-14,B+,NINJA,49,1.8018018018017834
GASUSDT,2025-12-20,B+,NINJA,59,27.62942779291553
GASUSDT,2025-12-25,B+,NINJA,64,28.46955567745475
GASUSDT,2025-12-27,B+,NINJA,68,17.629331993972876
GASUSDT,2025-12-28,B+,TREND,81,4.840182648401825
GHSTUSDT,2025-02-20,B,NINJA,74,5.4249547920433905
GHSTUSDT,2025-02-21,B,NINJA,69,7.366482504604033
GHSTUSDT,2025-03-22,B,NINJA,65,66.27906976744184
GHSTUSDT,2025-03-23,B,NINJA,71,66.27906976744184
GHSTUSDT,2025-03-27,B,TREND,96,35.16068052930055
GHSTUSDT,2025-05-10,B,TREND,91,9.790209790209792
GHSTUSDT,2025-06-11,B,NINJA,83,0.7407407407407307
GHSTUSDT,2025-06-14,B,NINJA,52,4.521276595744683
GHSTUSDT,2025-06-15,B,NINJA,44,4.521276595744683
GHSTUSDT,2025-06-16,B,NINJA,62,1.3262599469495928
GHSTUSDT,2025-06-19,B,NINJA,55,6.460674157303381
GHSTUSDT,2025-07-07,B,NINJA,73,55.52560646900269
GHSTUSDT,2025-07-10,B,TREND,96,32.643678160919535
GHSTUSDT,2025-07-31,B,NINJA,46,11.581291759465472
GHSTUSDT,2025-08-21,B,NINJA,57,11.555555555555564
GHSTUSDT,2025-08-27,B,NINJA,63,3.289473684210509
GHSTUSDT,2025-08-28,B,NINJA,76,0.6410256410256387
GHSTUSDT,2025-08-29,B,NINJA,65,4.52488687782806
GHSTUSDT,2025-08-30,B,NINJA,60,2.8953229398663627
GHSTUSDT,2025-09-02,B,NINJA,56,9.360730593607292
GHSTUSDT,2025-09-03,B,NINJA,73,19.683257918552034
GHSTUSDT,2025-09-05,B,NINJA,67,22.170900692840647
GHSTUSDT,2025-09-06,B,NINJA,68,22.170900692840647
GHSTUSDT,2025-09-09,B,NINJA,79,19.144144144144136
GHSTUSDT,2025-10-30,B,NINJA,51,25.86206896551724
GHSTUSDT,2025-11-01,B,NINJA,74,19.281045751633986
GHSTUSDT,2025-12-25,B,NINJA,80,9.883720930232576
GLMUSDT,2025-01-10,B,NINJA,65,9.00698602794412
GLMUSDT,2025-01-14,B,NINJA,57,4.290853031860231
GLMUSDT,2025-01-16,B,NINJA,75,3.890453033017649
GLMUSDT,2025-03-03,B,NINJA,44,7.988067616837902
GLMUSDT,2025-03-05,B,NINJA,59,1.871233745639067
GLMUSDT,2025-03-06,B,NINJA,61,4.943968358602513
GLMUSDT,2025-03-20,B,NINJA,50,4.324894514767941
GLMUSDT,2025-03-21,B,NINJA,52,7.461064831582753
GLMUSDT,2025-03-22,B,NINJA,58,3.6687631027253698
GLMUSDT,2025-03-23,B,NINJA,62,5.964285714285711
GLMUSDT,2025-04-26,B,TREND,94,2.39251040221915
GLMUSDT,2025-04-29,B,NINJA,61,6.165137614678895
GLMUSDT,2025-05-01,B,NINJA,52,10.187568959176163
GLMUSDT,2025-05-02,B,NINJA,63,11.458333333333325
GLMUSDT,2025-05-03,B,NINJA,62,12.795497185741066
GLMUSDT,2025-05-05,B,NINJA,46,16.098121885779992
GLMUSDT,2025-05-06,B,NINJA,49,20.055489496630983
GLMUSDT,2025-05-09,B,TREND,95,5.2466990965948535
GLMUSDT,2025-06-15,B,NINJA,67,2.7050610820244403
GLMUSDT,2025-06-16,B,NINJA,68,1.9001325673884129
GLMUSDT,2025-06-19,B,NINJA,65,2.3576512455516063
GLMUSDT,2025-06-20,B,NINJA,65,4.638472032742147
GLMUSDT,2025-06-30,B,NINJA,80,12.113055181695831
GLMUSDT,2025-07-06,B,NINJA,52,21.85985015425298
GLMUSDT,2025-07-07,B,NINJA,64,25.384953805543333
GLMUSDT,2025-07-30,B,NINJA,45,1.2769062385990626
GLMUSDT,2025-07-31,B,NINJA,54,13.488372093023248
GLMUSDT,2025-08-09,B,TREND,95,11.926605504587151
GLMUSDT,2025-08-19,B,NINJA,60,6.809739991745767
GLMUSDT,2025-08-21,B,NINJA,51,6.897976042957432
GLMUSDT,2025-08-25,B,NINJA,51,12.131715771230489
GLMUSDT,2025-08-27,B,NINJA,66,7.653910149750409
GLMUSDT,2025-08-30,B,NINJA,57,3.062080536912748
GLMUSDT,2025-08-31,B,NINJA,60,4.861407249466954
GLMUSDT,2025-09-02,B,NINJA,56,5.4987212276214725
GLMUSDT,2025-09-04,B,NINJA,59,9.185894645189396
GLMUSDT,2025-09-06,B,NINJA,65,7.963839862247091
GLMUSDT,2025-09-15,B,NINJA,58,5.091819699499167
GLMUSDT,2025-09-21,B,NINJA,45,0.3795866722901664
GLMUSDT,2025-10-30,B,NINJA,74,34.94926719278466
GLMUSDT,2025-11-04,B,NINJA,61,53.846153846153854
GLMUSDT,2025-11-05,B,NINJA,61,50.798018712162914
GLMUSDT,2025-12-14,B,NINJA,58,8.073041806823644
GLMUSDT,2025-12-19,B,NINJA,62,5.38687561214497
GLMUSDT,2025-12-20,B,NINJA,67,7.450980392156881
GLMUSDT,2025-12-25,B,NINJA,56,23.2394366197183
GLMUSDT,2025-12-28,B,NINJA,75,38.188976377952756
GMTUSDT,2025-01-11,B+,NINJA,59,0.2822865208186309
GMTUSDT,2025-01-16,B+,NINJA,71,6.468797564687989
GMTUSDT,2025-02-19,B+,NINJA,58,10.518518518518505
GMTUSDT,2025-02-21,B+,NINJA,68,6.4992614475627875
GMTUSDT,2025-02-23,B+,NINJA,68,0.43352601156070314
GMTUSDT,2025-03-22,B+,NINJA,59,10.2661596958175
GMTUSDT,2025-03-23,B+,NINJA,77,10.056925996204935
GMTUSDT,2025-04-01,B+,NINJA,66,1.4432989690721598
GMTUSDT,2025-04-19,B+,TREND,79,8.985024958402676
GMTUSDT,2025-04-22,B+,TREND,75,3.4653465346534684
GMTUSDT,2025-05-01,B+,TREND,75,9.150326797385633
GMTUSDT,2025-05-10,B+,TREND,90,7.390648567119151
GMTUSDT,2025-05-11,B+,TREND,81,12.302839116719255
GMTUSDT,2025-05-22,B+,TREND,92,2.063492063492056
GMTUSDT,2025-05-29,B+,NINJA,66,0.3552397868561208
GMTUSDT,2025-06-03,B+,NINJA,82,8.015267175572504
GMTUSDT,2025-06-10,B+,TREND,84,2.3508137432187937
GMTUSDT,2025-06-16,B+,NINJA,54,2.1413276231263323
GMTUSDT,2025-06-19,B+,NINJA,51,3.5555555555555562
GMTUSDT,2025-07-06,B+,NINJA,52,23.379629629629626
GMTUSDT,2025-07-07,B+,NINJA,58,24.242424242424242
GMTUSDT,2025-07-10,B+,TREND,96,14.371257485029943
GMTUSDT,2025-07-11,B+,TREND,89,18.091451292246518
GMTUSDT,2025-07-21,B+,TREND,90,2.4263431542461023
GMTUSDT,2025-08-08,B+,TREND,85,5.793991416309008
GMTUSDT,2025-08-09,B+,TREND,73,2.2821576763485396
GMTUSDT,2025-08-10,B+,TREND,74,3.13807531380752
GMTUSDT,2025-08-17,B+,NINJA,58,2.2831050228310446
GMTUSDT,2025-08-28,B+,TREND,84,1.333333333333342
GMTUSDT,2025-09-02,B+,NINJA,57,8.937198067632846
GMTUSDT,2025-09-03,B+,NINJA,67,10.023866348448696
GMTUSDT,2025-09-04,B+,NINJA,56,14.392059553349878
GMTUSDT,2025-09-06,B+,NINJA,64,12.439024390243913
GMTUSDT,2025-09-13,B+,TREND,87,0.2188183807439792
GMTUSDT,2025-09-18,B+,NINJA,86,1.1415525114155223
GMTUSDT,2025-09-21,B+,NINJA,51,0.48076923076922906
GMTUSDT,2025-10-02,B+,TREND,88,2.481389578163773
GMTUSDT,2025-10-09,B+,NINJA,53,8.684210526315805
GMTUSDT,2025-11-02,B+,NINJA,69,0.47487138899879877
GMTUSDT,2025-12-09,B+,NINJA,80,3.0269058295964157
GMTUSDT,2025-12-12,B+,NINJA,52,1.536570374923163
GMTUSDT,2025-12-13,B+,NINJA,52,0.5524861878453136
GMTUSDT,2025-12-14,B+,NINJA,41,2.319587628865971
GMXUSDT,2025-02-23,B,NINJA,66,0.5063291139240533
GMXUSDT,2025-02-26,B,NINJA,62,6.2910284463894905
GMXUSDT,2025-02-27,B,NINJA,70,6.2910284463894905
GMXUSDT,2025-03-01,B,NINJA,63,11.346704871060176
GMXUSDT,2025-03-03,B,NINJA,62,4.2138364779874316
GMXUSDT,2025-03-22,B,NINJA,71,4.209799861973762
GMXUSDT,2025-03-23,B,NINJA,79,4.137931034482767
GMXUSDT,2025-03-27,B,NINJA,68,0.28288543140027045
GMXUSDT,2025-04-29,B,NINJA,56,7.641196013289031
GMXUSDT,2025-05-26,B,NINJA,64,9.548724656638342
GMXUSDT,2025-06-10,B,TREND,92,0.9988901220865598
GMXUSDT,2025-07-06,B,NINJA,56,4.820143884892092
GMXUSDT,2025-07-07,B,NINJA,67,5.122655122655129
GMXUSDT,2025-07-28,B,NINJA,80,10.075757575757581
GMXUSDT,2025-07-30,B,NINJA,51,249.3788819875776
GMXUSDT,2025-07-31,B,NINJA,55,257.71065182829886
GMXUSDT,2025-08-30,B,NINJA,59,2.6244952893674345
GMXUSDT,2025-08-31,B,NINJA,65,3.2147742818057434
GMXUSDT,2025-09-02,B,NINJA,58,4.341926729986434
GMXUSDT,2025-09-16,B,NINJA,55,20.734908136482932
GMXUSDT,2025-10-30,B,NINJA,48,7.246376811594191
GMXUSDT,2025-10-31,B,NINJA,53,9.203722854188223
GMXUSDT,2025-11-01,B,NINJA,59,7.4262461851475114
GMXUSDT,2025-12-04,B,NINJA,83,7.594936708860756
GMXUSDT,2025-12-07,B,NINJA,75,6.8571428571428505
GMXUSDT,2025-12-08,B,NINJA,70,6.8571428571428505
GMXUSDT,2025-12-10,B,NINJA,66,1.1235955056179803
GMXUSDT,2025-12-12,B,NINJA,46,3.0732860520094496
GMXUSDT,2025-12-13,B,NINJA,50,2.1077283372365585
GMXUSDT,2025-12-14,B,NINJA,59,4.681872749099636
GOATUSDT,2025-05-09,B-,TREND,93,56.00983707347065
GPSUSDT,2025-05-10,C+,TREND,99,8.203125
GRTUSDT,2025-01-12,B+,NINJA,56,18.402777777777768
GRTUSDT,2025-01-17,B+,TREND,77,1.617709663686684
GRTUSDT,2025-01-26,B+,NINJA,48,5.918141592920367
GRTUSDT,2025-02-20,B+,NINJA,77,6.546762589928057
GRTUSDT,2025-02-21,B+,NINJA,71,6.049290515309935
GRTUSDT,2025-03-22,B+,NINJA,61,13.612565445026181
GRTUSDT,2025-03-23,B+,NINJA,78,12.318840579710134
GRTUSDT,2025-04-01,B+,NINJA,63,0.7795100222717011
GRTUSDT,2025-04-23,B+,TREND,82,17.88079470198676
GRTUSDT,2025-04-25,B+,TREND,86,6.057596822244293
GRTUSDT,2025-04-26,B+,TREND,80,0.8687258687258614
GRTUSDT,2025-05-08,B+,TREND,84,26.275264677574594
GRTUSDT,2025-05-09,B+,TREND,93,16.934046345811062
GRTUSDT,2025-05-10,B+,TREND,90,4.6251993620414655
GRTUSDT,2025-05-22,B+,TREND,87,2.454991816693952
GRTUSDT,2025-05-26,B+,NINJA,63,4.537205081669682
GRTUSDT,2025-05-29,B+,NINJA,61,0.6647673314339908
GRTUSDT,2025-06-10,B+,TREND,85,0.8814887365327984
GRTUSDT,2025-06-19,B+,NINJA,62,5.727923627684972
GRTUSDT,2025-06-24,B+,TREND,84,6.436233611442188
GRTUSDT,2025-06-25,B+,TREND,65,10.383189122373304
GRTUSDT,2025-06-29,B+,TREND,86,3.6446469248291535
GRTUSDT,2025-06-30,B+,NINJA,79,16.309523809523796
GRTUSDT,2025-07-03,B+,TREND,85,16.380297823596777
GRTUSDT,2025-07-06,B+,NINJA,54,26.179245283018872
GRTUSDT,2025-07-07,B+,NINJA,66,28.966346153846168
GRTUSDT,2025-07-10,B+,TREND,91,21.833161688980418
GRTUSDT,2025-07-11,B+,TREND,83,25.4942767950052
GRTUSDT,2025-07-20,B+,TREND,73,4.235090751944681
GRTUSDT,2025-07-31,B+,NINJA,46,8.076514346439945
GRTUSDT,2025-08-10,B+,TREND,73,5.135951661631433
GRTUSDT,2025-08-13,B+,TREND,72,2.268244575936884
GRTUSDT,2025-08-16,B+,NINJA,66,3.586497890295348
GRTUSDT,2025-08-17,B+,NINJA,69,4.579339723109688
GRTUSDT,2025-08-21,B+,NINJA,58,9.720670391061459
GRTUSDT,2025-08-25,B+,NINJA,53,8.912037037037024
GRTUSDT,2025-09-02,B+,NINJA,59,14.702581369248048
GRTUSDT,2025-09-05,B+,NINJA,67,16.591422121896173
GRTUSDT,2025-09-06,B+,NINJA,69,17.787913340935013
GRTUSDT,2025-09-09,B+,TREND,85,4.133064516129048
GRTUSDT,2025-09-10,B+,TREND,79,5.731832139201654
GRTUSDT,2025-09-12,B+,TREND,72,2.4801587301587213
GRTUSDT,2025-09-13,B+,TREND,76,0.09920634920634885
GRTUSDT,2025-10-02,B+,TREND,89,0.6779661016949268
GRTUSDT,2025-10-09,B+,NINJA,52,2.7093596059113434
GRTUSDT,2025-10-30,B+,NINJA,57,26.144756277695723
GRTUSDT,2025-12-07,B+,NINJA,61,7.4673166408154135
GRTUSDT,2025-12-10,B+,NINJA,65,0.10948105977663936
GRTUSDT,2025-12-28,B+,TREND,73,16.05916534601164
GTCUSDT,2025-02-21,B-,NINJA,84,6.304347826086953
GTCUSDT,2025-02-26,B-,NINJA,65,12.761020881670525
GTCUSDT,2025-02-27,B-,NINJA,77,10.45454545454545
GTCUSDT,2025-03-22,B-,NINJA,58,4.324324324324325
GTCUSDT,2025-03-23,B-,NINJA,69,4.607046070460719
GTCUSDT,2025-05-07,B-,NINJA,62,37.54646840148699
GTCUSDT,2025-05-29,B-,NINJA,60,0.7194244604316502
GTCUSDT,2025-06-16,B-,NINJA,60,1.6460905349794164
GTCUSDT,2025-06-19,B-,NINJA,56,5.240174672489073
GTCUSDT,2025-07-06,B-,NINJA,54,33.624454148471614
GTCUSDT,2025-07-07,B-,NINJA,78,32.75862068965516
GTCUSDT,2025-07-30,B-,NINJA,57,6.506849315068508
GTCUSDT,2025-07-31,B-,NINJA,52,14.338235294117641
GTCUSDT,2025-08-11,B-,NINJA,65,86.34812286689422
GTCUSDT,2025-09-02,B-,NINJA,58,14.723926380368102
GTCUSDT,2025-09-04,B-,NINJA,58,21.13564668769716
GTCUSDT,2025-11-15,B-,NINJA,46,3.0120481927710774
GTCUSDT,2025-11-16,B-,NINJA,54,4.907975460122693
GTCUSDT,2025-11-17,B-,NINJA,43,6.875000000000009
GTCUSDT,2025-12-03,B-,NINJA,63,7.586206896551739
GTCUSDT,2025-12-04,B-,NINJA,66,9.859154929577475
GUNUSDT,2025-05-11,B,TREND,99,16.75333116672084
GUNUSDT,2025-10-02,B,TREND,97,5.2828902522154
GUNUSDT,2025-10-03,B,TREND,98,1.9808517662594838
GUNUSDT,2025-12-14,B,TREND,95,38.07753584705258
GUSDT,2025-01-09,B,NINJA,51,6.943563728598612
GUSDT,2025-01-11,B,NINJA,60,0.0
GUSDT,2025-01-15,B,NINJA,72,1.789199739752756
GUSDT,2025-01-16,B,NINJA,73,5.424528301886777
GUSDT,2025-01-22,B,NINJA,55,8.042212518195058
GUSDT,2025-01-25,B,NINJA,57,4.749999999999988
GUSDT,2025-01-28,B,NINJA,36,16.713091922005564
GUSDT,2025-01-31,B,NINJA,62,0.9937430990062612
GUSDT,2025-02-09,B,NINJA,59,11.401172083111355
GUSDT,2025-02-11,B,NINJA,62,10.34300791556728
GUSDT,2025-02-13,B,NINJA,67,5.222734254992312
GUSDT,2025-02-15,B,NINJA,56,6.642449403217432
GUSDT,2025-02-21,B,NINJA,74,22.391991570073767
GUSDT,2025-03-01,B,NINJA,64,3.3696729435084283
GUSDT,2025-03-03,B,NINJA,39,0.4589787722317773
GUSDT,2025-03-06,B,NINJA,51,2.9691211401425166
GUSDT,2025-03-13,B,NINJA,57,22.99723756906078
GUSDT,2025-03-20,B,NINJA,63,15.891472868217061
GUSDT,2025-03-23,B,NINJA,89,8.072289156626521
GUSDT,2025-03-26,B,NINJA,62,7.112718505123561
GUSDT,2025-03-28,B,NINJA,48,0.31766200762386454
GUSDT,2025-04-01,B,NINJA,57,0.0
GUSDT,2025-04-04,B,NINJA,40,0.8403361344537785
GUSDT,2025-04-05,B,NINJA,40,0.14184397163121698
GUSDT,2025-04-10,B,NINJA,54,15.925058548009364
GUSDT,2025-04-15,B,NINJA,54,17.034220532319377
GUSDT,2025-05-07,B,NINJA,71,17.555705604321382
GUSDT,2025-05-14,B,NINJA,56,2.524038461538458
GUSDT,2025-05-16,B,NINJA,33,6.011635423400152
GUSDT,2025-05-20,B,NINJA,62,8.25082508250825
GUSDT,2025-05-23,B,NINJA,74,1.5904572564612307
GUSDT,2025-05-26,B,NINJA,38,5.386740331491713
GUSDT,2025-05-28,B,NINJA,58,1.6926201760324888
GUSDT,2025-06-03,B,NINJA,64,5.040770941438111
GUSDT,2025-06-08,B,NINJA,60,8.333333333333348
GUSDT,2025-06-11,B,NINJA,82,0.0
GUSDT,2025-06-16,B,NINJA,59,1.3104013104013212
GUSDT,2025-06-20,B,NINJA,52,2.9049295774647987
GUSDT,2025-07-07,B,NINJA,50,21.95121951219512
GUSDT,2025-07-08,B,NINJA,47,17.647058823529417
GUSDT,2025-07-11,B,TREND,89,18.34862385321101
GUSDT,2025-07-26,B,NINJA,64,4.6391752577319645
GUSDT,2025-07-31,B,NINJA,51,8.6277732128184
GUSDT,2025-08-04,B,NINJA,65,7.016129032258078
GUSDT,2025-08-11,B,NINJA,43,11.700336700336699
GUSDT,2025-08-16,B,NINJA,58,1.3900245298446468
GUSDT,2025-08-17,B,NINJA,60,1.6542597187758412
GUSDT,2025-08-21,B,NINJA,47,8.084358523725843
GUSDT,2025-08-25,B,NINJA,37,9.723461195361294
GUSDT,2025-08-27,B,NINJA,59,5.128205128205132
GUSDT,2025-08-29,B,NINJA,59,5.203816131830008
GUSDT,2025-08-31,B,NINJA,57,3.98959236773635
GUSDT,2025-09-02,B,NINJA,55,4.969485614646918
GUSDT,2025-09-03,B,NINJA,64,8.40630472854642
GUSDT,2025-09-05,B,NINJA,59,10.89285714285715
GUSDT,2025-09-06,B,NINJA,63,12.093862815884492
GUSDT,2025-09-07,B,NINJA,72,10.793933987511162
GUSDT,2025-09-14,B,NINJA,54,1.2820512820512775
GUSDT,2025-09-17,B,NINJA,64,1.303214596003488
GUSDT,2025-09-18,B,NINJA,77,0.865051903114189
GUSDT,2025-09-21,B,NINJA,40,0.45620437956206406
GUSDT,2025-09-27,B,NINJA,59,6.599999999999984
GUSDT,2025-09-29,B,NINJA,65,6.813627254509025
GUSDT,2025-10-07,B,NINJA,48,1.3026052104208485
GUSDT,2025-10-15,B,NINJA,55,3.363518758085382
GUSDT,2025-10-18,B,NINJA,44,5.614973262032108
GUSDT,2025-10-19,B,NINJA,59,4.91367861885792
GUSDT,2025-10-20,B,NINJA,67,4.0843214756258295
GUSDT,2025-10-24,B,NINJA,46,6.703146374829005
GUSDT,2025-10-27,B,NINJA,59,2.7247956403269713
GUSDT,2025-10-30,B,NINJA,31,5.970149253731338
GUSDT,2025-11-01,B,NINJA,57,2.011494252873569
GUSDT,2025-11-06,B,NINJA,57,10.70866141732283
GUSDT,2025-11-17,B,NINJA,49,4.788213627992621
GUSDT,2025-11-19,B,NINJA,50,3.9106145251396773
GUSDT,2025-11-23,B,NINJA,55,8.187134502923987
GUSDT,2025-12-07,B,NINJA,58,40.98360655737705
GUSDT,2025-12-08,B,NINJA,64,38.989898989898975
GUSDT,2025-12-14,B,NINJA,29,4.536862003780717
GUSDT,2025-12-15,B,NINJA,36,0.4166666666666652
GUSDT,2025-12-19,B,NINJA,50,7.589285714285721
GUSDT,2025-12-20,B,NINJA,64,8.590308370044063
GUSDT,2025-12-24,B,NINJA,46,14.120370370370372
GUSDT,2025-12-25,B,NINJA,42,15.45667447306791
GUSDT,2025-12-29,B,NINJA,70,30.561797752808985
HAEDALUSDT,2025-07-14,B-,TREND,95,50.59113300492611
HBARUSDT,2025-01-11,B+,NINJA,66,37.38234589451348
HBARUSDT,2025-01-12,B+,NINJA,73,44.317405529788246
HBARUSDT,2025-01-15,B+,TREND,80,24.48903637998947
HBARUSDT,2025-01-16,B+,TREND,83,10.642813826561559
HBARUSDT,2025-01-17,B+,TREND,86,2.7501134755560486
HBARUSDT,2025-02-23,B+,NINJA,49,36.25431993561521
HBARUSDT,2025-03-01,B+,TREND,83,13.916485256283417
HBARUSDT,2025-03-02,B+,TREND,86,8.95290732889158
HBARUSDT,2025-03-28,B+,NINJA,48,0.647355716480158
HBARUSDT,2025-04-21,B+,TREND,83,19.6087701672478
HBARUSDT,2025-04-25,B+,TREND,71,3.453110395679704
HBARUSDT,2025-05-07,B+,NINJA,63,30.22819097479088
HBARUSDT,2025-05-10,B+,TREND,93,4.416662864443133
HBARUSDT,2025-05-11,B+,TREND,73,10.635726371766975
HBARUSDT,2025-06-10,B+,TREND,88,1.0325875756398206
HBARUSDT,2025-06-16,B+,NINJA,53,2.4239265002932164
HBARUSDT,2025-06-24,B+,TREND,88,5.695175011364384
HBARUSDT,2025-06-25,B+,TREND,72,8.637031103991433
HBARUSDT,2025-07-03,B+,TREND,82,58.44286522860196
HBARUSDT,2025-07-10,B+,TREND,94,57.451290152711934
HBARUSDT,2025-07-11,B+,TREND,88,54.37038566781971
HBARUSDT,2025-07-14,B+,TREND,81,26.21892017392038
HBARUSDT,2025-07-26,B+,TREND,77,9.02981339815543
HBARUSDT,2025-07-27,B+,TREND,83,0.2639698320191952
HBARUSDT,2025-07-31,B+,NINJA,51,8.33134114272056
HBARUSDT,2025-08-04,B+,NINJA,76,10.125573051624471
HBARUSDT,2025-08-08,B+,TREND,95,5.531573518737831
HBARUSDT,2025-08-11,B+,NINJA,55,12.03714969379892
HBARUSDT,2025-08-14,B+,NINJA,77,4.882168422745914
HBARUSDT,2025-08-16,B+,NINJA,55,3.369005152596105
HBARUSDT,2025-08-17,B+,NINJA,67,3.4510115033716815
HBARUSDT,2025-09-10,B+,TREND,85,8.781591530054644
HBARUSDT,2025-09-11,B+,TREND,84,6.268245892067714
HBARUSDT,2025-09-12,B+,TREND,93,3.7922606924643443
HBARUSDT,2025-09-13,B+,TREND,85,1.6400048353951036
HBARUSDT,2025-09-18,B+,TREND,81,1.6366811517686708
HBARUSDT,2025-10-02,B+,TREND,87,2.716961223951464
HBARUSDT,2025-10-07,B+,NINJA,61,1.9206087275394301
HBARUSDT,2025-10-27,B+,TREND,91,18.918772660858263
HBARUSDT,2025-10-30,B+,NINJA,85,4.212239914534277
HBARUSDT,2025-11-10,B+,TREND,85,1.5209321509589646
HBARUSDT,2025-11-24,B+,TREND,79,1.575651471281403
HBARUSDT,2025-12-03,B+,TREND,84,0.39723306622834187
HBARUSDT,2025-12-08,B+,NINJA,68,6.496692187616149
HBARUSDT,2025-12-10,B+,NINJA,70,0.14843402107762582
HBARUSDT,2025-12-28,B+,TREND,87,16.868721856598533
HEIUSDT,2025-08-09,B,TREND,92,7.476324970925408
HFTUSDT,2025-05-09,C+,TREND,98,18.067754077791733
HIVEUSDT,2025-01-10,B-,NINJA,27,26.543834784369302
HIVEUSDT,2025-01-11,B-,NINJA,55,7.158836689038028
HIVEUSDT,2025-01-12,B-,NINJA,51,7.105618845336936
HIVEUSDT,2025-01-14,B-,NINJA,44,4.100451245830872
HIVEUSDT,2025-01-15,B-,NINJA,57,3.774691961666332
HIVEUSDT,2025-01-16,B-,NINJA,59,7.256923387911862
HIVEUSDT,2025-01-25,B-,NINJA,72,6.8997029929175335
HIVEUSDT,2025-01-27,B-,NINJA,59,2.9184756391702926
HIVEUSDT,2025-01-28,B-,NINJA,45,6.170689226175674
HIVEUSDT,2025-01-30,B-,NINJA,72,0.023866348448686736
HIVEUSDT,2025-02-04,B-,NINJA,54,13.195302843016066
HIVEUSDT,2025-02-13,B-,NINJA,53,16.41695887790884
HIVEUSDT,2025-02-14,B-,NINJA,52,12.995049504950519
HIVEUSDT,2025-02-16,B-,NINJA,86,7.304557802595846
HIVEUSDT,2025-02-18,B-,NINJA,67,3.501483679525208
HIVEUSDT,2025-02-19,B-,NINJA,65,3.840428699017573
HIVEUSDT,2025-02-20,B-,NINJA,74,3.4400948991696323
HIVEUSDT,2025-03-06,B-,NINJA,56,3.6080516521078687
HIVEUSDT,2025-03-13,B-,NINJA,62,6.4189189189189255
HIVEUSDT,2025-03-23,B-,NINJA,45,25.438972162740892
HIVEUSDT,2025-03-25,B-,NINJA,86,-0.03819709702062024
HIVEUSDT,2025-03-28,B-,NINJA,52,6.130903065451521
HIVEUSDT,2025-03-29,B-,NINJA,54,0.0
HIVEUSDT,2025-03-30,B-,NINJA,51,5.697528278173447
HIVEUSDT,2025-04-01,B-,NINJA,62,3.588011819333059
HIVEUSDT,2025-04-05,B-,NINJA,45,15.87006960556845
HIVEUSDT,2025-04-06,B-,NINJA,42,29.37823834196891
HIVEUSDT,2025-04-08,B-,NINJA,54,27.85458269329237
HIVEUSDT,2025-04-15,B-,NINJA,49,12.505582849486396
HIVEUSDT,2025-04-21,B-,NINJA,52,14.699706005879886
HIVEUSDT,2025-04-27,B-,NINJA,72,18.486401261332276
HIVEUSDT,2025-04-29,B-,NINJA,63,17.559640203363315
HIVEUSDT,2025-05-02,B-,NINJA,58,18.39306813706183
HIVEUSDT,2025-05-03,B-,NINJA,82,8.202376389421229
HIVEUSDT,2025-05-06,B-,NINJA,52,19.61864406779661
HIVEUSDT,2025-05-14,B-,NINJA,64,5.333333333333323
HIVEUSDT,2025-05-15,B-,NINJA,54,9.468822170900705
HIVEUSDT,2025-05-17,B-,NINJA,59,8.074534161490687
HIVEUSDT,2025-05-20,B-,NINJA,57,7.490347490347471
HIVEUSDT,2025-05-21,B-,NINJA,55,5.815279361459513
HIVEUSDT,2025-05-23,B-,NINJA,69,4.978607545702052
HIVEUSDT,2025-05-26,B-,NINJA,47,5.347384855581572
HIVEUSDT,2025-05-27,B-,NINJA,57,3.370356185369583
HIVEUSDT,2025-05-29,B-,NINJA,74,0.23557126030626652
HIVEUSDT,2025-06-02,B-,NINJA,62,2.5430680885972112
HIVEUSDT,2025-06-07,B-,NINJA,53,6.3377286261165455
HIVEUSDT,2025-06-08,B-,NINJA,69,5.708245243128962
HIVEUSDT,2025-06-28,B-,NINJA,45,17.047713717693846
HIVEUSDT,2025-07-03,B-,NINJA,85,20.848708487084888
HIVEUSDT,2025-07-07,B-,NINJA,61,24.170616113744092
HIVEUSDT,2025-07-12,B-,NINJA,72,12.963734889537303
HIVEUSDT,2025-07-16,B-,NINJA,54,16.763245033112597
HIVEUSDT,2025-07-23,B-,NINJA,69,6.693227091633469
HIVEUSDT,2025-07-26,B-,NINJA,44,3.051839464882944
HIVEUSDT,2025-07-27,B-,NINJA,59,0.694444444444442
HIVEUSDT,2025-07-28,B-,NINJA,64,1.1265164644713943
HIVEUSDT,2025-07-31,B-,NINJA,57,4.727272727272713
HIVEUSDT,2025-08-04,B-,NINJA,60,6.304248515303779
HIVEUSDT,2025-08-05,B-,NINJA,61,9.76415094339622
HIVEUSDT,2025-08-11,B-,NINJA,50,6.304248515303779
HIVEUSDT,2025-08-16,B-,NINJA,61,1.0994044892350008
HIVEUSDT,2025-08-17,B-,NINJA,56,1.2025901942645634
HIVEUSDT,2025-08-21,B-,NINJA,46,7.202351788339034
HIVEUSDT,2025-08-27,B-,NINJA,54,2.328966521106257
HIVEUSDT,2025-08-30,B-,NINJA,52,4.197530864197518
HIVEUSDT,2025-08-31,B-,NINJA,50,6.3508064516129
HIVEUSDT,2025-09-02,B-,NINJA,47,5.386533665835391
HIVEUSDT,2025-09-06,B-,NINJA,69,7.81954887218046
HIVEUSDT,2025-09-18,B-,NINJA,71,0.8252427184465949
HIVEUSDT,2025-09-19,B-,NINJA,56,1.106639839034207
HIVEUSDT,2025-09-21,B-,NINJA,48,0.20263424518744966
HIVEUSDT,2025-09-27,B-,NINJA,54,8.477412158393772
HIVEUSDT,2025-09-29,B-,NINJA,62,7.875762617859139
HIVEUSDT,2025-10-07,B-,NINJA,47,3.229337712096325
HIVEUSDT,2025-10-09,B-,NINJA,47,1.538461538461533
HIVEUSDT,2025-10-18,B-,NINJA,56,5.426917510853846
HIVEUSDT,2025-10-19,B-,NINJA,65,2.6779422128259345
HIVEUSDT,2025-10-24,B-,NINJA,61,2.6831036983321344
HIVEUSDT,2025-10-25,B-,NINJA,59,3.736263736263723
HIVEUSDT,2025-10-27,B-,NINJA,54,1.777777777777767
HIVEUSDT,2025-11-02,B-,NINJA,60,11.81533646322379
HIVEUSDT,2025-11-06,B-,NINJA,61,27.703306523681846
HIVEUSDT,2025-11-15,B-,NINJA,44,1.6695957820738183
HIVEUSDT,2025-11-16,B-,NINJA,49,5.095541401273884
HIVEUSDT,2025-11-19,B-,NINJA,52,4.80943738656987
HIVEUSDT,2025-11-23,B-,NINJA,54,10.166177908113383
HIVEUSDT,2025-11-24,B-,NINJA,59,5.921052631578938
HIVEUSDT,2025-12-07,B-,NINJA,51,7.433102081268572
HIVEUSDT,2025-12-08,B-,NINJA,57,5.859375
HIVEUSDT,2025-12-10,B-,NINJA,75,4.267701260911738
HIVEUSDT,2025-12-12,B-,NINJA,48,2.952755905511806
HIVEUSDT,2025-12-13,B-,NINJA,61,2.1484375
HIVEUSDT,2025-12-14,B-,NINJA,39,6.1928934010152314
HIVEUSDT,2025-12-20,B-,NINJA,53,35.18930957683742
HIVEUSDT,2025-12-23,B-,NINJA,62,28.874734607218677
HIVEUSDT,2025-12-25,B-,NINJA,39,33.55335533553357
HIVEUSDT,2025-12-28,B-,NINJA,75,12.714429868819366
HMSTRUSDT,2025-05-09,C,TREND,97,2.4337866857551793
HOMEUSDT,2025-11-25,C,TREND,98,1.8195321203119175
HOTUSDT,2025-02-17,C+,NINJA,50,4.978220286247659
HOTUSDT,2025-02-19,C+,NINJA,59,6.7046173308032975
HOTUSDT,2025-02-21,C+,NINJA,71,3.619909502262453
HOTUSDT,2025-02-23,C+,NINJA,62,0.3816793893129722
HOTUSDT,2025-03-22,C+,NINJA,52,11.081081081081056
HOTUSDT,2025-03-23,C+,NINJA,69,10.483870967741925
HOTUSDT,2025-03-26,C+,NINJA,80,2.65638389031706
HOTUSDT,2025-05-29,C+,NINJA,62,0.5529953917050578
HOTUSDT,2025-06-03,C+,NINJA,73,8.67397806580259
HOTUSDT,2025-06-19,C+,NINJA,63,2.328288707799775
HOTUSDT,2025-07-06,C+,NINJA,59,28.16229116945108
HOTUSDT,2025-07-07,C+,NINJA,69,29.241877256317707
HOTUSDT,2025-08-11,C+,NINJA,60,15.025380710659885
HOTUSDT,2025-08-14,C+,NINJA,74,20.78891257995734
HOTUSDT,2025-08-16,C+,NINJA,67,13.29999999999998
HOTUSDT,2025-08-17,C+,NINJA,73,5.39460539460539
HOTUSDT,2025-08-20,C+,NINJA,55,4.291417165668654
HOTUSDT,2025-08-21,C+,NINJA,68,8.967674661105306
HOTUSDT,2025-08-25,C+,NINJA,52,6.911447084233258
HOTUSDT,2025-08-27,C+,NINJA,62,3.556485355648542
HOTUSDT,2025-08-31,C+,NINJA,67,6.417112299465244
HOTUSDT,2025-09-02,C+,NINJA,59,7.601713062098492
HOTUSDT,2025-09-03,C+,NINJA,77,8.677248677248661
HOTUSDT,2025-09-05,C+,NINJA,68,10.311493018259931
HOTUSDT,2025-09-06,C+,NINJA,66,11.267605633802802
HOTUSDT,2025-09-17,C+,NINJA,67,1.6309887869520923
HOTUSDT,2025-09-21,C+,NINJA,52,0.31880977683316214
HOTUSDT,2025-10-30,C+,NINJA,55,28.756058158319874
HOTUSDT,2025-11-02,C+,NINJA,70,25.511811023622034
HOTUSDT,2025-11-27,C+,NINJA,74,1.5957446808510634
HOTUSDT,2025-12-04,C+,NINJA,75,13.142857142857146
HOTUSDT,2025-12-10,C+,NINJA,70,6.072106261859589
HOTUSDT,2025-12-12,C+,NINJA,55,10.039370078740163
HOTUSDT,2025-12-14,C+,NINJA,55,15.257731958762877
HOTUSDT,2025-12-16,C+,NINJA,49,3.092783505154628
HOTUSDT,2025-12-17,C+,NINJA,54,6.8376068376068355
HOTUSDT,2025-12-28,C+,NINJA,75,22.26804123711339
HUSDT,2025-12-22,C+,TREND,84,1.8511395326473723
HYPEUSDT,2025-07-05,C+,NINJA,71,27.54004547428659
HYPEUSDT,2025-07-07,C+,NINJA,75,29.515384216261097
HYPEUSDT,2025-07-11,C+,TREND,97,7.632106590776799
HYPEUSDT,2025-07-28,C+,NINJA,76,3.5389328334324066
HYPEUSDT,2025-08-25,C+,NINJA,76,19.26191362620997
HYPEUSDT,2025-08-27,C+,NINJA,82,4.272959183673475
HYPEUSDT,2025-08-30,C+,NINJA,44,25.627467889075483
HYPEUSDT,2025-08-31,C+,NINJA,54,26.741192411924118
HYPEUSDT,2025-09-01,C+,NINJA,52,32.634605574363505
HYPEUSDT,2025-10-09,C+,NINJA,51,4.774252246104838
HYPEUSDT,2025-11-08,C+,NINJA,69,7.769336156432938
HYPEUSDT,2025-11-15,C+,NINJA,68,8.146861306298137
HYPEUSDT,2025-11-18,C+,NINJA,80,2.967428142705608
HYPEUSDT,2025-11-20,C+,NINJA,59,2.679736821075629
HYPEUSDT,2025-12-12,C+,NINJA,75,4.575346299146488
ICPUSDT,2025-01-12,B,NINJA,65,12.239710626649725
ICPUSDT,2025-01-26,B,NINJA,56,10.76416486885432
ICPUSDT,2025-01-28,B,NINJA,64,14.14696934238242
ICPUSDT,2025-02-21,B,NINJA,75,4.122530775837396
ICPUSDT,2025-02-23,B,NINJA,67,2.958244869072879
ICPUSDT,2025-03-22,B,NINJA,50,10.740354535974973
ICPUSDT,2025-03-23,B,NINJA,76,9.221803222488866
ICPUSDT,2025-04-01,B,NINJA,67,1.5887677812673084
ICPUSDT,2025-04-18,B,NINJA,67,15.417017691659641
ICPUSDT,2025-04-21,B,NINJA,74,14.908785908995604
ICPUSDT,2025-04-29,B,NINJA,53,11.70212765957448
ICPUSDT,2025-05-01,B,NINJA,63,20.525783619817982
ICPUSDT,2025-05-02,B,NINJA,79,22.77188063288602
ICPUSDT,2025-05-03,B,NINJA,55,29.9554801780793
ICPUSDT,2025-05-09,B,TREND,94,12.497706001101117
ICPUSDT,2025-05-11,B,TREND,86,6.368211001214652
ICPUSDT,2025-05-29,B,NINJA,77,8.423654687202875
ICPUSDT,2025-06-02,B,NINJA,69,23.4375
ICPUSDT,2025-06-04,B,NINJA,82,21.561838815156765
ICPUSDT,2025-06-09,B,TREND,91,4.791908472890083
ICPUSDT,2025-06-30,B,NINJA,79,11.097511219910228
ICPUSDT,2025-07-06,B,NINJA,50,19.43353318172423
ICPUSDT,2025-07-07,B,NINJA,64,22.24314710190416
ICPUSDT,2025-07-10,B,TREND,97,13.99002032895953
ICPUSDT,2025-07-31,B,NINJA,56,10.325047801147203
ICPUSDT,2025-08-21,B,NINJA,56,9.597644749754664
ICPUSDT,2025-09-07,B,NINJA,75,6.960845245494096
ICPUSDT,2025-09-17,B,NINJA,66,3.162463828028095
ICPUSDT,2025-09-21,B,NINJA,55,0.2977456401531242
ICPUSDT,2025-10-02,B,TREND,92,2.6195153896529044
ICPUSDT,2025-10-30,B,NINJA,49,240.56016597510376
ICPUSDT,2025-11-02,B,TREND,93,130.00934142923865
ICPUSDT,2025-11-06,B,TREND,86,46.69347631814118
ICPUSDT,2025-11-07,B,TREND,88,19.744680851063844
ICPUSDT,2025-11-25,B,NINJA,74,0.7128075419636559
ICPUSDT,2025-11-29,B,NINJA,51,1.8995251187203133
ICPUSDT,2025-12-02,B,NINJA,57,3.0294977411639668
ICPUSDT,2025-12-03,B,NINJA,56,3.663101604278074
ICPUSDT,2025-12-04,B,NINJA,60,3.7627025542433357
ICPUSDT,2025-12-06,B,NINJA,55,7.97370677336382
ICPUSDT,2025-12-08,B,NINJA,58,11.215778628201356
ICPUSDT,2025-12-10,B,NINJA,64,1.304726007538437
ICPUSDT,2025-12-12,B,NINJA,44,8.039579468150905
ICPUSDT,2025-12-24,B,NINJA,45,6.877076411960137
ICPUSDT,2025-12-25,B,NINJA,56,10.362173038229372
ICPUSDT,2025-12-28,B,NINJA,72,17.36842105263159
ICXUSDT,2025-01-09,B-,NINJA,68,0.982318271119853
ICXUSDT,2025-01-10,B-,NINJA,64,2.851425712856437
ICXUSDT,2025-01-11,B-,NINJA,69,2.25338007010516
ICXUSDT,2025-01-12,B-,NINJA,64,4.796286745745237
ICXUSDT,2025-01-22,B-,NINJA,51,3.067846607669611
ICXUSDT,2025-01-26,B-,NINJA,54,0.9750152346130303
ICXUSDT,2025-01-28,B-,NINJA,36,8.704318936877087
ICXUSDT,2025-01-30,B-,NINJA,59,3.2176656151419625
ICXUSDT,2025-01-31,B-,NINJA,59,2.2292993630573354
ICXUSDT,2025-02-04,B-,NINJA,55,5.782575173477245
ICXUSDT,2025-02-05,B-,NINJA,52,7.946498819826897
ICXUSDT,2025-02-11,B-,NINJA,62,7.523510971786829
ICXUSDT,2025-02-15,B-,NINJA,57,4.039634146341453
ICXUSDT,2025-02-21,B-,NINJA,74,6.186374314800314
ICXUSDT,2025-02-26,B-,NINJA,50,7.744107744107742
ICXUSDT,2025-02-27,B-,NINJA,57,7.472712006717042
ICXUSDT,2025-03-03,B-,NINJA,51,3.507194244604328
ICXUSDT,2025-03-06,B-,NINJA,57,1.8884892086330929
ICXUSDT,2025-03-22,B-,NINJA,59,6.953966699314407
ICXUSDT,2025-03-23,B-,NINJA,65,7.7986179664363275
ICXUSDT,2025-04-01,B-,NINJA,58,0.8501594048884176
ICXUSDT,2025-04-05,B-,NINJA,50,9.305064782096562
ICXUSDT,2025-04-06,B-,NINJA,48,24.306472919418766
ICXUSDT,2025-04-08,B-,NINJA,52,33.73173970783532
ICXUSDT,2025-04-15,B-,NINJA,50,24.68571428571429
ICXUSDT,2025-04-29,B-,NINJA,49,33.39768339768339
ICXUSDT,2025-05-02,B-,NINJA,81,31.11954459203037
ICXUSDT,2025-05-06,B-,NINJA,66,14.554455445544544
ICXUSDT,2025-05-08,B-,NINJA,60,9.254013220018887
ICXUSDT,2025-05-09,B-,NINJA,71,6.439742410303584
ICXUSDT,2025-05-14,B-,NINJA,71,8.157653528872588
ICXUSDT,2025-05-16,B-,NINJA,70,8.856088560885599
ICXUSDT,2025-05-18,B-,NINJA,52,20.737327188940103
ICXUSDT,2025-05-20,B-,NINJA,76,27.137546468401496
ICXUSDT,2025-05-26,B-,NINJA,71,38.893766461808596
ICXUSDT,2025-05-28,B-,NINJA,83,35.86956521739131
ICXUSDT,2025-05-30,B-,NINJA,76,42.82296650717703
ICXUSDT,2025-05-31,B-,NINJA,56,49.37447873227689
ICXUSDT,2025-06-21,B-,NINJA,54,12.147134302822927
ICXUSDT,2025-07-06,B-,NINJA,47,15.460526315789469
ICXUSDT,2025-07-07,B-,NINJA,64,15.789473684210531
ICXUSDT,2025-07-26,B-,NINJA,56,4.625850340136051
ICXUSDT,2025-07-27,B-,NINJA,59,2.6702269692923997
ICXUSDT,2025-07-28,B-,NINJA,60,2.28408279800143
ICXUSDT,2025-07-31,B-,NINJA,39,7.225211375864737
ICXUSDT,2025-08-05,B-,NINJA,63,12.804399057344874
ICXUSDT,2025-08-11,B-,NINJA,46,10.631741140215723
ICXUSDT,2025-08-16,B-,NINJA,60,1.9867549668874274
ICXUSDT,2025-08-17,B-,NINJA,71,2.742772424017792
ICXUSDT,2025-08-21,B-,NINJA,57,10.262529832935563
ICXUSDT,2025-08-25,B-,NINJA,61,8.582995951417004
ICXUSDT,2025-08-27,B-,NINJA,65,3.3924441017733065
ICXUSDT,2025-08-31,B-,NINJA,70,5.485893416927912
ICXUSDT,2025-09-02,B-,NINJA,64,6.088992974238883
ICXUSDT,2025-09-06,B-,NINJA,63,10.127591706539075
ICXUSDT,2025-09-07,B-,NINJA,60,8.911671924290232
ICXUSDT,2025-09-21,B-,NINJA,50,0.15760441292353988
ICXUSDT,2025-09-27,B-,NINJA,53,8.289241622574961
ICXUSDT,2025-09-29,B-,NINJA,60,7.342657342657355
ICXUSDT,2025-10-07,B-,NINJA,45,10.008628127696294
ICXUSDT,2025-10-09,B-,NINJA,42,12.23591549295775
ICXUSDT,2025-10-10,B-,NINJA,55,22.170900692840668
ICXUSDT,2025-10-18,B-,NINJA,46,8.542141230068335
ICXUSDT,2025-10-19,B-,NINJA,61,5.303867403314921
ICXUSDT,2025-10-24,B-,NINJA,67,5.537098560354359
ICXUSDT,2025-11-01,B-,NINJA,60,2.3474178403755985
ICXUSDT,2025-11-06,B-,NINJA,53,17.83783783783783
ICXUSDT,2025-11-15,B-,NINJA,46,1.1842105263157876
ICXUSDT,2025-11-16,B-,NINJA,49,3.653585926928282
ICXUSDT,2025-11-19,B-,NINJA,45,6.28491620111733
ICXUSDT,2025-11-24,B-,NINJA,69,3.7735849056603543
ICXUSDT,2025-12-07,B-,NINJA,65,8.742331288343586
ICXUSDT,2025-12-08,B-,NINJA,61,7.58725341426405
ICXUSDT,2025-12-10,B-,NINJA,76,0.29761904761904656
ICXUSDT,2025-12-12,B-,NINJA,50,1.7027863777089536
ICXUSDT,2025-12-13,B-,NINJA,59,0.0
ICXUSDT,2025-12-14,B-,NINJA,36,1.6207455429497752
ICXUSDT,2025-12-24,B-,NINJA,47,18.53932584269662
ICXUSDT,2025-12-25,B-,NINJA,44,20.34220532319391
ICXUSDT,2025-12-28,B-,NINJA,64,14.46654611211573
IDOLUSDT,2025-09-04,C+,TREND,92,2.1412749200098613
IDUSDT,2025-01-10,B-,NINJA,66,4.947626476487632
IDUSDT,2025-01-11,B-,NINJA,65,6.634963768115942
IDUSDT,2025-02-20,B-,NINJA,68,2.801384954359465
IDUSDT,2025-02-21,B-,NINJA,74,4.418067919551594
IDUSDT,2025-02-23,B-,NINJA,58,0.7032819825854242
IDUSDT,2025-02-27,B-,NINJA,78,3.3667621776504397
IDUSDT,2025-03-01,B-,NINJA,59,8.659638554216876
IDUSDT,2025-03-24,B-,NINJA,65,2.666151468315303
IDUSDT,2025-03-26,B-,NINJA,57,6.237504998000798
IDUSDT,2025-03-27,B-,NINJA,67,0.23547880690737433
IDUSDT,2025-04-20,B-,NINJA,87,18.12262615301141
IDUSDT,2025-06-03,B-,NINJA,79,4.649890590809624
IDUSDT,2025-06-16,B-,NINJA,60,1.642335766423364
IDUSDT,2025-06-19,B-,NINJA,52,2.4872448979591955
IDUSDT,2025-07-06,B-,NINJA,61,22.664924885695605
IDUSDT,2025-07-07,B-,NINJA,61,24.78405315614618
IDUSDT,2025-07-31,B-,NINJA,49,12.982241273729333
IDUSDT,2025-08-17,B-,NINJA,66,4.839685420447681
IDUSDT,2025-08-21,B-,NINJA,58,28.865979381443307
IDUSDT,2025-08-25,B-,NINJA,61,32.27513227513228
IDUSDT,2025-08-27,B-,NINJA,70,24.53300124533002
IDUSDT,2025-09-02,B-,NINJA,48,6.39899623588458
IDUSDT,2025-09-03,B-,NINJA,62,8.432229856339802
IDUSDT,2025-09-05,B-,NINJA,67,8.432229856339802
IDUSDT,2025-09-15,B-,NINJA,50,16.907605279698302
IDUSDT,2025-09-17,B-,NINJA,62,13.138686131386867
IDUSDT,2025-09-19,B-,NINJA,74,12.183353437876953
IDUSDT,2025-10-30,B-,NINJA,55,7.632093933463802
IDUSDT,2025-11-01,B-,NINJA,67,1.6635859519408491
IDUSDT,2025-12-07,B-,NINJA,56,11.946308724832221
IDUSDT,2025-12-08,B-,NINJA,57,10.756972111553775
ILVUSDT,2025-02-20,C+,NINJA,73,2.626158599382067
ILVUSDT,2025-02-23,C+,NINJA,68,6.293333333333329
ILVUSDT,2025-03-23,C+,NINJA,78,10.230352303523027
ILVUSDT,2025-03-25,C+,NINJA,78,1.654996817313803
ILVUSDT,2025-05-14,C+,NINJA,52,4.7896440129449935
ILVUSDT,2025-06-01,C+,NINJA,64,4.496951219512213
ILVUSDT,2025-06-02,C+,NINJA,76,2.2371364653243964
ILVUSDT,2025-07-06,C+,NINJA,56,31.310211946050103
ILVUSDT,2025-07-07,C+,NINJA,68,33.13896987366376
ILVUSDT,2025-07-31,C+,NINJA,47,90.47619047619048
ILVUSDT,2025-08-25,C+,NINJA,47,8.720514653323796
ILVUSDT,2025-08-27,C+,NINJA,60,3.378378378378377
ILVUSDT,2025-08-28,C+,NINJA,68,2.34113712374584
ILVUSDT,2025-08-30,C+,NINJA,58,8.509142053445839
ILVUSDT,2025-08-31,C+,NINJA,60,11.649782923299568
ILVUSDT,2025-09-02,C+,NINJA,55,18.833087149187588
ILVUSDT,2025-09-04,C+,NINJA,68,19.689119170984483
ILVUSDT,2025-09-21,C+,NINJA,45,0.42105263157894424
ILVUSDT,2025-10-30,C+,NINJA,49,34.849951597289454
ILVUSDT,2025-11-01,C+,NINJA,68,30.065359477124165
ILVUSDT,2025-11-02,C+,NINJA,67,31.5391879131256
ILVUSDT,2025-12-04,C+,NINJA,81,2.0689655172413834
ILVUSDT,2025-12-07,C+,NINJA,58,5.270655270655267
ILVUSDT,2025-12-08,C+,NINJA,69,4.084507042253516
ILVUSDT,2025-12-10,C+,NINJA,70,0.5722460658083017
IMXUSDT,2025-09-13,B-,TREND,94,42.920353982300874
INJUSDT,2025-04-23,B-,TREND,97,11.542497376705164
IOSTUSDT,2025-01-10,B-,NINJA,59,10.011686793922859
IOSTUSDT,2025-01-11,B-,NINJA,62,10.384364820846903
IOSTUSDT,2025-01-19,B-,NINJA,37,8.449381943357848
IOSTUSDT,2025-01-22,B-,NINJA,50,2.321144674085862
IOSTUSDT,2025-01-24,B-,NINJA,39,5.352758225568843
IOSTUSDT,2025-01-26,B-,NINJA,53,2.700080840743735
IOSTUSDT,2025-01-28,B-,NINJA,33,12.544294826364277
IOSTUSDT,2025-01-30,B-,NINJA,60,6.918027268136684
IOSTUSDT,2025-02-04,B-,NINJA,48,6.711684059750356
IOSTUSDT,2025-02-05,B-,NINJA,45,8.600583090379011
IOSTUSDT,2025-02-15,B-,NINJA,65,6.9247655158650945
IOSTUSDT,2025-02-17,B-,NINJA,73,4.935370152761442
IOSTUSDT,2025-02-21,B-,NINJA,70,5.656606036378187
IOSTUSDT,2025-02-26,B-,NINJA,49,9.751811992093117
IOSTUSDT,2025-02-27,B-,NINJA,56,9.295713035870513
IOSTUSDT,2025-03-03,B-,NINJA,54,63.30106039649608
IOSTUSDT,2025-03-06,B-,NINJA,60,62.03110704483075
IOSTUSDT,2025-03-09,B-,NINJA,29,80.0254129606099
IOSTUSDT,2025-03-11,B-,NINJA,59,13.460046547711402
IOSTUSDT,2025-03-14,B-,NINJA,52,5.21071206144903
IOSTUSDT,2025-03-17,B-,NINJA,34,0.15408320493066618
IOSTUSDT,2025-03-19,B-,NINJA,46,2.1554689291446882
IOSTUSDT,2025-03-23,B-,NINJA,47,6.834532374100721
IOSTUSDT,2025-04-01,B-,NINJA,62,0.8765145656096873
IOSTUSDT,2025-04-08,B-,NINJA,46,27.534823453190825
IOSTUSDT,2025-04-15,B-,NINJA,35,18.229166666666675
IOSTUSDT,2025-04-16,B-,NINJA,54,19.764096662830855
IOSTUSDT,2025-04-29,B-,NINJA,57,7.259296994396336
IOSTUSDT,2025-05-01,B-,NINJA,65,23.633156966490287
IOSTUSDT,2025-05-03,B-,NINJA,62,28.961892247043373
IOSTUSDT,2025-05-06,B-,NINJA,57,36.45717463848721
IOSTUSDT,2025-05-14,B-,NINJA,46,1.4758390859319404
IOSTUSDT,2025-05-16,B-,NINJA,37,9.011553273427463
IOSTUSDT,2025-05-23,B-,NINJA,75,4.012345679012341
IOSTUSDT,2025-05-26,B-,NINJA,50,3.0943785456420736
IOSTUSDT,2025-05-28,B-,NINJA,56,13.119834710743806
IOSTUSDT,2025-05-29,B-,NINJA,53,17.900403768506056
IOSTUSDT,2025-07-06,B-,NINJA,52,25.5941499085923
IOSTUSDT,2025-07-07,B-,NINJA,73,24.946953622309785
IOSTUSDT,2025-07-12,B-,NINJA,68,45.4059829059829
IOSTUSDT,2025-07-14,B-,NINJA,53,46.30475678581028
IOSTUSDT,2025-07-16,B-,NINJA,51,46.580506192784064
IOSTUSDT,2025-07-18,B-,NINJA,50,49.601538884308894
IOSTUSDT,2025-07-20,B-,NINJA,67,3.2746714190242887
IOSTUSDT,2025-07-21,B-,NINJA,74,3.189276635082039
IOSTUSDT,2025-07-30,B-,NINJA,53,2.035490605427981
IOSTUSDT,2025-07-31,B-,NINJA,41,8.52585258525853
IOSTUSDT,2025-08-04,B-,NINJA,61,8.66504197129705
IOSTUSDT,2025-08-11,B-,NINJA,58,9.975335708413269
IOSTUSDT,2025-08-16,B-,NINJA,55,19.977894445979572
IOSTUSDT,2025-08-17,B-,NINJA,66,20.778859527121018
IOSTUSDT,2025-08-21,B-,NINJA,53,25.237957888664564
IOSTUSDT,2025-08-25,B-,NINJA,61,0.0
IOSTUSDT,2025-08-27,B-,NINJA,38,1.3799177921315353
IOSTUSDT,2025-08-28,B-,NINJA,34,0.3208868144690902
IOSTUSDT,2025-08-29,B-,NINJA,39,4.0000000000000036
IOSTUSDT,2025-08-30,B-,NINJA,50,1.3988095238095077
IOSTUSDT,2025-08-31,B-,NINJA,47,4.094103269172011
IOSTUSDT,2025-09-02,B-,NINJA,48,7.125154894671626
IOSTUSDT,2025-09-04,B-,NINJA,58,10.062893081761004
IOSTUSDT,2025-09-06,B-,NINJA,63,8.258583359109185
IOSTUSDT,2025-09-21,B-,NINJA,51,0.2743902439024337
IOSTUSDT,2025-09-27,B-,NINJA,54,6.831056314561801
IOSTUSDT,2025-09-29,B-,NINJA,58,7.1524064171123
IOSTUSDT,2025-10-07,B-,NINJA,53,2.796972688384347
IOSTUSDT,2025-10-09,B-,NINJA,46,1.826635669212906
IOSTUSDT,2025-10-18,B-,NINJA,56,6.510851419031716
IOSTUSDT,2025-10-19,B-,NINJA,63,4.761904761904767
IOSTUSDT,2025-10-20,B-,NINJA,64,5.980066445182719
IOSTUSDT,2025-10-24,B-,NINJA,57,4.335139641517305
IOSTUSDT,2025-10-25,B-,NINJA,61,4.8157453936348515
IOSTUSDT,2025-10-27,B-,NINJA,63,2.258469259723972
IOSTUSDT,2025-10-30,B-,NINJA,50,2.070207020702064
IOSTUSDT,2025-11-02,B-,NINJA,63,2.1904336164505933
IOSTUSDT,2025-11-06,B-,NINJA,58,15.105740181268889
IOSTUSDT,2025-11-15,B-,NINJA,45,13.987792472024418
IOSTUSDT,2025-11-16,B-,NINJA,48,19.012214551248018
IOSTUSDT,2025-11-19,B-,NINJA,50,23.376623376623364
IOSTUSDT,2025-11-20,B-,NINJA,49,27.85874439461884
IOSTUSDT,2025-11-23,B-,NINJA,48,50.32602252519267
IOSTUSDT,2025-11-28,B-,NINJA,72,28.535225544855546
IOSTUSDT,2025-11-29,B-,NINJA,83,23.526546517291756
IOSTUSDT,2025-12-03,B-,NINJA,49,0.6069802731411222
IOSTUSDT,2025-12-10,B-,NINJA,54,0.3370786516853963
IOSTUSDT,2025-12-12,B-,NINJA,41,1.9332161687170446
IOSTUSDT,2025-12-13,B-,NINJA,45,0.5824111822946954
IOSTUSDT,2025-12-14,B-,NINJA,47,4.161490683229818
IOSTUSDT,2025-12-25,B-,NINJA,66,30.735386549340028
IOSTUSDT,2025-12-28,B-,NINJA,75,29.35323383084576
IOTAUSDT,2025-01-11,B-,NINJA,74,26.10501334915454
IOTAUSDT,2025-01-19,B-,NINJA,51,12.788195511835232
IOTAUSDT,2025-01-22,B-,NINJA,55,5.351067120321695
IOTAUSDT,2025-01-24,B-,NINJA,51,5.5014146494813065
IOTAUSDT,2025-01-26,B-,NINJA,59,2.3158571888066914
IOTAUSDT,2025-02-19,B-,NINJA,53,7.898259705488608
IOTAUSDT,2025-02-21,B-,NINJA,69,44.220183486238525
IOTAUSDT,2025-02-23,B-,NINJA,68,38.68548742831936
IOTAUSDT,2025-03-23,B-,NINJA,74,13.99243652079958
IOTAUSDT,2025-03-26,B-,NINJA,83,2.736948808920414
IOTAUSDT,2025-04-01,B-,NINJA,62,2.4641833810888247
IOTAUSDT,2025-04-17,B-,NINJA,49,54.6964856230032
IOTAUSDT,2025-04-18,B-,NINJA,63,52.45591939546601
IOTAUSDT,2025-04-23,B-,TREND,97,23.773006134969332
IOTAUSDT,2025-05-12,B-,NINJA,66,5.8580858085808485
IOTAUSDT,2025-05-14,B-,NINJA,57,1.671541997492687
IOTAUSDT,2025-05-16,B-,NINJA,44,6.91823899371069
IOTAUSDT,2025-05-20,B-,NINJA,75,6.107891217119921
IOTAUSDT,2025-05-26,B-,NINJA,59,3.879728419010675
IOTAUSDT,2025-06-16,B-,NINJA,61,1.9538188277087087
IOTAUSDT,2025-06-19,B-,NINJA,62,1.945288753799379
IOTAUSDT,2025-07-06,B-,NINJA,59,53.508771929824576
IOTAUSDT,2025-07-07,B-,NINJA,73,56.40050697084917
IOTAUSDT,2025-07-10,B-,TREND,98,41.09890109890109
IOTAUSDT,2025-08-11,B-,NINJA,73,15.773508594539942
IOTAUSDT,2025-08-14,B-,NINJA,78,8.012018027040568
IOTAUSDT,2025-08-16,B-,NINJA,57,3.6023054755043304
IOTAUSDT,2025-08-17,B-,NINJA,74,2.8270244369908992
IOTAUSDT,2025-08-21,B-,NINJA,60,11.019141231246765
IOTAUSDT,2025-08-25,B-,NINJA,46,8.364213869772353
IOTAUSDT,2025-08-27,B-,NINJA,60,5.028219599794759
IOTAUSDT,2025-08-28,B-,NINJA,71,0.5432098765432158
IOTAUSDT,2025-09-02,B-,NINJA,54,7.470651013874052
IOTAUSDT,2025-09-21,B-,NINJA,49,4.83958673191951
IOTAUSDT,2025-10-30,B-,NINJA,47,8.99780541331383
IOTAUSDT,2025-10-31,B-,NINJA,51,10.415149308084493
IOTAUSDT,2025-11-01,B-,NINJA,66,7.329105003523595
IOTAUSDT,2025-12-10,B-,NINJA,73,0.19157088122605526
IOTAUSDT,2025-12-12,B-,NINJA,47,1.1988011988012026
IOTAUSDT,2025-12-13,B-,NINJA,53,0.4995004995004937
IOTAUSDT,2025-12-14,B-,NINJA,36,2.1164021164021163
IOTXUSDT,2025-01-11,C+,NINJA,56,10.721982758620685
IOTXUSDT,2025-02-21,C+,NINJA,70,10.368421052631582
IOTXUSDT,2025-03-22,C+,NINJA,50,12.165308498253768
IOTXUSDT,2025-03-30,C+,NINJA,58,15.490533562822705
IOTXUSDT,2025-04-02,C+,NINJA,76,14.069506726457393
IOTXUSDT,2025-04-04,C+,NINJA,60,11.997798569069907
IOTXUSDT,2025-04-06,C+,NINJA,73,11.384783798576903
IOTXUSDT,2025-05-07,C+,NINJA,54,27.173913043478272
IOTXUSDT,2025-05-10,C+,TREND,95,1.1373976342129222
IOTXUSDT,2025-06-19,C+,NINJA,67,3.4637876743139895
IOTXUSDT,2025-06-29,C+,NINJA,73,4.766311892642294
IOTXUSDT,2025-06-30,C+,NINJA,64,8.741594620557148
IOTXUSDT,2025-07-03,C+,NINJA,79,5.999077065066927
IOTXUSDT,2025-07-06,C+,NINJA,50,10.420560747663554
IOTXUSDT,2025-07-07,C+,NINJA,67,13.30166270783848
IOTXUSDT,2025-07-14,C+,NINJA,68,29.382151029748282
IOTXUSDT,2025-08-21,C+,NINJA,73,14.408294601358618
IOTXUSDT,2025-08-26,C+,NINJA,57,11.304347826086957
IOTXUSDT,2025-08-27,C+,NINJA,78,1.4362057448229715
IOTXUSDT,2025-08-28,C+,NINJA,80,0.6189821182943644
IOTXUSDT,2025-08-30,C+,NINJA,45,1.8759018759018753
IOTXUSDT,2025-08-31,C+,NINJA,44,2.1431166000726476
IOTXUSDT,2025-09-01,C+,NINJA,48,0.36023054755043304
IOTXUSDT,2025-09-02,C+,NINJA,66,1.1155091759625702
IOTXUSDT,2025-09-03,C+,NINJA,67,3.125
IOTXUSDT,2025-10-09,C+,NINJA,52,4.166666666666674
IOTXUSDT,2025-10-30,C+,NINJA,67,12.17075386012716
IOTXUSDT,2025-12-03,C+,NINJA,67,2.1077283372365363
IOTXUSDT,2025-12-04,C+,NINJA,74,4.710144927536253
IOTXUSDT,2025-12-07,C+,NINJA,57,7.568238213399514
IOTXUSDT,2025-12-10,C+,NINJA,72,0.718562874251516
IOTXUSDT,2025-12-12,C+,NINJA,58,0.9815950920245342
IOTXUSDT,2025-12-13,C+,NINJA,57,0.0
IOTXUSDT,2025-12-14,C+,NINJA,50,2.149178255372952
IPUSDT,2025-07-11,C,TREND,92,10.969968362555548
JELLYJELLYUSDT,2025-10-30,C+,TREND,87,276.3252011751182
JOEUSDT,2025-02-21,B-,NINJA,84,6.900826446280983
JOEUSDT,2025-02-26,B-,NINJA,63,11.050228310502286
JOEUSDT,2025-02-27,B-,NINJA,77,8.960573476702493
JOEUSDT,2025-03-01,B-,NINJA,77,13.06369130636913
JOEUSDT,2025-04-01,B-,NINJA,56,0.5824111822946954
JOEUSDT,2025-04-17,B-,NINJA,50,35.410044500953596
JOEUSDT,2025-04-18,B-,NINJA,58,35.32401524777635
JOEUSDT,2025-05-29,B-,NINJA,49,1.4236902050113853
JOEUSDT,2025-06-15,B-,NINJA,66,5.3040103492884905
JOEUSDT,2025-06-16,B-,NINJA,75,2.448453608247414
JOEUSDT,2025-06-19,B-,NINJA,58,4.236718224613312
JOEUSDT,2025-07-06,B-,NINJA,53,26.72651933701655
JOEUSDT,2025-07-07,B-,NINJA,66,28.59145059565522
JOEUSDT,2025-08-16,B-,NINJA,54,4.329004329004316
JOEUSDT,2025-08-17,B-,NINJA,73,3.245560318432328
JOEUSDT,2025-08-19,B-,NINJA,44,11.507936507936511
JOEUSDT,2025-08-21,B-,NINJA,55,23.87267904509285
JOEUSDT,2025-10-09,B-,NINJA,52,2.6710097719869763
JOEUSDT,2025-10-30,B-,NINJA,53,12.056074766355152
JOEUSDT,2025-12-07,B-,NINJA,66,10.826210826210826
JOEUSDT,2025-12-08,B-,NINJA,66,7.458563535911589
JOEUSDT,2025-12-10,B-,NINJA,74,0.0
JOEUSDT,2025-12-12,B-,NINJA,55,1.857142857142846
JSTUSDT,2025-01-09,B-,NINJA,41,7.870936201417744
JSTUSDT,2025-01-10,B-,NINJA,41,7.923697725605283
JSTUSDT,2025-01-11,B-,NINJA,49,9.585299230196176
JSTUSDT,2025-01-15,B-,NINJA,57,6.465302046929611
JSTUSDT,2025-01-16,B-,NINJA,63,7.43073047858942
JSTUSDT,2025-01-21,B-,NINJA,46,4.789322166971988
JSTUSDT,2025-01-22,B-,NINJA,70,0.786602385181423
JSTUSDT,2025-01-28,B-,NINJA,50,9.421487603305788
JSTUSDT,2025-02-04,B-,NINJA,58,0.742857142857134
JSTUSDT,2025-02-05,B-,NINJA,58,6.322188449848021
JSTUSDT,2025-02-07,B-,NINJA,54,5.967888518630726
JSTUSDT,2025-02-08,B-,NINJA,55,5.139765554553644
JSTUSDT,2025-02-09,B-,NINJA,69,4.761904761904745
JSTUSDT,2025-02-13,B-,NINJA,55,4.630186410102222
JSTUSDT,2025-02-15,B-,NINJA,42,3.479036574487049
JSTUSDT,2025-02-19,B-,NINJA,51,3.050044418122577
JSTUSDT,2025-02-21,B-,NINJA,74,4.009575104727703
JSTUSDT,2025-02-24,B-,NINJA,53,1.9213449414590356
JSTUSDT,2025-03-01,B-,NINJA,65,4.51713395638631
JSTUSDT,2025-03-03,B-,NINJA,60,5.835962145110418
JSTUSDT,2025-03-06,B-,NINJA,64,4.647535870243313
JSTUSDT,2025-03-14,B-,NINJA,54,6.07368071689347
JSTUSDT,2025-03-15,B-,NINJA,55,6.285334220152983
JSTUSDT,2025-03-19,B-,NINJA,69,5.273566249176009
JSTUSDT,2025-03-25,B-,NINJA,51,7.317073170731714
JSTUSDT,2025-04-01,B-,NINJA,60,5.939004815409321
JSTUSDT,2025-04-02,B-,NINJA,71,2.721741914825482
JSTUSDT,2025-04-04,B-,NINJA,63,1.134930643127352
JSTUSDT,2025-04-05,B-,NINJA,60,2.328548644338091
JSTUSDT,2025-04-08,B-,NINJA,33,9.075224292615601
JSTUSDT,2025-04-10,B-,NINJA,51,7.116231785835292
JSTUSDT,2025-04-16,B-,NINJA,46,7.519531249999978
JSTUSDT,2025-04-18,B-,NINJA,36,44.59415050936575
JSTUSDT,2025-04-20,B-,NINJA,66,42.76443867618429
JSTUSDT,2025-05-01,B-,NINJA,56,9.219668626402978
JSTUSDT,2025-05-03,B-,NINJA,34,14.578076815250895
JSTUSDT,2025-05-04,B-,NINJA,33,15.061936936936915
JSTUSDT,2025-05-05,B-,NINJA,32,15.943262411347515
JSTUSDT,2025-05-11,B-,NINJA,71,4.279638490164817
JSTUSDT,2025-05-14,B-,NINJA,51,4.528601694915246
JSTUSDT,2025-05-16,B-,NINJA,44,8.972943125345111
JSTUSDT,2025-05-28,B-,NINJA,61,6.832475700400242
JSTUSDT,2025-06-02,B-,NINJA,58,12.255932712526274
JSTUSDT,2025-06-03,B-,NINJA,71,5.3360849056603765
JSTUSDT,2025-06-06,B-,NINJA,61,5.929439667951364
JSTUSDT,2025-06-11,B-,NINJA,71,2.165642376353527
JSTUSDT,2025-06-16,B-,NINJA,68,8.071342200725518
JSTUSDT,2025-06-20,B-,NINJA,78,6.051616730940368
JSTUSDT,2025-06-25,B-,NINJA,56,4.843049327354243
JSTUSDT,2025-06-27,B-,NINJA,41,4.219910846953923
JSTUSDT,2025-06-28,B-,NINJA,59,3.6960378474275357
JSTUSDT,2025-07-07,B-,NINJA,66,10.610465116279077
JSTUSDT,2025-07-23,B-,NINJA,57,16.85090320841196
JSTUSDT,2025-07-26,B-,NINJA,54,15.727636849132164
JSTUSDT,2025-07-27,B-,NINJA,52,16.068559185859655
JSTUSDT,2025-08-05,B-,NINJA,51,8.464142813173293
JSTUSDT,2025-08-14,B-,NINJA,65,8.592375366568916
JSTUSDT,2025-08-17,B-,NINJA,46,17.597848819838656
JSTUSDT,2025-08-25,B-,NINJA,60,12.482024733966046
JSTUSDT,2025-08-27,B-,NINJA,61,8.578567462520814
JSTUSDT,2025-08-30,B-,NINJA,54,2.3026315789473673
JSTUSDT,2025-09-01,B-,NINJA,45,0.8271534512264589
JSTUSDT,2025-09-03,B-,NINJA,38,0.6922411306605092
JSTUSDT,2025-09-06,B-,NINJA,53,4.177857356013126
JSTUSDT,2025-09-14,B-,NINJA,59,5.25394045534151
JSTUSDT,2025-09-19,B-,NINJA,58,8.843948083308195
JSTUSDT,2025-09-23,B-,NINJA,45,0.12128562765312267
JSTUSDT,2025-09-24,B-,NINJA,39,1.5063018751921176
JSTUSDT,2025-09-25,B-,NINJA,28,5.489945738908419
JSTUSDT,2025-09-27,B-,NINJA,55,3.9613225202744795
JSTUSDT,2025-10-07,B-,NINJA,49,1.157477916539773
JSTUSDT,2025-10-09,B-,NINJA,33,1.4515132798023522
JSTUSDT,2025-10-18,B-,NINJA,44,9.81457800511507
JSTUSDT,2025-10-24,B-,NINJA,54,7.759927250682019
JSTUSDT,2025-11-01,B-,NINJA,65,8.15857512209135
JSTUSDT,2025-11-04,B-,NINJA,58,10.410557184750747
JSTUSDT,2025-11-14,B-,NINJA,41,5.1948051948051965
JSTUSDT,2025-11-15,B-,NINJA,54,5.971381397908648
JSTUSDT,2025-11-16,B-,NINJA,51,6.863285556780596
JSTUSDT,2025-11-30,B-,TREND,81,4.870659519925424
JSTUSDT,2025-12-05,B-,NINJA,52,5.230230230230215
JSTUSDT,2025-12-06,B-,NINJA,62,1.3263263263263214
JSTUSDT,2025-12-11,B-,NINJA,52,9.112271540469962
JSTUSDT,2025-12-12,B-,NINJA,68,8.714880332986464
JSTUSDT,2025-12-17,B-,NINJA,72,2.5249999999999995
JSTUSDT,2025-12-20,B-,NINJA,45,3.908389345282548
JSTUSDT,2025-12-21,B-,NINJA,68,3.8832550086569384
JSTUSDT,2025-12-22,B-,NINJA,59,5.256570713391739
JSTUSDT,2025-12-28,B-,NINJA,74,11.159681151967082
KAIAUSDT,2025-01-10,B-,NINJA,67,25.05865790708588
KAIAUSDT,2025-01-12,B-,NINJA,74,27.573001436093826
KAIAUSDT,2025-01-18,B-,NINJA,69,4.340497260851239
KAIAUSDT,2025-01-21,B-,NINJA,48,2.4785939612438135
KAIAUSDT,2025-01-22,B-,NINJA,55,2.167766258246928
KAIAUSDT,2025-01-24,B-,NINJA,37,0.962000962000964
KAIAUSDT,2025-01-28,B-,NINJA,35,5.657327586206895
KAIAUSDT,2025-01-30,B-,NINJA,59,1.821019771071808
KAIAUSDT,2025-02-09,B-,NINJA,54,5.995388162951576
KAIAUSDT,2025-02-11,B-,NINJA,54,8.365310821181883
KAIAUSDT,2025-02-13,B-,NINJA,61,8.11638591117918
KAIAUSDT,2025-02-15,B-,NINJA,55,6.969696969696959
KAIAUSDT,2025-02-18,B-,NINJA,49,13.596138374899436
KAIAUSDT,2025-02-26,B-,NINJA,60,1.8764659890539326
KAIAUSDT,2025-03-01,B-,NINJA,41,8.583333333333343
KAIAUSDT,2025-03-03,B-,NINJA,49,5.46875
KAIAUSDT,2025-03-05,B-,NINJA,56,1.673640167364021
KAIAUSDT,2025-03-06,B-,NINJA,65,1.0273972602739656
KAIAUSDT,2025-03-08,B-,NINJA,49,0.9691629955947079
KAIAUSDT,2025-03-22,B-,NINJA,59,4.070305272895469
KAIAUSDT,2025-03-23,B-,NINJA,61,4.748603351955305
KAIAUSDT,2025-03-26,B-,NINJA,80,3.4576888080072754
KAIAUSDT,2025-04-01,B-,NINJA,55,8.908045977011492
KAIAUSDT,2025-04-08,B-,NINJA,40,11.485774499473145
KAIAUSDT,2025-04-10,B-,NINJA,55,5.800000000000005
KAIAUSDT,2025-04-15,B-,NINJA,48,21.300000000000008
KAIAUSDT,2025-04-17,B-,NINJA,40,20.4568023833168
KAIAUSDT,2025-04-18,B-,NINJA,60,20.4568023833168
KAIAUSDT,2025-04-22,B-,TREND,92,6.879194630872498
KAIAUSDT,2025-04-29,B-,NINJA,67,10.207612456747416
KAIAUSDT,2025-05-06,B-,NINJA,40,18.869644484958958
KAIAUSDT,2025-05-07,B-,NINJA,49,18.545454545454533
KAIAUSDT,2025-05-14,B-,NINJA,53,0.9554140127388644
KAIAUSDT,2025-05-16,B-,NINJA,34,5.25423728813561
KAIAUSDT,2025-05-23,B-,NINJA,68,2.857142857142847
KAIAUSDT,2025-05-25,B-,NINJA,43,1.1986301369862895
KAIAUSDT,2025-05-26,B-,NINJA,52,3.6842105263157787
KAIAUSDT,2025-05-28,B-,NINJA,53,3.866432337434089
KAIAUSDT,2025-05-29,B-,NINJA,54,3.866432337434089
KAIAUSDT,2025-06-07,B-,NINJA,49,68.7265917602996
KAIAUSDT,2025-06-09,B-,TREND,86,29.98614958448753
KAIAUSDT,2025-06-15,B-,NINJA,54,40.90019569471626
KAIAUSDT,2025-06-16,B-,NINJA,56,38.46153846153846
KAIAUSDT,2025-06-30,B-,NINJA,54,7.008760951188986
KAIAUSDT,2025-07-07,B-,NINJA,62,12.55752794214331
KAIAUSDT,2025-07-11,B-,NINJA,76,14.44159178433888
KAIAUSDT,2025-07-14,B-,NINJA,63,16.3554410817772
KAIAUSDT,2025-07-16,B-,NINJA,56,17.18547341115435
KAIAUSDT,2025-07-23,B-,NINJA,56,3.825136612021862
KAIAUSDT,2025-07-26,B-,NINJA,57,3.1363088057901223
KAIAUSDT,2025-07-27,B-,NINJA,71,0.8849557522123908
KAIAUSDT,2025-07-28,B-,NINJA,66,2.372034956304625
KAIAUSDT,2025-07-30,B-,NINJA,45,2.031746031746029
KAIAUSDT,2025-07-31,B-,NINJA,36,3.4551495016611256
KAIAUSDT,2025-08-05,B-,NINJA,55,21.31837307152873
KAIAUSDT,2025-08-11,B-,NINJA,44,19.392684610075904
KAIAUSDT,2025-08-14,B-,NINJA,74,3.198976327575176
KAIAUSDT,2025-08-17,B-,NINJA,68,3.1390134529148073
KAIAUSDT,2025-08-19,B-,NINJA,46,15.980460572226086
KAIAUSDT,2025-08-21,B-,NINJA,57,14.384033035099764
KAIAUSDT,2025-08-31,B-,NINJA,51,10.694822888283362
KAIAUSDT,2025-09-02,B-,NINJA,59,10.020311442112394
KAIAUSDT,2025-09-03,B-,NINJA,77,10.416666666666675
KAIAUSDT,2025-09-06,B-,NINJA,58,12.920962199312713
KAIAUSDT,2025-09-22,B-,NINJA,51,5.890138980807413
KAIAUSDT,2025-09-25,B-,NINJA,67,5.023442732752859
KAIAUSDT,2025-09-27,B-,NINJA,67,3.430079155672816
KAIAUSDT,2025-09-29,B-,NINJA,70,2.2831050228310446
KAIAUSDT,2025-10-05,B-,NINJA,42,1.941097724230234
KAIAUSDT,2025-10-07,B-,NINJA,40,1.2684989429175397
KAIAUSDT,2025-10-30,B-,NINJA,45,4.121687929342488
KAIAUSDT,2025-11-01,B-,NINJA,70,1.1428571428571566
KAIAUSDT,2025-11-02,B-,NINJA,68,1.9193857965451144
KAIAUSDT,2025-11-06,B-,NINJA,56,18.000000000000014
KAIAUSDT,2025-11-15,B-,NINJA,40,2.0477815699658564
KAIAUSDT,2025-11-17,B-,NINJA,48,2.4764150943396235
KAIAUSDT,2025-11-20,B-,NINJA,47,5.12499999999998
KAIAUSDT,2025-11-23,B-,NINJA,64,5.520702634880803
KAIAUSDT,2025-11-27,B-,NINJA,62,0.49261083743843415
KAIAUSDT,2025-11-30,B-,NINJA,36,4.347826086956519
KAIAUSDT,2025-12-07,B-,NINJA,66,3.1928480204342247
KAIAUSDT,2025-12-08,B-,NINJA,64,3.589743589743577
KAIAUSDT,2025-12-10,B-,NINJA,49,2.4967148488830526
KAIAUSDT,2025-12-12,B-,NINJA,47,1.6021361815754531
KAIAUSDT,2025-12-13,B-,NINJA,46,0.13175230566535578
KAIAUSDT,2025-12-14,B-,NINJA,50,2.0325203252032464
KAIAUSDT,2025-12-20,B-,NINJA,56,1.990049751243772
KAIAUSDT,2025-12-25,B-,NINJA,44,14.234234234234222
KAIAUSDT,2025-12-28,B-,NINJA,61,26.63139329805997
KASUSDT,2025-01-07,B,NINJA,36,36.34367038566284
KASUSDT,2025-01-10,B,NINJA,64,36.37393274089564
KASUSDT,2025-01-11,B,NINJA,73,34.42974922706974
KASUSDT,2025-01-15,B,TREND,90,13.279779997105233
KASUSDT,2025-02-23,B,NINJA,51,0.7679094675154152
KASUSDT,2025-02-26,B,NINJA,56,10.128055878928976
KASUSDT,2025-03-15,B,TREND,82,4.133565044687182
KASUSDT,2025-03-20,B,NINJA,79,7.717000513610683
KASUSDT,2025-03-24,B,NINJA,75,2.117887216126557
KASUSDT,2025-04-22,B,TREND,90,10.372017792155287
KASUSDT,2025-05-06,B,NINJA,62,45.72597589295589
KASUSDT,2025-05-26,B,NINJA,57,2.9173419773095732
KASUSDT,2025-05-28,B,NINJA,58,1.5514532600157116
KASUSDT,2025-06-19,B,NINJA,53,16.01719197707736
KASUSDT,2025-06-30,B,NINJA,70,16.123044285335464
KASUSDT,2025-07-07,B,NINJA,68,28.298126743722605
KASUSDT,2025-07-14,B,NINJA,68,38.83506478347147
KASUSDT,2025-08-11,B,NINJA,57,12.947474071595844
KASUSDT,2025-08-14,B,NINJA,79,4.438555813183176
KASUSDT,2025-08-16,B,NINJA,51,4.890219560878251
KASUSDT,2025-08-17,B,NINJA,61,2.7638190954773822
KASUSDT,2025-08-21,B,NINJA,58,9.677043255217455
KASUSDT,2025-08-25,B,NINJA,47,8.983957219251337
KASUSDT,2025-08-27,B,NINJA,71,5.29276693455798
KASUSDT,2025-09-02,B,NINJA,58,5.671144929259309
KASUSDT,2025-09-03,B,NINJA,72,7.793438351296911
KASUSDT,2025-09-16,B,NINJA,56,4.380577123652785
KASUSDT,2025-09-21,B,NINJA,49,0.3678724708767733
KASUSDT,2025-10-09,B,NINJA,52,1.5696887686062366
KASUSDT,2025-10-30,B,NINJA,58,2.2408963585434094
KASUSDT,2025-11-02,B,NINJA,53,5.106546362065667
KASUSDT,2025-11-25,B,TREND,91,24.747973907886923
KASUSDT,2025-12-14,B,NINJA,57,10.14230856110232
KASUSDT,2025-12-25,B,NINJA,50,20.100963744837074
KASUSDT,2025-12-26,B,NINJA,56,17.060660124888493
KAVAUSDT,2025-01-09,B,NINJA,64,2.7437820765890075
KAVAUSDT,2025-01-10,B,NINJA,54,3.8507581803671087
KAVAUSDT,2025-01-12,B,NINJA,57,7.76397515527949
KAVAUSDT,2025-01-14,B,NINJA,58,9.71753794266441
KAVAUSDT,2025-01-21,B,NINJA,66,6.760741364785172
KAVAUSDT,2025-01-26,B,NINJA,49,27.612110175278847
KAVAUSDT,2025-01-28,B,NINJA,39,34.56553048487756
KAVAUSDT,2025-01-30,B,NINJA,55,30.463113800325804
KAVAUSDT,2025-01-31,B,NINJA,56,23.67085815133465
KAVAUSDT,2025-02-01,B,NINJA,69,24.577777777777765
KAVAUSDT,2025-02-04,B,NINJA,64,8.535825545171338
KAVAUSDT,2025-02-07,B,NINJA,46,8.445735629798712
KAVAUSDT,2025-02-08,B,NINJA,48,11.120561343823088
KAVAUSDT,2025-02-09,B,NINJA,51,9.536784741144388
KAVAUSDT,2025-02-10,B,NINJA,51,12.799481977120642
KAVAUSDT,2025-02-15,B,NINJA,36,2.712933753943214
KAVAUSDT,2025-02-18,B,NINJA,53,0.9166302924487058
KAVAUSDT,2025-02-20,B,NINJA,60,0.7192676547515209
KAVAUSDT,2025-02-21,B,NINJA,47,8.571428571428562
KAVAUSDT,2025-02-23,B,NINJA,68,5.2414740215152245
KAVAUSDT,2025-02-26,B,NINJA,64,12.406468742457166
KAVAUSDT,2025-03-03,B,NINJA,50,14.930898321816377
KAVAUSDT,2025-03-09,B,NINJA,45,27.57707129094411
KAVAUSDT,2025-03-10,B,NINJA,44,38.0264141539995
KAVAUSDT,2025-03-14,B,TREND,81,22.983354673495526
KAVAUSDT,2025-03-24,B,NINJA,38,0.4628697927148151
KAVAUSDT,2025-03-26,B,NINJA,40,2.660140455416049
KAVAUSDT,2025-03-27,B,NINJA,32,0.10642826734781341
KAVAUSDT,2025-04-01,B,NINJA,53,13.69509043927648
KAVAUSDT,2025-04-04,B,NINJA,59,10.879396984924616
KAVAUSDT,2025-04-08,B,NINJA,62,8.321060382916068
KAVAUSDT,2025-04-10,B,NINJA,61,7.163671685284134
KAVAUSDT,2025-04-13,B,NINJA,70,8.866175421915855
KAVAUSDT,2025-04-15,B,NINJA,59,13.871879415920873
KAVAUSDT,2025-04-16,B,NINJA,63,14.14069877242683
KAVAUSDT,2025-04-21,B,NINJA,49,17.325891773841295
KAVAUSDT,2025-04-29,B,NINJA,46,12.808219178082192
KAVAUSDT,2025-05-05,B,NINJA,67,18.03621169916434
KAVAUSDT,2025-05-07,B,NINJA,60,16.68196420376318
KAVAUSDT,2025-05-13,B,NINJA,40,0.2110149820637286
KAVAUSDT,2025-05-14,B,NINJA,34,1.98483496877786
KAVAUSDT,2025-05-23,B,NINJA,65,7.238605898123329
KAVAUSDT,2025-05-26,B,NINJA,60,7.136083451872932
KAVAUSDT,2025-06-14,B,NINJA,48,4.425410421127762
KAVAUSDT,2025-06-15,B,NINJA,60,2.6186579378068675
KAVAUSDT,2025-06-21,B,NINJA,50,5.483157118268989
KAVAUSDT,2025-06-22,B,NINJA,53,5.71710202069986
KAVAUSDT,2025-06-27,B,NINJA,38,2.700024770869458
KAVAUSDT,2025-06-28,B,NINJA,44,2.4969097651421412
KAVAUSDT,2025-06-29,B,NINJA,76,1.5678588926996584
KAVAUSDT,2025-06-30,B,NINJA,72,4.02399400149962
KAVAUSDT,2025-07-06,B,NINJA,53,13.434727503168563
KAVAUSDT,2025-07-07,B,NINJA,53,13.78082888380372
KAVAUSDT,2025-07-11,B,NINJA,92,8.423586040914577
KAVAUSDT,2025-07-18,B,NINJA,62,6.663493574488322
KAVAUSDT,2025-07-20,B,NINJA,55,3.894297635605004
KAVAUSDT,2025-07-23,B,NINJA,49,0.8288639687957122
KAVAUSDT,2025-07-26,B,NINJA,48,1.7803410230692096
KAVAUSDT,2025-07-27,B,NINJA,47,0.5698711595639061
KAVAUSDT,2025-07-28,B,NINJA,49,0.8394810480793602
KAVAUSDT,2025-07-31,B,NINJA,51,5.784906652642641
KAVAUSDT,2025-08-02,B,NINJA,58,4.738349388180163
KAVAUSDT,2025-08-10,B,NINJA,69,2.10981189628876
KAVAUSDT,2025-08-11,B,NINJA,56,7.521413276231259
KAVAUSDT,2025-08-21,B,NINJA,35,5.302826379542402
KAVAUSDT,2025-08-23,B,NINJA,58,3.6565977742448297
KAVAUSDT,2025-08-25,B,NINJA,32,6.016260162601617
KAVAUSDT,2025-08-27,B,NINJA,41,6.506942553770756
KAVAUSDT,2025-08-29,B,NINJA,62,1.930706162390905
KAVAUSDT,2025-09-02,B,NINJA,49,1.4289565920733382
KAVAUSDT,2025-09-03,B,NINJA,38,1.9788560585524362
KAVAUSDT,2025-09-05,B,NINJA,54,1.8132611637347695
KAVAUSDT,2025-09-11,B,NINJA,71,0.570807284588204
KAVAUSDT,2025-09-13,B,NINJA,45,0.10911074740862503
KAVAUSDT,2025-09-19,B,NINJA,46,1.3440860215053752
KAVAUSDT,2025-09-28,B,NINJA,60,5.896958410924902
KAVAUSDT,2025-09-29,B,NINJA,60,5.896958410924902
KAVAUSDT,2025-10-05,B,NINJA,54,5.686761963952769
KAVAUSDT,2025-10-07,B,NINJA,55,5.261528938409166
KAVAUSDT,2025-10-10,B,NINJA,71,31.902206320810976
KAVAUSDT,2025-10-20,B,NINJA,53,3.5596572181938013
KAVAUSDT,2025-10-24,B,NINJA,58,12.054208273894428
KAVAUSDT,2025-10-26,B,NINJA,64,7.460643394934974
KAVAUSDT,2025-11-02,B,NINJA,70,45.13788098693758
KAVAUSDT,2025-11-09,B,NINJA,85,27.46972594008923
KAVAUSDT,2025-11-13,B,NINJA,43,-0.31725888324872775
KAVAUSDT,2025-11-14,B,NINJA,44,5.722260990928119
KAVAUSDT,2025-11-16,B,NINJA,29,2.442748091603053
KAVAUSDT,2025-11-24,B,NINJA,57,9.798994974874354
KAVAUSDT,2025-12-03,B,NINJA,62,1.4863748967795187
KAVAUSDT,2025-12-10,B,NINJA,53,0.27649769585254
KAVAUSDT,2025-12-20,B,NINJA,60,8.953341740226994
KAVAUSDT,2025-12-25,B,NINJA,48,13.6604774535809
KAVAUSDT,2025-12-28,B,NINJA,68,14.609571788413088
KMNOUSDT,2025-06-10,A,TREND,73,20.384
KMNOUSDT,2025-06-15,A,TREND,79,10.387323943661976
KMNOUSDT,2025-06-16,A,TREND,91,3.0547550432276527
KMNOUSDT,2025-07-17,A,TREND,74,15.127111953260709
KMNOUSDT,2025-07-21,A,TREND,79,6.267307972598735
KMNOUSDT,2025-08-08,A,TREND,83,28.220274390243905
KMNOUSDT,2025-08-09,A,TREND,71,23.64939360529217
KMNOUSDT,2025-08-10,A,TREND,77,24.220047997046336
KMNOUSDT,2025-08-13,A,TREND,82,9.183839039428854
KMNOUSDT,2025-08-14,A,TREND,83,2.6605066114385734
KMNOUSDT,2025-08-24,A,TREND,77,1.665306122448973
KMNOUSDT,2025-09-11,A,TREND,84,46.982332155477046
KMNOUSDT,2025-09-17,A,TREND,66,16.293893983448893
KMNOUSDT,2025-09-18,A,TREND,77,4.598930481283414
KMNOUSDT,2025-10-02,A,TREND,80,21.649484536082465
KMNOUSDT,2025-11-10,A,TREND,79,1.731192949323268
KMNOUSDT,2025-11-24,A,TREND,81,12.593105837519492
KMNOUSDT,2025-11-25,A,TREND,90,11.818338207466027
KMNOUSDT,2025-11-26,A,TREND,79,5.966742745353781
KMNOUSDT,2025-11-27,A,TREND,85,5.4168018164125975
KMNOUSDT,2025-12-03,A,TREND,77,6.000000000000005
KMNOUSDT,2025-12-04,A,TREND,68,7.036384035903187
KNCUSDT,2025-01-19,B-,NINJA,47,8.803275637446495
KNCUSDT,2025-01-22,B-,NINJA,61,2.953194650817248
KNCUSDT,2025-01-26,B-,NINJA,56,3.7128243985603326
KNCUSDT,2025-01-28,B-,NINJA,33,13.73078520980473
KNCUSDT,2025-01-30,B-,NINJA,59,8.287183544303778
KNCUSDT,2025-02-04,B-,NINJA,49,5.456702253855283
KNCUSDT,2025-02-05,B-,NINJA,46,8.732876712328764
KNCUSDT,2025-02-17,B-,NINJA,72,4.423121928387541
KNCUSDT,2025-02-19,B-,NINJA,56,5.734597156398102
KNCUSDT,2025-02-21,B-,NINJA,61,7.12900096993212
KNCUSDT,2025-02-26,B-,NINJA,49,9.128310619696567
KNCUSDT,2025-02-27,B-,NINJA,59,6.847935548841888
KNCUSDT,2025-03-03,B-,NINJA,53,4.892205638474301
KNCUSDT,2025-03-06,B-,NINJA,55,2.7247956403269713
KNCUSDT,2025-03-09,B-,NINJA,38,14.18137553256238
KNCUSDT,2025-03-13,B-,NINJA,64,13.611615245009068
KNCUSDT,2025-04-06,B-,NINJA,43,15.969046781568764
KNCUSDT,2025-04-08,B-,NINJA,45,30.249632892804712
KNCUSDT,2025-04-15,B-,NINJA,52,24.06039190491487
KNCUSDT,2025-04-16,B-,NINJA,56,22.787193973634643
KNCUSDT,2025-04-29,B-,NINJA,32,10.185185185185187
KNCUSDT,2025-04-30,B-,NINJA,47,13.085621970920824
KNCUSDT,2025-05-02,B-,NINJA,78,15.952251763429203
KNCUSDT,2025-05-06,B-,NINJA,60,24.67911318553093
KNCUSDT,2025-05-09,B-,TREND,93,5.7658995298193405
KNCUSDT,2025-05-14,B-,NINJA,48,1.242853591846882
KNCUSDT,2025-05-19,B-,NINJA,47,11.861111111111121
KNCUSDT,2025-05-26,B-,NINJA,53,3.9955604883462836
KNCUSDT,2025-05-28,B-,NINJA,64,1.93530550179708
KNCUSDT,2025-05-29,B-,NINJA,57,0.4829545454545503
KNCUSDT,2025-06-03,B-,NINJA,75,12.435858738303661
KNCUSDT,2025-06-11,B-,NINJA,76,1.6809116809116897
KNCUSDT,2025-06-15,B-,NINJA,54,4.616805170821769
KNCUSDT,2025-06-16,B-,NINJA,54,2.3220287198288947
KNCUSDT,2025-06-19,B-,NINJA,50,3.0399999999999983
KNCUSDT,2025-06-20,B-,NINJA,50,1.1586739620212505
KNCUSDT,2025-06-29,B-,NINJA,57,1.0606562810739018
KNCUSDT,2025-06-30,B-,NINJA,51,9.388038942976351
KNCUSDT,2025-07-06,B-,NINJA,64,165.5645444952515
KNCUSDT,2025-07-07,B-,NINJA,68,164.63371889239394
KNCUSDT,2025-07-16,B-,NINJA,41,17.57285776424533
KNCUSDT,2025-07-17,B-,NINJA,28,22.307692307692296
KNCUSDT,2025-07-18,B-,NINJA,34,41.81901279707496
KNCUSDT,2025-07-19,B-,NINJA,32,43.79054680259502
KNCUSDT,2025-07-20,B-,NINJA,61,34.47453954496209
KNCUSDT,2025-07-23,B-,NINJA,40,45.27153558052434
KNCUSDT,2025-07-26,B-,NINJA,64,42.372103693507704
KNCUSDT,2025-07-28,B-,NINJA,84,-0.019443904335991746
KNCUSDT,2025-07-31,B-,NINJA,41,10.119746419347253
KNCUSDT,2025-08-04,B-,NINJA,73,6.833712984054663
KNCUSDT,2025-08-05,B-,NINJA,72,10.482921083627783
KNCUSDT,2025-08-13,B-,NINJA,68,2.6706231454005858
KNCUSDT,2025-08-14,B-,NINJA,72,5.300966063908841
KNCUSDT,2025-08-16,B-,NINJA,51,3.405497445876904
KNCUSDT,2025-08-17,B-,NINJA,71,3.279883381924198
KNCUSDT,2025-08-21,B-,NINJA,45,10.530421216848662
KNCUSDT,2025-08-27,B-,NINJA,54,4.537205081669704
KNCUSDT,2025-08-29,B-,NINJA,61,5.1187335092348185
KNCUSDT,2025-08-31,B-,NINJA,58,3.8903394255874524
KNCUSDT,2025-09-02,B-,NINJA,58,5.267358339984041
KNCUSDT,2025-09-03,B-,NINJA,58,7.651434643995736
KNCUSDT,2025-09-05,B-,NINJA,61,9.632034632034635
KNCUSDT,2025-09-06,B-,NINJA,64,10.258503401360542
KNCUSDT,2025-09-07,B-,NINJA,72,9.840065058281366
KNCUSDT,2025-09-09,B-,NINJA,76,8.082155241397704
KNCUSDT,2025-09-11,B-,NINJA,77,6.7720685111989365
KNCUSDT,2025-09-17,B-,NINJA,66,0.9345794392523255
KNCUSDT,2025-09-18,B-,NINJA,79,0.4155844155844024
KNCUSDT,2025-09-21,B-,NINJA,45,0.3273322422258751
KNCUSDT,2025-09-27,B-,NINJA,62,5.774436090225565
KNCUSDT,2025-10-05,B-,NINJA,48,4.688908926961233
KNCUSDT,2025-10-07,B-,NINJA,51,4.030769230769238
KNCUSDT,2025-10-09,B-,NINJA,43,1.6468435498627532
KNCUSDT,2025-10-18,B-,NINJA,49,24.77198102882161
KNCUSDT,2025-10-23,B-,NINJA,55,0.9987113402061931
KNCUSDT,2025-10-27,B-,NINJA,60,1.815780785737875
KNCUSDT,2025-10-30,B-,NINJA,56,11.84439041333798
KNCUSDT,2025-11-01,B-,NINJA,69,20.969405293915443
KNCUSDT,2025-11-04,B-,NINJA,58,28.901098901098887
KNCUSDT,2025-11-15,B-,NINJA,51,1.9163763066202044
KNCUSDT,2025-11-16,B-,NINJA,57,3.476410074494507
KNCUSDT,2025-11-17,B-,NINJA,54,3.7709000355745204
KNCUSDT,2025-11-19,B-,NINJA,70,2.5307557117750568
KNCUSDT,2025-11-22,B-,NINJA,42,4.961692812842022
KNCUSDT,2025-11-23,B-,NINJA,48,6.3979289940828465
KNCUSDT,2025-12-06,B-,NINJA,55,0.0
KNCUSDT,2025-12-07,B-,NINJA,55,1.1532738095238138
KNCUSDT,2025-12-10,B-,NINJA,47,0.26495079485240325
KNCUSDT,2025-12-24,B-,NINJA,61,9.107142857142847
KSMUSDT,2025-02-21,C,NINJA,74,9.767206477732792
KSMUSDT,2025-03-01,C,NINJA,61,10.896767466110525
KSMUSDT,2025-03-23,C,NINJA,62,7.2072072072072
KSMUSDT,2025-04-01,C,NINJA,57,0.06250000000000977
KSMUSDT,2025-05-07,C,NINJA,77,69.22554347826086
KSMUSDT,2025-05-29,C,NINJA,65,0.45172219085261034
KSMUSDT,2025-06-03,C,NINJA,74,5.485232067510548
KSMUSDT,2025-06-16,C,NINJA,54,1.5603799185888834
KSMUSDT,2025-06-19,C,NINJA,57,3.166783954961283
KSMUSDT,2025-07-06,C,NINJA,63,28.21118991331757
KSMUSDT,2025-07-07,C,NINJA,64,29.538216560509547
KSMUSDT,2025-08-11,C,NINJA,65,13.458950201884257
KSMUSDT,2025-08-14,C,NINJA,82,11.530815109343928
KSMUSDT,2025-08-16,C,NINJA,53,10.360655737704905
KSMUSDT,2025-08-17,C,NINJA,71,9.285714285714274
KSMUSDT,2025-08-21,C,NINJA,59,23.611111111111114
KSMUSDT,2025-08-27,C,NINJA,71,15.810019518542617
KSMUSDT,2025-08-31,C,NINJA,68,3.437094682230857
KSMUSDT,2025-09-03,C,NINJA,73,12.75343361674297
KSMUSDT,2025-12-07,C,NINJA,57,10.161090458488232
KSMUSDT,2025-12-08,C,NINJA,63,8.019441069258804
KSMUSDT,2025-12-10,C,NINJA,67,0.36900369003689537
LAYERUSDT,2025-03-13,C+,TREND,92,7.443983402489618
LAYERUSDT,2025-04-29,C+,TREND,98,5.440629514646678
LDOUSDT,2025-08-10,C+,TREND,95,12.977099236641209
LIGHTUSDT,2025-12-20,B-,TREND,87,19.16172219686596
LINKUSDT,2025-01-12,B,NINJA,54,37.14717741935485
LINKUSDT,2025-01-24,B,NINJA,50,4.845115170770442
LINKUSDT,2025-01-26,B,NINJA,45,6.109324758842449
LINKUSDT,2025-01-28,B,NINJA,39,16.7624944714728
LINKUSDT,2025-01-30,B,NINJA,67,7.931316434995894
LINKUSDT,2025-02-04,B,NINJA,51,1.5022533800701066
LINKUSDT,2025-02-05,B,NINJA,45,3.9082855653986392
LINKUSDT,2025-02-09,B,NINJA,54,8.652792990142387
LINKUSDT,2025-02-11,B,NINJA,61,6.3236870310825255
LINKUSDT,2025-02-13,B,NINJA,63,6.896551724137945
LINKUSDT,2025-02-20,B,NINJA,72,4.266958424507639
LINKUSDT,2025-02-21,B,NINJA,55,4.016064257028118
LINKUSDT,2025-02-23,B,NINJA,61,0.7377979568671922
LINKUSDT,2025-03-01,B,NINJA,52,19.796610169491547
LINKUSDT,2025-03-03,B,NINJA,59,22.199170124481338
LINKUSDT,2025-03-09,B,NINJA,29,8.979000724112973
LINKUSDT,2025-03-13,B,NINJA,57,16.334355828220872
LINKUSDT,2025-03-18,B,NINJA,56,15.025161754133709
LINKUSDT,2025-03-20,B,NINJA,70,12.517580872011248
LINKUSDT,2025-03-22,B,NINJA,56,12.280701754385959
LINKUSDT,2025-03-23,B,NINJA,77,10.573600552868001
LINKUSDT,2025-04-01,B,NINJA,66,2.564102564102577
LINKUSDT,2025-04-05,B,NINJA,51,3.424124513618665
LINKUSDT,2025-04-06,B,NINJA,44,17.819148936170205
LINKUSDT,2025-04-08,B,NINJA,49,21.59194876486734
LINKUSDT,2025-04-17,B,NINJA,56,22.488038277511958
LINKUSDT,2025-04-18,B,NINJA,71,22.292993630573243
LINKUSDT,2025-04-23,B,TREND,89,2.26364846870839
LINKUSDT,2025-04-29,B,NINJA,56,14.589041095890408
LINKUSDT,2025-05-02,B,NINJA,58,22.73037542662115
LINKUSDT,2025-05-07,B,NINJA,69,30.101302460202596
LINKUSDT,2025-05-14,B,NINJA,54,1.1757789535567165
LINKUSDT,2025-05-20,B,NINJA,63,9.22978994271164
LINKUSDT,2025-05-25,B,NINJA,38,4.1827541827542
LINKUSDT,2025-05-26,B,NINJA,61,4.1827541827542
LINKUSDT,2025-06-03,B,NINJA,65,10.98511693834161
LINKUSDT,2025-06-16,B,NINJA,58,1.6961651917404064
LINKUSDT,2025-06-19,B,NINJA,57,6.19739862280031
LINKUSDT,2025-06-20,B,NINJA,43,10.951239008792978
LINKUSDT,2025-06-30,B,NINJA,68,14.648729446935715
LINKUSDT,2025-07-06,B,NINJA,65,26.409495548961416
LINKUSDT,2025-07-07,B,NINJA,75,34.672619047619065
LINKUSDT,2025-07-23,B,NINJA,48,7.590759075907583
LINKUSDT,2025-07-26,B,NINJA,59,6.246605105920677
LINKUSDT,2025-07-28,B,NINJA,66,2.8697571743929284
LINKUSDT,2025-07-31,B,NINJA,39,34.16075650118202
LINKUSDT,2025-08-04,B,NINJA,77,44.593804792518995
LINKUSDT,2025-08-08,B,TREND,98,34.53996983408749
LINKUSDT,2025-08-09,B,TREND,98,21.9690063810392
LINKUSDT,2025-08-16,B,NINJA,44,23.100706713780927
LINKUSDT,2025-08-21,B,NINJA,63,12.288477034649482
LINKUSDT,2025-08-25,B,NINJA,41,11.334473909324227
LINKUSDT,2025-08-27,B,NINJA,45,9.461732548359958
LINKUSDT,2025-08-29,B,NINJA,57,2.688860435339313
LINKUSDT,2025-08-31,B,NINJA,60,3.318965517241379
LINKUSDT,2025-09-06,B,NINJA,49,15.547543938711117
LINKUSDT,2025-09-07,B,NINJA,56,14.107699154428133
LINKUSDT,2025-09-08,B,NINJA,74,11.284722222222232
LINKUSDT,2025-09-17,B,NINJA,56,3.7515631513130643
LINKUSDT,2025-09-19,B,NINJA,74,0.8095440988495906
LINKUSDT,2025-09-21,B,NINJA,47,0.39198606271777514
LINKUSDT,2025-09-27,B,NINJA,59,13.486370157819216
LINKUSDT,2025-10-05,B,NINJA,52,7.8636363636363615
LINKUSDT,2025-10-07,B,NINJA,55,4.543368517668656
LINKUSDT,2025-10-09,B,NINJA,58,3.592542064574822
LINKUSDT,2025-10-10,B,NINJA,59,16.637781629116134
LINKUSDT,2025-10-19,B,NINJA,59,10.989010989010994
LINKUSDT,2025-10-24,B,NINJA,52,6.539966461710445
LINKUSDT,2025-10-25,B,NINJA,71,5.771365149833518
LINKUSDT,2025-10-27,B,NINJA,73,3.347969264544459
LINKUSDT,2025-10-30,B,NINJA,57,5.119047619047623
LINKUSDT,2025-11-01,B,NINJA,57,3.033838973162184
LINKUSDT,2025-11-06,B,NINJA,51,13.97557666214384
LINKUSDT,2025-11-07,B,NINJA,61,6.39645345155162
LINKUSDT,2025-11-15,B,NINJA,41,2.8288543140028155
LINKUSDT,2025-11-16,B,NINJA,48,4.078659868900214
LINKUSDT,2025-11-19,B,NINJA,51,3.473762010347392
LINKUSDT,2025-11-20,B,NINJA,48,4.949729311678275
LINKUSDT,2025-11-23,B,NINJA,61,17.717478052673584
LINKUSDT,2025-11-24,B,NINJA,66,15.111796453353875
LINKUSDT,2025-12-07,B,NINJA,64,9.96336996336995
LINKUSDT,2025-12-08,B,NINJA,60,9.084302325581394
LINKUSDT,2025-12-10,B,NINJA,63,1.773049645390068
LINKUSDT,2025-12-12,B,NINJA,53,2.49449743213499
LINKUSDT,2025-12-14,B,NINJA,42,3.4638554216867457
LINKUSDT,2025-12-20,B,NINJA,63,3.742038216560495
LINKUSDT,2025-12-25,B,NINJA,41,12.510356255178134
LINKUSDT,2025-12-26,B,NINJA,52,15.914684167350291
LINKUSDT,2025-12-29,B,NINJA,62,15.772357723577235
LITUSDT,2024-07-15,B-,TREND,95,6.83311432325886
LITUSDT,2024-11-24,B-,TREND,98,32.417582417582416
LRCUSDT,2025-02-19,C,NINJA,61,10.389610389610393
LRCUSDT,2025-02-20,C,NINJA,72,8.402100525131285
LRCUSDT,2025-02-21,C,NINJA,83,6.955871353777088
LRCUSDT,2025-03-22,C,NINJA,60,9.142318567389252
LRCUSDT,2025-03-23,C,NINJA,66,9.867172675521818
LRCUSDT,2025-05-06,C,NINJA,72,25.197628458498023
LRCUSDT,2025-05-08,C,NINJA,65,13.632286995515708
LRCUSDT,2025-06-15,C,NINJA,63,4.665825977301408
LRCUSDT,2025-06-16,C,NINJA,75,1.7654476670870167
LRCUSDT,2025-06-19,C,NINJA,62,3.48387096774192
LRCUSDT,2025-06-30,C,NINJA,67,10.469798657718133
LRCUSDT,2025-07-03,C,NINJA,72,7.60309278350515
LRCUSDT,2025-07-07,C,NINJA,58,28.78998609179415
LRCUSDT,2025-08-11,C,NINJA,71,21.394799054373536
LRCUSDT,2025-08-17,C,NINJA,65,4.48577680525164
LRCUSDT,2025-08-21,C,NINJA,57,36.62456946039035
LRCUSDT,2025-08-25,C,NINJA,58,43.20096269554754
LRCUSDT,2025-09-21,C,NINJA,50,0.3293084522502765
LRCUSDT,2025-10-09,C,NINJA,69,5.820721769499415
LRCUSDT,2025-10-30,C,NINJA,56,5.745341614906829
LRCUSDT,2025-11-01,C,NINJA,73,12.667660208643806
LSKUSDT,2025-02-15,B-,NINJA,63,7.392473118279574
LSKUSDT,2025-02-19,B-,NINJA,61,3.790849673202623
LSKUSDT,2025-02-21,B-,NINJA,65,6.291834002677388
LSKUSDT,2025-02-23,B-,NINJA,69,0.39113428943937656
LSKUSDT,2025-03-22,B-,NINJA,62,9.269162210338667
LSKUSDT,2025-04-29,B-,NINJA,74,10.714285714285698
LSKUSDT,2025-05-03,B-,NINJA,64,14.04494382022472
LSKUSDT,2025-06-16,B-,NINJA,59,3.6764705882353033
LSKUSDT,2025-07-06,B-,NINJA,54,45.88859416445625
LSKUSDT,2025-07-07,B-,NINJA,70,44.736842105263165
LSKUSDT,2025-07-31,B-,NINJA,54,4.9763033175355575
LSKUSDT,2025-08-17,B-,NINJA,68,1.2195121951219523
LSKUSDT,2025-09-02,B-,NINJA,58,3.5040431266846417
LSKUSDT,2025-09-03,B-,NINJA,65,5.660377358490565
LSKUSDT,2025-09-05,B-,NINJA,58,8.241758241758257
LSKUSDT,2025-09-06,B-,NINJA,52,9.444444444444455
LSKUSDT,2025-09-07,B-,NINJA,68,8.83977900552486
LSKUSDT,2025-09-17,B-,NINJA,61,1.8970189701897011
LSKUSDT,2025-09-18,B-,NINJA,83,0.8042895442359255
LSKUSDT,2025-10-30,B-,NINJA,51,7.035175879396971
LSKUSDT,2025-11-01,B-,NINJA,72,105.71428571428574
LSKUSDT,2025-12-03,B-,NINJA,46,17.209302325581397
LSKUSDT,2025-12-04,B-,NINJA,57,11.261261261261257
LSKUSDT,2025-12-05,B-,NINJA,59,9.777777777777775
LSKUSDT,2025-12-06,B-,NINJA,70,4.090909090909101
LSKUSDT,2025-12-10,B-,NINJA,65,8.866995073891616
LSKUSDT,2025-12-13,B-,NINJA,68,6.763285024154597
LSKUSDT,2025-12-15,B-,NINJA,50,11.05527638190955
LSKUSDT,2025-12-17,B-,NINJA,49,20.76502732240437
LSKUSDT,2025-12-19,B-,NINJA,61,15.706806282722518
LSKUSDT,2025-12-20,B-,NINJA,70,6.999999999999984
LSKUSDT,2025-12-24,B-,NINJA,69,7.537688442211055
LSKUSDT,2025-12-25,B-,NINJA,67,11.282051282051286
LTCUSDT,2025-01-10,B-,NINJA,67,35.84070796460177
LTCUSDT,2025-01-12,B-,NINJA,74,37.99101035763142
LTCUSDT,2025-01-17,B-,TREND,89,1.8680677174547577
LTCUSDT,2025-01-21,B-,NINJA,48,13.60926874317856
LTCUSDT,2025-01-22,B-,NINJA,46,17.282024614317915
LTCUSDT,2025-01-23,B-,NINJA,44,16.234323999312817
LTCUSDT,2025-01-24,B-,NINJA,51,13.992081543256685
LTCUSDT,2025-01-28,B-,NINJA,36,23.107714701601157
LTCUSDT,2025-02-04,B-,NINJA,43,32.452755515979035
LTCUSDT,2025-02-05,B-,NINJA,52,30.586186883343004
LTCUSDT,2025-02-11,B-,NINJA,80,17.523266538106807
LTCUSDT,2025-02-18,B-,NINJA,54,8.030828516377643
LTCUSDT,2025-02-21,B-,NINJA,56,3.0444964871194413
LTCUSDT,2025-03-03,B-,NINJA,50,2.830102830102832
LTCUSDT,2025-03-06,B-,NINJA,54,5.474417255053687
LTCUSDT,2025-03-08,B-,NINJA,55,0.42016806722688926
LTCUSDT,2025-03-13,B-,NINJA,55,7.856494096276112
LTCUSDT,2025-03-23,B-,NINJA,66,5.509400961958888
LTCUSDT,2025-03-26,B-,NINJA,71,2.8132438866046217
LTCUSDT,2025-04-04,B-,NINJA,61,0.6752754412984396
LTCUSDT,2025-04-05,B-,NINJA,60,0.5564291762428786
LTCUSDT,2025-04-10,B-,NINJA,56,9.29413358623492
LTCUSDT,2025-04-18,B-,NINJA,50,15.921052631578947
LTCUSDT,2025-04-19,B-,NINJA,71,15.76872536136662
LTCUSDT,2025-04-21,B-,NINJA,80,16.442738323736393
LTCUSDT,2025-04-29,B-,NINJA,69,18.67476919481128
LTCUSDT,2025-04-30,B-,NINJA,55,28.188240929230023
LTCUSDT,2025-05-10,B-,TREND,97,0.6649567778094445
LTCUSDT,2025-05-14,B-,NINJA,53,1.971272907379884
LTCUSDT,2025-05-16,B-,NINJA,51,3.478086047446727
LTCUSDT,2025-05-20,B-,NINJA,48,8.977344907897521
LTCUSDT,2025-05-21,B-,NINJA,45,6.025337315892454
LTCUSDT,2025-05-23,B-,NINJA,68,3.873609069913919
LTCUSDT,2025-05-26,B-,NINJA,58,4.1359713744475
LTCUSDT,2025-05-28,B-,NINJA,63,3.753800985634892
LTCUSDT,2025-05-29,B-,NINJA,61,0.7402639201802508
LTCUSDT,2025-06-02,B-,NINJA,64,5.19436997319036
LTCUSDT,2025-06-03,B-,NINJA,65,5.217877094972079
LTCUSDT,2025-06-14,B-,NINJA,47,4.390702042733019
LTCUSDT,2025-06-15,B-,NINJA,58,3.035921205098502
LTCUSDT,2025-06-16,B-,NINJA,73,1.2691819545401994
LTCUSDT,2025-06-19,B-,NINJA,64,3.971331218423213
LTCUSDT,2025-06-20,B-,NINJA,63,6.730189361958749
LTCUSDT,2025-06-30,B-,NINJA,80,10.813953488372086
LTCUSDT,2025-07-01,B-,NINJA,52,18.14467676039413
LTCUSDT,2025-07-06,B-,NINJA,50,14.436176302232395
LTCUSDT,2025-07-07,B-,NINJA,46,20.38349796629868
LTCUSDT,2025-07-18,B-,NINJA,80,20.210360758871527
LTCUSDT,2025-07-23,B-,NINJA,65,3.891120035698359
LTCUSDT,2025-07-26,B-,NINJA,62,13.387762268457548
LTCUSDT,2025-07-27,B-,NINJA,70,12.528315037462967
LTCUSDT,2025-07-28,B-,NINJA,63,18.473674555127495
LTCUSDT,2025-07-30,B-,NINJA,53,16.886877828054292
LTCUSDT,2025-07-31,B-,NINJA,49,21.745687623715714
LTCUSDT,2025-08-02,B-,NINJA,52,24.413234046564234
LTCUSDT,2025-08-09,B-,NINJA,51,11.657513729405888
LTCUSDT,2025-08-11,B-,NINJA,57,11.778425655976687
LTCUSDT,2025-08-16,B-,NINJA,41,3.0731102850061864
LTCUSDT,2025-08-17,B-,NINJA,45,3.363433021290696
LTCUSDT,2025-08-21,B-,NINJA,57,8.722551411641689
LTCUSDT,2025-08-27,B-,NINJA,53,2.6207880192547606
LTCUSDT,2025-08-30,B-,NINJA,47,4.249368459040048
LTCUSDT,2025-08-31,B-,NINJA,49,9.036642483239966
LTCUSDT,2025-09-08,B-,NINJA,73,7.166297117516618
LTCUSDT,2025-09-17,B-,NINJA,67,2.111111111111108
LTCUSDT,2025-09-19,B-,NINJA,61,1.955454226587161
LTCUSDT,2025-09-21,B-,NINJA,51,1.1754385964912295
LTCUSDT,2025-09-27,B-,NINJA,57,19.52900631820793
LTCUSDT,2025-10-08,B-,NINJA,43,14.66273187183813
LTCUSDT,2025-10-10,B-,NINJA,79,6.079686209744017
LTCUSDT,2025-10-14,B-,NINJA,58,2.7124216582759653
LTCUSDT,2025-10-15,B-,NINJA,51,2.041884816753936
LTCUSDT,2025-10-18,B-,NINJA,55,16.675755262296875
LTCUSDT,2025-10-30,B-,NINJA,57,21.75821822464932
LTCUSDT,2025-11-06,B-,NINJA,52,30.701149425287344
LTCUSDT,2025-11-13,B-,NINJA,38,13.505955463490427
LTCUSDT,2025-11-15,B-,NINJA,67,1.6419231147379865
LTCUSDT,2025-11-19,B-,NINJA,46,0.99031216361678
LTCUSDT,2025-11-20,B-,NINJA,42,1.6391563502980322
LTCUSDT,2025-11-24,B-,NINJA,58,2.7381230985256355
LTCUSDT,2025-11-30,B-,NINJA,31,6.2636562272396334
LTCUSDT,2025-12-07,B-,NINJA,58,7.503377133734501
LTCUSDT,2025-12-08,B-,NINJA,75,4.3758197209967875
LTCUSDT,2025-12-10,B-,NINJA,74,0.34400948991697433
LTCUSDT,2025-12-12,B-,NINJA,52,0.6101281269066394
LTCUSDT,2025-12-14,B-,NINJA,43,3.115501519756858
LTCUSDT,2025-12-15,B-,NINJA,35,4.554251064378789
LTCUSDT,2025-12-17,B-,NINJA,45,6.012366793842916
LTCUSDT,2025-12-24,B-,NINJA,35,9.275630030346992
LTCUSDT,2025-12-25,B-,NINJA,38,9.853387927618563
LTCUSDT,2025-12-26,B-,NINJA,57,10.01691166905163
LUNA2USDT,2025-05-09,C+,TREND,98,23.992035838725734
LYNUSDT,2025-12-27,B-,TREND,87,48.78102673639244
MANAUSDT,2025-01-10,B,NINJA,58,13.831478537360887
MANAUSDT,2025-01-11,B,NINJA,63,15.066291683406984
MANAUSDT,2025-01-12,B,NINJA,58,19.184352892218048
MANAUSDT,2025-01-22,B,NINJA,54,3.351487222454974
MANAUSDT,2025-01-24,B,NINJA,60,2.50158999364003
MANAUSDT,2025-01-26,B,NINJA,54,2.395604395604378
MANAUSDT,2025-01-28,B,NINJA,33,11.88760806916427
MANAUSDT,2025-01-30,B,NINJA,61,3.972327605445214
MANAUSDT,2025-02-09,B,NINJA,63,10.903919089759784
MANAUSDT,2025-02-11,B,NINJA,65,7.230769230769218
MANAUSDT,2025-02-13,B,NINJA,63,5.894864782740794
MANAUSDT,2025-02-15,B,NINJA,60,5.536963796775174
MANAUSDT,2025-02-20,B,NINJA,77,5.891330891330893
MANAUSDT,2025-02-21,B,NINJA,68,4.1492441299453064
MANAUSDT,2025-02-23,B,NINJA,51,2.630744849445321
MANAUSDT,2025-02-27,B,NINJA,67,9.53991880920162
MANAUSDT,2025-03-03,B,NINJA,50,10.491562729273674
MANAUSDT,2025-03-05,B,NINJA,53,3.6476256022023312
MANAUSDT,2025-03-06,B,NINJA,63,7.150480256136604
MANAUSDT,2025-03-12,B,NINJA,59,3.6571850757296076
MANAUSDT,2025-03-16,B,NINJA,56,13.956215793588722
MANAUSDT,2025-03-18,B,NINJA,55,8.123145400593469
MANAUSDT,2025-03-20,B,NINJA,62,8.364312267657969
MANAUSDT,2025-03-22,B,NINJA,49,11.132291269538698
MANAUSDT,2025-03-23,B,NINJA,69,10.041525103812731
MANAUSDT,2025-04-04,B,NINJA,58,23.71134020618557
MANAUSDT,2025-04-05,B,NINJA,71,22.2992254382389
MANAUSDT,2025-04-06,B,NINJA,54,41.91106906338693
MANAUSDT,2025-04-13,B,TREND,87,26.119402985074625
MANAUSDT,2025-04-17,B,NINJA,38,27.17065868263473
MANAUSDT,2025-04-18,B,NINJA,57,24.150529777128238
MANAUSDT,2025-04-21,B,NINJA,81,12.36772486772486
MANAUSDT,2025-04-28,B,NINJA,46,5.479023168440822
MANAUSDT,2025-04-29,B,NINJA,55,14.805194805194821
MANAUSDT,2025-05-01,B,NINJA,52,23.059866962305996
MANAUSDT,2025-05-02,B,NINJA,72,22.632575757575758
MANAUSDT,2025-05-05,B,NINJA,56,35.64721663313213
MANAUSDT,2025-05-06,B,NINJA,63,38.57485440219255
MANAUSDT,2025-05-07,B,NINJA,68,35.601743211532025
MANAUSDT,2025-05-09,B,TREND,94,14.751773049645411
MANAUSDT,2025-05-14,B,NINJA,65,1.0022271714922093
MANAUSDT,2025-05-16,B,NINJA,28,4.581969651889306
MANAUSDT,2025-05-20,B,NINJA,51,8.857231340972426
MANAUSDT,2025-05-21,B,NINJA,51,9.433374844333752
MANAUSDT,2025-05-23,B,NINJA,59,2.1093000958772645
MANAUSDT,2025-05-26,B,NINJA,53,3.836150845253594
MANAUSDT,2025-05-28,B,NINJA,57,2.495139338950114
MANAUSDT,2025-06-11,B,NINJA,82,0.06887052341599809
MANAUSDT,2025-06-15,B,NINJA,54,5.1223241590214075
MANAUSDT,2025-06-16,B,NINJA,62,2.155824508320725
MANAUSDT,2025-06-19,B,NINJA,52,5.555555555555558
MANAUSDT,2025-06-20,B,NINJA,44,8.067769261799128
MANAUSDT,2025-06-28,B,NINJA,50,15.057608263806133
MANAUSDT,2025-06-30,B,NINJA,76,20.394477317554262
MANAUSDT,2025-07-06,B,NINJA,60,27.42663656884876
MANAUSDT,2025-07-07,B,NINJA,78,28.295454545454547
MANAUSDT,2025-07-10,B,TREND,95,21.762172904935404
MANAUSDT,2025-07-14,B,NINJA,68,18.65719819238216
MANAUSDT,2025-07-16,B,NINJA,57,15.670232850849587
MANAUSDT,2025-07-18,B,NINJA,78,11.664641555285549
MANAUSDT,2025-07-23,B,NINJA,50,5.661577608142498
MANAUSDT,2025-07-26,B,NINJA,53,4.9936788874841875
MANAUSDT,2025-07-27,B,NINJA,62,1.5281173594132058
MANAUSDT,2025-07-28,B,NINJA,60,2.9634507737898996
MANAUSDT,2025-07-31,B,NINJA,36,13.79063951411219
MANAUSDT,2025-08-11,B,NINJA,61,11.806981519507186
MANAUSDT,2025-08-14,B,NINJA,77,7.493984187005842
MANAUSDT,2025-08-16,B,NINJA,61,5.428186109238031
MANAUSDT,2025-08-17,B,NINJA,64,5.713319810682882
MANAUSDT,2025-08-21,B,NINJA,60,12.806637806637799
MANAUSDT,2025-08-25,B,NINJA,49,15.477057538237426
MANAUSDT,2025-08-27,B,NINJA,60,15.909090909090917
MANAUSDT,2025-08-29,B,NINJA,66,17.414341222182948
MANAUSDT,2025-08-31,B,NINJA,78,16.087560806115352
MANAUSDT,2025-09-11,B,NINJA,55,20.307692307692314
MANAUSDT,2025-09-14,B,NINJA,67,4.433638443935917
MANAUSDT,2025-09-17,B,NINJA,51,1.0580497569345093
MANAUSDT,2025-09-18,B,NINJA,67,1.6279069767441978
MANAUSDT,2025-09-27,B,NINJA,53,26.53493295695131
MANAUSDT,2025-10-02,B,TREND,93,5.65704183853859
MANAUSDT,2025-10-03,B,TREND,91,3.851723139299157
MANAUSDT,2025-10-07,B,NINJA,39,4.193849021435225
MANAUSDT,2025-10-20,B,NINJA,68,5.07910074937552
MANAUSDT,2025-10-27,B,NINJA,65,2.281211115719617
MANAUSDT,2025-10-30,B,NINJA,55,10.670868977937875
MANAUSDT,2025-10-31,B,NINJA,57,8.329660643455261
MANAUSDT,2025-11-01,B,NINJA,73,5.493562231759652
MANAUSDT,2025-11-04,B,NINJA,44,22.532402791625117
MANAUSDT,2025-11-06,B,NINJA,61,15.943396226415096
MANAUSDT,2025-11-11,B,NINJA,54,5.1362215274676215
MANAUSDT,2025-11-15,B,NINJA,43,2.1379980563653866
MANAUSDT,2025-11-16,B,NINJA,40,3.418803418803429
MANAUSDT,2025-11-25,B,NINJA,56,2.9585798816567976
MANAUSDT,2025-11-28,B,NINJA,57,0.8928571428571397
MANAUSDT,2025-12-04,B,NINJA,63,4.595469255663431
MANAUSDT,2025-12-06,B,NINJA,49,4.663212435233155
MANAUSDT,2025-12-07,B,NINJA,62,8.602150537634422
MANAUSDT,2025-12-10,B,NINJA,65,0.1965923984272644
MANAUSDT,2025-12-12,B,NINJA,39,1.1019283746556585
MANAUSDT,2025-12-14,B,NINJA,26,3.2537960954446943
MANAUSDT,2025-12-25,B,NINJA,48,20.92624356775299
MANTAUSDT,2025-05-09,C+,TREND,99,22.02797202797202
MASKUSDT,2025-01-09,B-,NINJA,45,8.957887223411841
MASKUSDT,2025-01-11,B-,NINJA,55,9.780654440848613
MASKUSDT,2025-01-12,B-,NINJA,51,12.407952871870398
MASKUSDT,2025-01-22,B-,NINJA,39,1.0717230008243872
MASKUSDT,2025-01-26,B-,NINJA,49,11.968777103209005
MASKUSDT,2025-01-28,B-,NINJA,34,24.015369836695477
MASKUSDT,2025-01-30,B-,NINJA,64,14.55190771960957
MASKUSDT,2025-02-06,B-,NINJA,48,7.178555202180825
MASKUSDT,2025-02-07,B-,NINJA,61,7.373691397360038
MASKUSDT,2025-02-08,B-,NINJA,59,5.453732677693335
MASKUSDT,2025-02-09,B-,NINJA,75,5.453732677693335
MASKUSDT,2025-02-11,B-,NINJA,71,5.595344673231861
MASKUSDT,2025-02-13,B-,NINJA,78,3.555750658472334
MASKUSDT,2025-02-15,B-,NINJA,70,3.049049933716308
MASKUSDT,2025-02-19,B-,NINJA,51,6.642235455794787
MASKUSDT,2025-02-20,B-,NINJA,58,5.674080798910586
MASKUSDT,2025-02-21,B-,NINJA,67,5.9626763768775515
MASKUSDT,2025-02-23,B-,NINJA,59,6.3499314755596
MASKUSDT,2025-02-26,B-,NINJA,73,3.4666666666666623
MASKUSDT,2025-03-01,B-,NINJA,42,5.866302864938611
MASKUSDT,2025-03-03,B-,NINJA,55,2.0594965675057253
MASKUSDT,2025-03-05,B-,NINJA,55,0.7226738934056121
MASKUSDT,2025-03-06,B-,NINJA,67,0.867183934276583
MASKUSDT,2025-03-09,B-,NINJA,38,0.7823285780027556
MASKUSDT,2025-03-11,B-,NINJA,52,0.9203865623562013
MASKUSDT,2025-03-12,B-,NINJA,55,0.4580852038479355
MASKUSDT,2025-03-13,B-,NINJA,45,1.3370216689718717
MASKUSDT,2025-03-16,B-,NINJA,52,4.153207198892495
MASKUSDT,2025-03-20,B-,NINJA,66,4.105166051660514
MASKUSDT,2025-03-22,B-,NINJA,56,16.53615845232612
MASKUSDT,2025-03-29,B-,NINJA,17,16.055045871559614
MASKUSDT,2025-03-30,B-,NINJA,27,15.630712979890294
MASKUSDT,2025-03-31,B-,NINJA,41,22.755943716642403
MASKUSDT,2025-04-10,B-,NINJA,54,16.885553470919312
MASKUSDT,2025-04-18,B-,NINJA,58,24.975891996142742
MASKUSDT,2025-04-27,B-,NINJA,48,5.178268251273366
MASKUSDT,2025-04-29,B-,NINJA,51,10.49488054607508
MASKUSDT,2025-05-03,B-,NINJA,47,42.67857142857143
MASKUSDT,2025-05-06,B-,NINJA,63,47.68946395563771
MASKUSDT,2025-05-14,B-,NINJA,59,61.00217864923747
MASKUSDT,2025-05-26,B-,NINJA,49,64.94900697799248
MASKUSDT,2025-05-27,B-,NINJA,62,91.77377892030847
MASKUSDT,2025-06-06,B-,NINJA,47,13.179916317991648
MASKUSDT,2025-06-28,B-,NINJA,56,4.274193548387095
MASKUSDT,2025-06-30,B-,NINJA,69,10.927152317880795
MASKUSDT,2025-07-07,B-,NINJA,71,20.19785655399835
MASKUSDT,2025-07-14,B-,NINJA,67,18.71301775147929
MASKUSDT,2025-07-23,B-,NINJA,46,2.6798307475317307
MASKUSDT,2025-07-26,B-,NINJA,54,4.823614110871133
MASKUSDT,2025-07-27,B-,NINJA,59,2.463054187192104
MASKUSDT,2025-07-28,B-,NINJA,58,3.0574198359433202
MASKUSDT,2025-07-31,B-,NINJA,36,11.519999999999996
MASKUSDT,2025-08-04,B-,NINJA,63,11.137440758293838
MASKUSDT,2025-08-16,B-,NINJA,62,1.753048780487787
MASKUSDT,2025-08-17,B-,NINJA,69,2.6923076923076827
MASKUSDT,2025-08-21,B-,NINJA,62,7.14285714285714
MASKUSDT,2025-08-25,B-,NINJA,46,8.20642978003383
MASKUSDT,2025-08-27,B-,NINJA,68,3.1451612903225845
MASKUSDT,2025-08-31,B-,NINJA,65,5.254515599343201
MASKUSDT,2025-09-06,B-,NINJA,62,10.547833197056411
MASKUSDT,2025-09-07,B-,NINJA,72,10.2773246329527
MASKUSDT,2025-09-21,B-,NINJA,58,1.6342412451362032
MASKUSDT,2025-09-25,B-,NINJA,49,10.226320201173511
MASKUSDT,2025-09-27,B-,NINJA,58,7.171964140179288
MASKUSDT,2025-09-29,B-,NINJA,70,5.200000000000005
MASKUSDT,2025-09-30,B-,NINJA,56,7.346938775510181
MASKUSDT,2025-10-07,B-,NINJA,56,5.263157894736836
MASKUSDT,2025-10-09,B-,NINJA,62,4.5016077170418
MASKUSDT,2025-10-10,B-,NINJA,45,17.903415783274433
MASKUSDT,2025-10-14,B-,NINJA,62,2.103049421661418
MASKUSDT,2025-10-19,B-,NINJA,56,4.123711340206193
MASKUSDT,2025-10-25,B-,NINJA,63,4.166666666666674
MASKUSDT,2025-10-30,B-,NINJA,56,9.798994974874375
MASKUSDT,2025-11-06,B-,NINJA,49,16.069057104913686
MASKUSDT,2025-11-11,B-,NINJA,61,5.183312262958273
MASKUSDT,2025-11-15,B-,NINJA,43,3.3057851239669533
MASKUSDT,2025-11-16,B-,NINJA,44,6.082036775106081
MASKUSDT,2025-11-17,B-,NINJA,48,13.3812949640288
MASKUSDT,2025-11-19,B-,NINJA,54,11.614730878186986
MASKUSDT,2025-11-22,B-,NINJA,43,17.964071856287433
MASKUSDT,2025-11-23,B-,NINJA,57,16.22418879056047
MASKUSDT,2025-11-24,B-,NINJA,64,12.89398280802294
MASKUSDT,2025-12-03,B-,NINJA,63,1.0101010101010166
MASKUSDT,2025-12-04,B-,NINJA,67,2.823179791976216
MASKUSDT,2025-12-07,B-,NINJA,47,8.018867924528305
MASKUSDT,2025-12-10,B-,NINJA,55,2.180685358255463
MASKUSDT,2025-12-13,B-,NINJA,47,7.8947368421052655
MASKUSDT,2025-12-14,B-,NINJA,39,12.521440823327623
MASKUSDT,2025-12-17,B-,NINJA,44,20.146520146520142
MASKUSDT,2025-12-20,B-,NINJA,61,20.95400340715503
MASKUSDT,2025-12-24,B-,NINJA,38,24.780316344463984
MASKUSDT,2025-12-25,B-,NINJA,55,24.125874125874127
MASKUSDT,2025-12-28,B-,NINJA,74,13.848631239935582
MAVIAUSDT,2025-10-27,C-,TREND,89,2.1122651417901706
MAVUSDT,2025-05-09,C,TREND,98,15.283358736317032
MBOXUSDT,2025-05-10,C+,TREND,89,12.694300518134693
METISUSDT,2025-05-09,C+,TREND,92,21.124763705103966
MINAUSDT,2025-02-21,B-,NINJA,78,5.902578796561597
MINAUSDT,2025-02-23,B-,NINJA,70,0.8093776165224664
MINAUSDT,2025-03-22,B-,NINJA,63,8.286464191976005
MINAUSDT,2025-05-29,B-,NINJA,60,0.5860192549183907
MINAUSDT,2025-06-19,B-,NINJA,58,4.959630911188007
MINAUSDT,2025-06-30,B-,NINJA,74,13.411764705882344
MINAUSDT,2025-07-06,B-,NINJA,54,28.42789598108748
MINAUSDT,2025-07-07,B-,NINJA,65,30.588942307692314
MINAUSDT,2025-08-14,B-,NINJA,78,5.699208443271764
MINAUSDT,2025-08-16,B-,NINJA,57,3.0880082346886217
MINAUSDT,2025-08-17,B-,NINJA,67,1.4432989690721598
MINAUSDT,2025-08-21,B-,NINJA,57,9.211986681465035
MINAUSDT,2025-08-25,B-,NINJA,46,9.936083672283559
MINAUSDT,2025-09-03,B-,NINJA,78,10.957387935805208
MINAUSDT,2025-09-06,B-,NINJA,70,12.199216564073879
MINAUSDT,2025-11-01,B-,NINJA,68,81.19068162208801
MINAUSDT,2025-11-27,B-,NINJA,67,3.656307129798897
MINAUSDT,2025-12-03,B-,NINJA,69,0.8737864077670077
MINAUSDT,2025-12-08,B-,NINJA,62,6.695005313496272
MINAUSDT,2025-12-10,B-,NINJA,68,1.2618296529968376
MINAUSDT,2025-12-12,B-,NINJA,49,3.5595105672969973
MLNUSDT,2025-02-08,C-,NINJA,52,13.997005988023957
MLNUSDT,2025-02-11,C-,NINJA,62,15.11715797430082
MLNUSDT,2025-02-17,C-,NINJA,64,0.6716417910447747
MLNUSDT,2025-02-20,C-,NINJA,66,3.4615384615384492
MLNUSDT,2025-02-21,C-,NINJA,74,5.840568271507496
MLNUSDT,2025-03-22,C-,NINJA,56,72.03842049092853
MLNUSDT,2025-03-24,C-,NINJA,56,71.67199148029819
MLNUSDT,2025-03-25,C-,NINJA,59,72.96137339055795
MLNUSDT,2025-03-27,C-,NINJA,60,77.14285714285715
MLNUSDT,2025-04-20,C-,NINJA,81,25.587144622991342
MLNUSDT,2025-04-29,C-,NINJA,59,9.910913140311784
MLNUSDT,2025-05-01,C-,NINJA,67,8.307045215562582
MLNUSDT,2025-05-02,C-,NINJA,70,12.445414847161572
MLNUSDT,2025-05-06,C-,NINJA,64,24.697336561743356
MLNUSDT,2025-05-14,C-,NINJA,61,1.1652542372881491
MLNUSDT,2025-06-02,C-,NINJA,50,2.6960784313725616
MLNUSDT,2025-06-03,C-,NINJA,69,2.6960784313725616
MLNUSDT,2025-06-05,C-,NINJA,55,4.4080604534004975
MLNUSDT,2025-06-07,C-,NINJA,49,3.237858032378571
MLNUSDT,2025-06-08,C-,NINJA,63,4.2767295597484045
MLNUSDT,2025-07-31,C-,NINJA,47,15.163398692810448
MLNUSDT,2025-08-28,C-,NINJA,77,0.92592592592593
MLNUSDT,2025-08-30,C-,NINJA,52,1.4285714285714235
MLNUSDT,2025-08-31,C-,NINJA,58,1.3496932515337345
MLNUSDT,2025-09-02,C-,NINJA,56,5.249999999999999
MLNUSDT,2025-09-03,C-,NINJA,63,6.25
MLNUSDT,2025-09-17,C-,NINJA,69,1.7199017199017064
MLNUSDT,2025-09-21,C-,NINJA,54,1.0230179028132946
MLNUSDT,2025-11-08,C-,NINJA,57,8.412698412698427
MLNUSDT,2025-11-10,C-,NINJA,71,3.7209302325581506
MLNUSDT,2025-11-11,C-,NINJA,62,10.761589403973515
MLNUSDT,2025-11-13,C-,NINJA,59,0.6622516556291425
MLNUSDT,2025-11-15,C-,NINJA,55,2.5684931506849473
MLNUSDT,2025-11-16,C-,NINJA,58,4.203152364273199
MLNUSDT,2025-11-17,C-,NINJA,48,3.7168141592920367
MLNUSDT,2025-11-19,C-,NINJA,55,41.292639138240574
MLNUSDT,2025-12-14,C-,NINJA,57,7.317073170731714
MLNUSDT,2025-12-20,C-,NINJA,77,13.062098501070674
MLNUSDT,2025-12-24,C-,NINJA,80,6.570841889117052
MORPHOUSDT,2025-12-10,B,NINJA,67,4.457050243111826
MORPHOUSDT,2025-12-25,B,NINJA,43,11.864406779661007
MORPHOUSDT,2025-12-26,B,NINJA,67,4.684838160136295
MORPHOUSDT,2025-12-29,B,NINJA,70,12.607204116638071
MOVRUSDT,2025-02-18,C+,NINJA,71,13.961605584642234
MOVRUSDT,2025-02-19,C+,NINJA,72,14.561403508771908
MOVRUSDT,2025-02-21,C+,NINJA,65,5.027932960893877
MOVRUSDT,2025-02-23,C+,NINJA,56,0.5832712831968401
MOVRUSDT,2025-02-26,C+,NINJA,57,7.246778439794932
MOVRUSDT,2025-02-27,C+,NINJA,56,7.724425887265141
MOVRUSDT,2025-03-01,C+,NINJA,68,8.236610264298715
MOVRUSDT,2025-03-23,C+,NINJA,69,4.335620711166577
MOVRUSDT,2025-03-26,C+,NINJA,57,3.2217704097591504
MOVRUSDT,2025-04-01,C+,NINJA,57,2.323503127792681
MOVRUSDT,2025-04-17,C+,NINJA,50,38.55818743563335
MOVRUSDT,2025-05-09,C+,TREND,97,14.316267878625855
MOVRUSDT,2025-06-30,C+,NINJA,79,16.24121346651868
MOVRUSDT,2025-07-06,C+,NINJA,56,31.40881913303437
MOVRUSDT,2025-07-07,C+,NINJA,80,31.26166480029864
MOVRUSDT,2025-08-21,C+,NINJA,61,24.48624723363895
MOVRUSDT,2025-08-25,C+,NINJA,45,31.337558372248164
MOVRUSDT,2025-08-27,C+,NINJA,82,2.0141134960305784
MOVRUSDT,2025-08-31,C+,NINJA,66,0.7711677683349016
MOVRUSDT,2025-09-17,C+,NINJA,69,3.5246727089627283
MOVRUSDT,2025-11-02,C+,NINJA,71,36.05442176870748
MOVRUSDT,2025-11-04,C+,NINJA,69,48.560817084493955
MOVRUSDT,2025-11-06,C+,NINJA,75,33.66750208855471
MOVRUSDT,2025-11-10,C+,NINJA,56,11.867130993838737
MOVRUSDT,2025-12-03,C+,NINJA,70,10.13557133634604
MOVRUSDT,2025-12-04,C+,NINJA,69,15.192437542201208
MOVRUSDT,2025-12-07,C+,NINJA,71,14.804845222072682
MOVRUSDT,2025-12-08,C+,NINJA,76,2.8487229862475427
MOVRUSDT,2025-12-12,C+,NINJA,52,0.8267309679641732
MTLUSDT,2025-01-10,B-,NINJA,60,12.125984251968491
MTLUSDT,2025-01-13,B-,NINJA,37,12.459283387622143
MTLUSDT,2025-01-19,B-,NINJA,37,8.12003530450134
MTLUSDT,2025-01-22,B-,NINJA,57,5.150214592274693
MTLUSDT,2025-01-28,B-,NINJA,37,9.665427509293668
MTLUSDT,2025-01-30,B-,NINJA,62,3.056768558951961
MTLUSDT,2025-02-05,B-,NINJA,56,7.375271149674623
MTLUSDT,2025-02-09,B-,NINJA,65,11.6557734204793
MTLUSDT,2025-02-11,B-,NINJA,63,10.691144708423316
MTLUSDT,2025-02-21,B-,NINJA,78,4.192872117400426
MTLUSDT,2025-02-23,B-,NINJA,69,0.10319917440659854
MTLUSDT,2025-02-27,B-,NINJA,58,5.9550561797752755
MTLUSDT,2025-03-03,B-,NINJA,58,4.039167686658507
MTLUSDT,2025-03-06,B-,NINJA,54,2.0884520884520974
MTLUSDT,2025-03-13,B-,NINJA,62,11.634349030470915
MTLUSDT,2025-03-22,B-,NINJA,59,5.181347150259064
MTLUSDT,2025-03-23,B-,NINJA,57,6.143790849673203
MTLUSDT,2025-04-01,B-,NINJA,67,10.704225352112683
MTLUSDT,2025-04-04,B-,NINJA,57,17.404129793510315
MTLUSDT,2025-04-05,B-,NINJA,64,16.544655929721806
MTLUSDT,2025-04-15,B-,NINJA,52,18.857901726427627
MTLUSDT,2025-04-29,B-,NINJA,46,7.947805456702262
MTLUSDT,2025-05-01,B-,NINJA,58,11.862396204033221
MTLUSDT,2025-05-02,B-,NINJA,68,12.128418549346009
MTLUSDT,2025-05-14,B-,NINJA,48,1.0135135135135087
MTLUSDT,2025-05-16,B-,NINJA,32,4.415274463007157
MTLUSDT,2025-05-20,B-,NINJA,59,7.230392156862742
MTLUSDT,2025-05-26,B-,NINJA,53,3.50877192982455
MTLUSDT,2025-05-28,B-,NINJA,62,1.6311166875784266
MTLUSDT,2025-06-02,B-,NINJA,77,3.2765399737876733
MTLUSDT,2025-06-07,B-,NINJA,54,7.065217391304346
MTLUSDT,2025-06-08,B-,NINJA,54,8.241758241758257
MTLUSDT,2025-06-20,B-,NINJA,53,4.1853512705530616
MTLUSDT,2025-06-30,B-,NINJA,71,12.971342383107087
MTLUSDT,2025-07-07,B-,NINJA,75,23.259259259259245
MTLUSDT,2025-07-23,B-,NINJA,54,3.5935563816604565
MTLUSDT,2025-07-26,B-,NINJA,57,4.369538077403234
MTLUSDT,2025-07-27,B-,NINJA,58,1.2106537530266248
MTLUSDT,2025-07-28,B-,NINJA,61,1.6731016731016846
MTLUSDT,2025-07-31,B-,NINJA,56,9.090909090909104
MTLUSDT,2025-08-11,B-,NINJA,51,8.783783783783793
MTLUSDT,2025-08-14,B-,NINJA,67,6.703146374829005
MTLUSDT,2025-08-16,B-,NINJA,63,3.7234042553191626
MTLUSDT,2025-08-17,B-,NINJA,69,3.585657370517925
MTLUSDT,2025-08-21,B-,NINJA,64,8.786610878661104
MTLUSDT,2025-08-25,B-,NINJA,48,8.501440922190206
MTLUSDT,2025-08-27,B-,NINJA,61,4.149377593361003
MTLUSDT,2025-08-29,B-,NINJA,66,4.347826086956519
MTLUSDT,2025-08-31,B-,NINJA,66,2.3876404494381998
MTLUSDT,2025-09-02,B-,NINJA,59,3.234880450070321
MTLUSDT,2025-09-03,B-,NINJA,59,11.267605633802823
MTLUSDT,2025-09-05,B-,NINJA,59,13.180515759312339
MTLUSDT,2025-09-06,B-,NINJA,47,14.492753623188426
MTLUSDT,2025-09-07,B-,NINJA,58,13.669064748201443
MTLUSDT,2025-09-17,B-,NINJA,43,1.925722145804687
MTLUSDT,2025-09-18,B-,NINJA,58,1.091405184174632
MTLUSDT,2025-09-19,B-,NINJA,40,1.6997167138810276
MTLUSDT,2025-09-21,B-,NINJA,49,0.14204545454545858
MTLUSDT,2025-09-27,B-,NINJA,53,8.730158730158744
MTLUSDT,2025-09-29,B-,NINJA,59,8.044164037854905
MTLUSDT,2025-10-05,B-,NINJA,43,3.095975232198156
MTLUSDT,2025-10-07,B-,NINJA,39,3.205128205128216
MTLUSDT,2025-10-09,B-,NINJA,42,1.4354066985645897
MTLUSDT,2025-10-10,B-,NINJA,59,27.07423580786026
MTLUSDT,2025-10-19,B-,NINJA,62,5.346534653465351
MTLUSDT,2025-10-24,B-,NINJA,57,1.9646365422396839
MTLUSDT,2025-10-25,B-,NINJA,61,2.5691699604743157
MTLUSDT,2025-10-27,B-,NINJA,53,2.008032128514059
MTLUSDT,2025-11-02,B-,NINJA,56,23.632385120350087
MTLUSDT,2025-11-06,B-,NINJA,67,32.009345794392516
MTLUSDT,2025-11-14,B-,NINJA,40,6.9351230425055865
MTLUSDT,2025-11-15,B-,NINJA,34,0.4474272930648837
MTLUSDT,2025-11-16,B-,NINJA,35,4.941176470588249
MTLUSDT,2025-11-17,B-,NINJA,32,4.23529411764707
MTLUSDT,2025-11-20,B-,NINJA,63,10.81730769230771
MTLUSDT,2025-11-22,B-,NINJA,36,16.70886075949367
MTLUSDT,2025-11-24,B-,NINJA,61,12.713936430317862
MTLUSDT,2025-12-03,B-,NINJA,73,13.238770685579194
MTLUSDT,2025-12-04,B-,NINJA,71,17.114914425427873
MTLUSDT,2025-12-07,B-,NINJA,60,20.654911838790913
MTLUSDT,2025-12-09,B-,NINJA,66,14.868105515587526
MTLUSDT,2025-12-10,B-,NINJA,83,3.0444964871194413
MTLUSDT,2025-12-12,B-,NINJA,54,1.2468827930174564
MTLUSDT,2025-12-14,B-,NINJA,33,2.864583333333326
MTLUSDT,2025-12-25,B-,NINJA,52,11.304347826086957
MTLUSDT,2025-12-28,B-,NINJA,70,14.929577464788736
MUSDT,2025-12-12,B-,TREND,92,23.077889447236167
MYXUSDT,2025-09-08,B-,TREND,93,34.28085939750014
NEARUSDT,2025-01-12,C+,NINJA,65,18.31892217977078
NEARUSDT,2025-01-26,C+,NINJA,54,1.8491279680605155
NEARUSDT,2025-02-21,C+,NINJA,78,10.09063444108762
NEARUSDT,2025-04-01,C+,NINJA,64,3.4352585881464837
NEARUSDT,2025-05-07,C+,NINJA,60,48.11733800350264
NEARUSDT,2025-05-29,C+,NINJA,74,0.6172839506172867
NEARUSDT,2025-06-03,C+,NINJA,75,8.938547486033531
NEARUSDT,2025-06-19,C+,NINJA,62,5.272810637322323
NEARUSDT,2025-06-30,C+,NINJA,77,18.063314711359403
NEARUSDT,2025-07-06,C+,NINJA,60,29.266055045871543
NEARUSDT,2025-07-07,C+,NINJA,70,32.60768874478928
NEARUSDT,2025-07-30,C+,NINJA,48,7.602559277380494
NEARUSDT,2025-07-31,C+,NINJA,47,13.214990138067062
NEARUSDT,2025-08-16,C+,NINJA,53,3.6834427425237015
NEARUSDT,2025-08-17,C+,NINJA,51,3.1828275351591273
NEARUSDT,2025-08-21,C+,NINJA,54,14.028629856850717
NEARUSDT,2025-08-27,C+,NINJA,65,1.9055180627232993
NEARUSDT,2025-09-02,C+,NINJA,62,15.33415334153343
NEARUSDT,2025-10-07,C+,NINJA,56,9.460834181078347
NEARUSDT,2025-10-09,C+,NINJA,51,12.083333333333336
NEARUSDT,2025-10-30,C+,NINJA,55,51.66666666666666
NEARUSDT,2025-11-01,C+,NINJA,56,46.50413983440662
NEARUSDT,2025-11-02,C+,NINJA,71,45.43378995433791
NEARUSDT,2025-12-07,C+,NINJA,55,10.752056404230315
NEARUSDT,2025-12-08,C+,NINJA,70,8.022922636103136
NEARUSDT,2025-12-10,C+,NINJA,72,0.17045454545454586
NEOUSDT,2025-01-09,B-,NINJA,57,15.962441314553978
NEOUSDT,2025-01-10,B-,NINJA,61,14.200792602377788
NEOUSDT,2025-01-11,B-,NINJA,76,13.006535947712417
NEOUSDT,2025-01-12,B-,NINJA,70,16.74544226873733
NEOUSDT,2025-01-22,B-,NINJA,63,8.668076109936585
NEOUSDT,2025-01-24,B-,NINJA,33,12.145454545454548
NEOUSDT,2025-01-26,B-,NINJA,56,13.049853372434006
NEOUSDT,2025-01-28,B-,NINJA,35,21.608832807570977
NEOUSDT,2025-02-01,B-,NINJA,67,2.0029673590504338
NEOUSDT,2025-02-04,B-,NINJA,48,6.684733514001806
NEOUSDT,2025-02-05,B-,NINJA,41,9.554730983302417
NEOUSDT,2025-02-09,B-,NINJA,59,12.690839694656496
NEOUSDT,2025-02-11,B-,NINJA,67,8.448117539026633
NEOUSDT,2025-02-21,B-,NINJA,69,4.322766570605174
NEOUSDT,2025-02-23,B-,NINJA,61,0.7547169811320753
NEOUSDT,2025-02-27,B-,NINJA,57,9.443861490031491
NEOUSDT,2025-03-03,B-,NINJA,53,7.454128440366947
NEOUSDT,2025-03-06,B-,NINJA,65,3.4521158129175777
NEOUSDT,2025-03-13,B-,NINJA,59,14.174252275682697
NEOUSDT,2025-03-22,B-,NINJA,51,4.192355117139335
NEOUSDT,2025-03-23,B-,NINJA,55,4.449938195302838
NEOUSDT,2025-04-05,B-,NINJA,52,25.210084033613445
NEOUSDT,2025-04-13,B-,NINJA,49,16.190476190476176
NEOUSDT,2025-04-16,B-,NINJA,68,19.34900542495479
NEOUSDT,2025-04-17,B-,NINJA,59,22.71062271062272
NEOUSDT,2025-04-20,B-,NINJA,79,20.28725314183124
NEOUSDT,2025-04-21,B-,NINJA,58,21.597096188747745
NEOUSDT,2025-04-25,B-,TREND,94,3.3950617283950546
NEOUSDT,2025-04-29,B-,NINJA,44,9.656301145662848
NEOUSDT,2025-05-01,B-,NINJA,52,23.188405797101463
NEOUSDT,2025-05-02,B-,NINJA,71,35.77235772357723
NEOUSDT,2025-05-06,B-,NINJA,60,55.493482309124765
NEOUSDT,2025-05-14,B-,NINJA,53,2.130681818181812
NEOUSDT,2025-05-16,B-,NINJA,28,8.610271903323262
NEOUSDT,2025-05-20,B-,NINJA,63,9.43683409436835
NEOUSDT,2025-05-23,B-,NINJA,69,4.636785162287471
NEOUSDT,2025-05-25,B-,NINJA,41,3.83435582822087
NEOUSDT,2025-05-26,B-,NINJA,67,4.475308641975295
NEOUSDT,2025-05-29,B-,NINJA,68,0.7776049766718529
NEOUSDT,2025-06-16,B-,NINJA,51,1.5929203539823078
NEOUSDT,2025-06-19,B-,NINJA,70,3.584229390681015
NEOUSDT,2025-06-20,B-,NINJA,56,7.037037037037042
NEOUSDT,2025-06-28,B-,NINJA,49,5.454545454545445
NEOUSDT,2025-06-30,B-,NINJA,75,15.567765567765557
NEOUSDT,2025-07-06,B-,NINJA,51,24.770642201834846
NEOUSDT,2025-07-07,B-,NINJA,64,26.568265682656843
NEOUSDT,2025-07-23,B-,NINJA,40,4.347826086956519
NEOUSDT,2025-07-26,B-,NINJA,54,5.2950075642965055
NEOUSDT,2025-07-27,B-,NINJA,66,2.2026431718061623
NEOUSDT,2025-07-28,B-,NINJA,63,7.210031347962387
NEOUSDT,2025-07-31,B-,NINJA,44,11.461794019933569
NEOUSDT,2025-08-04,B-,NINJA,62,12.972085385878485
NEOUSDT,2025-08-05,B-,NINJA,64,15.82491582491581
NEOUSDT,2025-08-11,B-,NINJA,61,11.867954911433177
NEOUSDT,2025-08-14,B-,NINJA,77,36.521739130434774
NEOUSDT,2025-08-16,B-,NINJA,62,35.01577287066247
NEOUSDT,2025-08-17,B-,NINJA,62,35.87301587301588
NEOUSDT,2025-08-25,B-,NINJA,71,0.4257656915259034
NEOUSDT,2025-08-27,B-,NINJA,40,2.4462669683257943
NEOUSDT,2025-08-28,B-,NINJA,42,1.798510608402415
NEOUSDT,2025-08-29,B-,NINJA,46,8.11298076923077
NEOUSDT,2025-08-30,B-,NINJA,50,1.5449032630667103
NEOUSDT,2025-08-31,B-,NINJA,51,1.8720982477160364
NEOUSDT,2025-09-02,B-,NINJA,43,4.4782939832444635
NEOUSDT,2025-09-03,B-,NINJA,57,5.693031729163511
NEOUSDT,2025-09-06,B-,NINJA,57,7.670893906588305
NEOUSDT,2025-09-29,B-,NINJA,60,13.16017316017315
NEOUSDT,2025-10-07,B-,NINJA,45,7.705026455026465
NEOUSDT,2025-10-09,B-,NINJA,49,7.067718606180162
NEOUSDT,2025-10-10,B-,NINJA,55,28.714905272768764
NEOUSDT,2025-10-18,B-,NINJA,46,7.264113699170949
NEOUSDT,2025-10-19,B-,NINJA,65,5.126716966531264
NEOUSDT,2025-10-24,B-,NINJA,61,5.072604065827679
NEOUSDT,2025-10-27,B-,NINJA,72,2.24933282500952
NEOUSDT,2025-10-30,B-,NINJA,58,20.436467468896602
NEOUSDT,2025-11-04,B-,NINJA,51,23.716739995809768
NEOUSDT,2025-11-06,B-,NINJA,49,21.477062332853336
NEOUSDT,2025-11-15,B-,NINJA,45,0.5804311774461057
NEOUSDT,2025-11-16,B-,NINJA,44,3.4290612944706256
NEOUSDT,2025-11-19,B-,NINJA,44,2.0643198609300306
NEOUSDT,2025-11-24,B-,NINJA,57,4.957146166319193
NEOUSDT,2025-12-07,B-,NINJA,55,8.555885262116725
NEOUSDT,2025-12-08,B-,NINJA,59,6.553398058252413
NEOUSDT,2025-12-10,B-,NINJA,76,2.434948675101456
NEOUSDT,2025-12-12,B-,NINJA,53,2.3227081788979476
NEOUSDT,2025-12-14,B-,NINJA,34,2.2296258329062013
NEOUSDT,2025-12-20,B-,NINJA,60,7.71570796460177
NEOUSDT,2025-12-25,B-,NINJA,60,11.202729599090144
NKNUSDT,2025-01-26,C,NINJA,73,0.7168458781362075
NKNUSDT,2025-02-20,C,NINJA,71,5.582922824302128
NKNUSDT,2025-02-21,C,NINJA,54,11.053540587219345
NKNUSDT,2025-02-23,C,NINJA,72,0.8210180623973828
NKNUSDT,2025-03-22,C,NINJA,59,6.485355648535562
NKNUSDT,2025-03-23,C,NINJA,68,6.708595387840677
NKNUSDT,2025-05-03,C,NINJA,48,33.04597701149425
NKNUSDT,2025-05-05,C,NINJA,75,24.12868632707774
NKNUSDT,2025-05-14,C,NINJA,67,1.7326732673267342
NKNUSDT,2025-05-16,C,NINJA,43,7.608695652173925
NKNUSDT,2025-05-18,C,NINJA,67,0.0
NKNUSDT,2025-05-20,C,NINJA,66,6.0109289617486406
NKNUSDT,2025-05-21,C,NINJA,60,5.434782608695654
NKNUSDT,2025-05-22,C,NINJA,76,3.4666666666666845
NKNUSDT,2025-05-23,C,NINJA,68,14.117647058823524
NKNUSDT,2025-05-25,C,NINJA,63,5.337078651685401
NKNUSDT,2025-06-19,C,NINJA,58,9.236947791164663
NKNUSDT,2025-06-20,C,NINJA,60,12.863070539419086
NKNUSDT,2025-06-30,C,NINJA,75,12.096774193548377
NKNUSDT,2025-07-03,C,NINJA,73,26.556016597510368
NKNUSDT,2025-07-31,C,NINJA,51,13.857677902621713
NKNUSDT,2025-08-16,C,NINJA,61,5.517241379310334
NKNUSDT,2025-08-17,C,NINJA,72,6.25
NKNUSDT,2025-08-21,C,NINJA,69,11.272727272727256
NKNUSDT,2025-08-25,C,NINJA,45,11.111111111111116
NKNUSDT,2025-08-27,C,NINJA,68,3.942652329749108
NKNUSDT,2025-08-30,C,NINJA,64,2.9090909090909056
NKNUSDT,2025-08-31,C,NINJA,61,15.05791505791505
NKNUSDT,2025-09-02,C,NINJA,58,12.87878787878789
NKNUSDT,2025-09-03,C,NINJA,64,20.912547528517123
NKNUSDT,2025-09-13,C,NINJA,92,0.0
NKNUSDT,2025-09-17,C,NINJA,70,3.2258064516129004
NKNUSDT,2025-09-21,C,NINJA,71,0.36231884057971175
NKNUSDT,2025-12-03,C,NINJA,66,2.8169014084507005
NKNUSDT,2025-12-04,C,NINJA,73,4.285714285714293
NKNUSDT,2025-12-07,C,NINJA,56,11.450381679389299
NKNUSDT,2025-12-08,C,NINJA,58,8.955223880597018
OGNUSDT,2025-01-11,C+,NINJA,56,16.044776119402982
OGNUSDT,2025-01-24,C+,NINJA,43,18.553459119496864
OGNUSDT,2025-01-26,C+,NINJA,67,0.4060913705583813
OGNUSDT,2025-02-20,C+,NINJA,76,17.53494282083863
OGNUSDT,2025-02-21,C+,NINJA,69,22.354497354497347
OGNUSDT,2025-02-23,C+,NINJA,80,1.3333333333333197
OGNUSDT,2025-02-26,C+,NINJA,57,9.014084507042263
OGNUSDT,2025-02-27,C+,NINJA,59,8.100558659217882
OGNUSDT,2025-03-22,C+,NINJA,65,5.783866057838671
OGNUSDT,2025-03-23,C+,NINJA,79,4.367469879518082
OGNUSDT,2025-05-07,C+,NINJA,64,37.29729729729729
OGNUSDT,2025-05-29,C+,NINJA,66,21.55309033280508
OGNUSDT,2025-06-19,C+,NINJA,50,26.65330661322647
OGNUSDT,2025-07-03,C+,NINJA,64,11.359404096834268
OGNUSDT,2025-07-07,C+,NINJA,68,22.98850574712641
OGNUSDT,2025-07-08,C+,NINJA,67,30.451866404715133
OGNUSDT,2025-07-31,C+,NINJA,57,10.977701543739272
OGNUSDT,2025-08-11,C+,NINJA,72,43.790849673202615
OGNUSDT,2025-09-11,C+,NINJA,82,6.525037936267064
OGNUSDT,2025-09-21,C+,NINJA,55,0.4731861198738363
OGNUSDT,2025-10-30,C+,NINJA,50,14.798206278026903
OGNUSDT,2025-10-31,C+,NINJA,51,13.27433628318586
OGNUSDT,2025-11-01,C+,NINJA,68,11.062906724511933
OGNUSDT,2025-12-07,C+,NINJA,59,9.039548022598876
OGNUSDT,2025-12-08,C+,NINJA,73,8.12324929971988
OGNUSDT,2025-12-10,C+,NINJA,72,0.27472527472527375
OGNUSDT,2025-12-12,C+,NINJA,50,1.449275362318847
OGUSDT,2025-01-09,C-,NINJA,51,8.577540106951865
OGUSDT,2025-01-10,C-,NINJA,56,8.903668740613613
OGUSDT,2025-01-11,C-,NINJA,56,8.810289389067517
OGUSDT,2025-02-09,C-,NINJA,72,30.82231167337548
OGUSDT,2025-02-15,C-,NINJA,72,3.943017044009167
OGUSDT,2025-02-17,C-,NINJA,47,9.338624338624335
OGUSDT,2025-02-19,C-,NINJA,53,10.77459126239615
OGUSDT,2025-02-20,C-,NINJA,66,9.280803807509264
OGUSDT,2025-02-21,C-,NINJA,56,13.170865279299004
OGUSDT,2025-02-23,C-,NINJA,66,10.478481689387852
OGUSDT,2025-02-27,C-,NINJA,82,32.24867724867724
OGUSDT,2025-03-01,C-,NINJA,61,35.4375507992414
OGUSDT,2025-03-02,C-,NINJA,68,30.216202135972893
OGUSDT,2025-03-03,C-,NINJA,64,38.055785694559496
OGUSDT,2025-03-06,C-,NINJA,70,37.59977979631157
OGUSDT,2025-03-07,C-,NINJA,70,39.988798655838686
OGUSDT,2025-03-29,C-,NINJA,67,4.675825500120512
OGUSDT,2025-03-31,C-,NINJA,50,0.5343696866650482
OGUSDT,2025-06-27,C-,NINJA,55,7.01576004067106
OGUSDT,2025-06-28,C-,NINJA,56,5.1186017478152435
OGUSDT,2025-07-03,C-,NINJA,67,15.041157395859317
OGUSDT,2025-07-05,C-,NINJA,60,28.63528793058112
OGUSDT,2025-08-09,C-,TREND,93,49.046793760831896
OGUSDT,2025-08-26,C-,NINJA,63,10.026809651474533
OGUSDT,2025-08-28,C-,NINJA,52,29.82950101673707
OGUSDT,2025-08-31,C-,NINJA,74,93.09177629048389
OGUSDT,2025-09-02,C-,NINJA,74,83.84237896433018
OGUSDT,2025-09-07,C-,TREND,97,53.770752925320096
OGUSDT,2025-09-08,C-,TREND,98,31.200669071141096
OGUSDT,2025-09-09,C-,TREND,92,7.586798114016302
OGUSDT,2025-09-29,C-,NINJA,54,5.616446838813549
OGUSDT,2025-09-30,C-,NINJA,44,7.602044035076649
OGUSDT,2025-10-01,C-,NINJA,43,11.25896934116113
OGUSDT,2025-11-16,C-,NINJA,43,4.67526972709964
OGUSDT,2025-11-19,C-,NINJA,63,2.8729910396814162
OGUSDT,2025-11-22,C-,NINJA,66,0.8195532346968237
OGUSDT,2025-12-09,C-,NINJA,66,3.1461724164784766
OGUSDT,2025-12-13,C-,NINJA,43,8.994533708795771
OGUSDT,2025-12-19,C-,NINJA,51,2.327473958333326
OGUSDT,2025-12-20,C-,NINJA,43,2.101832993890018
OGUSDT,2025-12-22,C-,NINJA,52,2.010418362363664
OGUSDT,2025-12-23,C-,NINJA,59,0.45946832950443106
OGUSDT,2025-12-28,C-,NINJA,57,2.64464224580625
ONDOUSDT,2025-05-14,B,NINJA,45,4.2236763831053015
ONDOUSDT,2025-05-16,B,NINJA,35,12.127999999999982
ONDOUSDT,2025-05-20,B,NINJA,66,11.36772963237631
ONDOUSDT,2025-05-25,B,NINJA,54,2.3671751709626543
ONDOUSDT,2025-05-26,B,NINJA,65,3.254626675175487
ONDOUSDT,2025-06-02,B,NINJA,63,8.168782322519984
ONDOUSDT,2025-06-03,B,NINJA,63,8.245118795577522
ONDOUSDT,2025-06-15,B,NINJA,45,6.0827864714790625
ONDOUSDT,2025-06-16,B,NINJA,68,1.0228564212653168
ONDOUSDT,2025-06-19,B,NINJA,67,4.1259924508655565
ONDOUSDT,2025-06-28,B,NINJA,55,7.18696623308368
ONDOUSDT,2025-07-07,B,NINJA,77,36.096873398257316
ONDOUSDT,2025-07-10,B,TREND,92,22.208547773551125
ONDOUSDT,2025-07-18,B,NINJA,76,16.171649945366063
ONDOUSDT,2025-07-23,B,NINJA,59,5.182453416149069
ONDOUSDT,2025-07-26,B,NINJA,60,4.00153536128971
ONDOUSDT,2025-07-28,B,NINJA,62,2.288306451612887
ONDOUSDT,2025-07-31,B,NINJA,34,15.143603133159278
ONDOUSDT,2025-08-11,B,NINJA,62,12.939621874364704
ONDOUSDT,2025-08-14,B,NINJA,79,4.0443379269023305
ONDOUSDT,2025-08-16,B,NINJA,48,4.075516931375489
ONDOUSDT,2025-08-17,B,NINJA,63,2.1040095275903115
ONDOUSDT,2025-08-21,B,NINJA,54,12.21640488656195
ONDOUSDT,2025-08-27,B,NINJA,60,6.361871899935312
ONDOUSDT,2025-08-30,B,NINJA,50,8.598480678190024
ONDOUSDT,2025-08-31,B,NINJA,48,18.381451343217048
ONDOUSDT,2025-09-07,B,NINJA,54,24.698001317812434
ONDOUSDT,2025-09-12,B,TREND,90,1.7257039055404322
ONDOUSDT,2025-09-15,B,NINJA,39,5.623070987654333
ONDOUSDT,2025-09-16,B,NINJA,33,7.268096777353317
ONDOUSDT,2025-09-17,B,NINJA,40,2.691297824456118
ONDOUSDT,2025-09-21,B,NINJA,33,0.48504446240904553
ONDOUSDT,2025-09-27,B,NINJA,51,11.205336951605616
ONDOUSDT,2025-09-29,B,NINJA,57,10.097391693719926
ONDOUSDT,2025-10-05,B,NINJA,59,7.25190839694656
ONDOUSDT,2025-10-07,B,NINJA,64,6.757649130530496
ONDOUSDT,2025-10-09,B,NINJA,50,9.740920918655949
ONDOUSDT,2025-10-15,B,NINJA,52,2.4361493123772116
ONDOUSDT,2025-10-19,B,NINJA,59,6.902679059595407
ONDOUSDT,2025-10-25,B,NINJA,63,6.156360664669025
ONDOUSDT,2025-10-27,B,NINJA,66,2.1444846535316975
ONDOUSDT,2025-10-30,B,NINJA,50,3.1649245063879228
ONDOUSDT,2025-11-01,B,NINJA,55,0.8961593172119642
ONDOUSDT,2025-11-02,B,NINJA,59,1.132129550014338
ONDOUSDT,2025-11-06,B,NINJA,51,18.525361101780312
ONDOUSDT,2025-11-20,B,NINJA,47,7.850579304834193
ONDOUSDT,2025-11-24,B,NINJA,61,8.023209283713495
ONDOUSDT,2025-12-08,B,NINJA,71,7.3447493294821475
ONDOUSDT,2025-12-10,B,NINJA,76,0.14294465999591388
ONDOUSDT,2025-12-12,B,NINJA,45,1.6136066288704898
ONDOUSDT,2025-12-13,B,NINJA,50,0.6044905008635526
ONDOUSDT,2025-12-14,B,NINJA,47,3.2155797101449224
ONDOUSDT,2025-12-25,B,NINJA,36,20.994024986420424
ONDOUSDT,2025-12-26,B,NINJA,52,23.083067092651753
ONEUSDT,2025-04-23,C+,TREND,97,13.138138138138133
ONGUSDT,2025-01-13,B,NINJA,45,6.042998256827414
ONGUSDT,2025-01-15,B,NINJA,50,1.9553072625698276
ONGUSDT,2025-01-16,B,NINJA,58,5.308713214079619
ONGUSDT,2025-01-17,B,NINJA,61,0.500974116337316
ONGUSDT,2025-01-20,B,NINJA,39,3.961661341853051
ONGUSDT,2025-01-22,B,NINJA,50,4.2704626334519435
ONGUSDT,2025-01-26,B,NINJA,55,6.254136333553939
ONGUSDT,2025-01-28,B,NINJA,34,13.703966005665723
ONGUSDT,2025-01-30,B,NINJA,60,8.626522327469566
ONGUSDT,2025-02-04,B,NINJA,64,2.2471910112359605
ONGUSDT,2025-02-05,B,NINJA,52,5.446118192352256
ONGUSDT,2025-02-11,B,NINJA,80,18.637431480031317
ONGUSDT,2025-02-15,B,NINJA,61,17.260061919504622
ONGUSDT,2025-02-17,B,NINJA,64,3.833145434047336
ONGUSDT,2025-02-19,B,NINJA,58,5.943251533742333
ONGUSDT,2025-02-20,B,NINJA,71,3.174010455563847
ONGUSDT,2025-02-21,B,NINJA,70,5.095785440613021
ONGUSDT,2025-02-26,B,NINJA,56,6.475111290975311
ONGUSDT,2025-02-27,B,NINJA,65,5.91787439613527
ONGUSDT,2025-03-03,B,NINJA,54,4.917319408181031
ONGUSDT,2025-03-06,B,NINJA,63,3.114186851211076
ONGUSDT,2025-03-13,B,NINJA,61,11.300535801266442
ONGUSDT,2025-03-22,B,NINJA,53,9.066059225512536
ONGUSDT,2025-03-23,B,NINJA,44,9.715857011915663
ONGUSDT,2025-03-25,B,NINJA,74,0.9230769230769154
ONGUSDT,2025-04-06,B,NINJA,43,25.439698492462306
ONGUSDT,2025-04-08,B,NINJA,56,29.916720051249214
ONGUSDT,2025-04-09,B,NINJA,65,21.403912543153037
ONGUSDT,2025-04-13,B,NINJA,60,22.92263610315186
ONGUSDT,2025-04-26,B,TREND,95,1.567542646380815
ONGUSDT,2025-04-29,B,NINJA,64,9.121459433509349
ONGUSDT,2025-05-01,B,NINJA,56,12.505921364282324
ONGUSDT,2025-05-03,B,NINJA,64,20.0888450148075
ONGUSDT,2025-05-06,B,NINJA,57,26.45530145530146
ONGUSDT,2025-05-09,B,TREND,92,7.0862676056338
ONGUSDT,2025-05-14,B,NINJA,52,0.8395934600088362
ONGUSDT,2025-05-16,B,NINJA,29,4.20364315740307
ONGUSDT,2025-05-20,B,NINJA,58,5.584477046852809
ONGUSDT,2025-05-21,B,NINJA,45,5.9354226020892575
ONGUSDT,2025-05-23,B,NINJA,58,4.57677165354331
ONGUSDT,2025-05-26,B,NINJA,42,2.7721774193548487
ONGUSDT,2025-05-28,B,NINJA,49,1.962757926522407
ONGUSDT,2025-06-02,B,NINJA,66,2.5600000000000067
ONGUSDT,2025-06-07,B,NINJA,51,7.851934941110494
ONGUSDT,2025-06-08,B,NINJA,62,7.190635451505023
ONGUSDT,2025-06-15,B,NINJA,56,0.6783493499152193
ONGUSDT,2025-06-16,B,NINJA,57,2.389277389277389
ONGUSDT,2025-06-19,B,NINJA,64,1.6949152542372836
ONGUSDT,2025-06-20,B,NINJA,51,3.942652329749108
ONGUSDT,2025-06-28,B,NINJA,44,5.61933534743202
ONGUSDT,2025-06-30,B,NINJA,66,11.669658886894062
ONGUSDT,2025-07-07,B,NINJA,72,23.283582089552233
ONGUSDT,2025-07-10,B,TREND,91,17.862924986508368
ONGUSDT,2025-07-23,B,NINJA,52,1.538461538461533
ONGUSDT,2025-07-26,B,NINJA,46,3.665987780040747
ONGUSDT,2025-07-27,B,NINJA,54,0.9920634920634885
ONGUSDT,2025-07-28,B,NINJA,51,2.6245313336904053
ONGUSDT,2025-07-31,B,NINJA,41,8.845491097070646
ONGUSDT,2025-08-04,B,NINJA,61,8.100399315459207
ONGUSDT,2025-08-05,B,NINJA,72,9.600925390399073
ONGUSDT,2025-08-14,B,NINJA,71,16.182572614107894
ONGUSDT,2025-08-16,B,NINJA,69,33.1612162937464
ONGUSDT,2025-08-17,B,NINJA,75,34.86345148169669
ONGUSDT,2025-08-19,B,NINJA,47,41.35200974421436
ONGUSDT,2025-08-25,B,NINJA,78,0.0
ONGUSDT,2025-08-30,B,NINJA,45,2.2432113341204207
ONGUSDT,2025-08-31,B,NINJA,49,4.086538461538458
ONGUSDT,2025-09-03,B,NINJA,61,4.867788461538458
ONGUSDT,2025-09-04,B,NINJA,55,7.716049382716039
ONGUSDT,2025-09-21,B,NINJA,46,0.3671970624235188
ONGUSDT,2025-09-27,B,NINJA,54,7.071380920613746
ONGUSDT,2025-09-29,B,NINJA,59,5.800922874093617
ONGUSDT,2025-10-05,B,NINJA,42,3.502974223397226
ONGUSDT,2025-10-07,B,NINJA,49,3.6759700476514556
ONGUSDT,2025-10-09,B,NINJA,48,1.2104909213180859
ONGUSDT,2025-10-10,B,NINJA,60,17.903930131004376
ONGUSDT,2025-10-18,B,NINJA,49,5.982905982905984
ONGUSDT,2025-10-19,B,NINJA,62,4.28931875525651
ONGUSDT,2025-10-20,B,NINJA,66,4.026845637583887
ONGUSDT,2025-10-24,B,NINJA,61,4.195205479452047
ONGUSDT,2025-10-25,B,NINJA,60,5.2768166089965485
ONGUSDT,2025-10-27,B,NINJA,59,1.2006861063464935
ONGUSDT,2025-10-30,B,NINJA,49,8.886810102899911
ONGUSDT,2025-11-11,B,NINJA,47,9.541284403669724
ONGUSDT,2025-11-15,B,NINJA,45,1.904761904761898
ONGUSDT,2025-11-16,B,NINJA,49,4.59433040078201
ONGUSDT,2025-11-17,B,NINJA,39,6.7864271457085845
ONGUSDT,2025-11-19,B,NINJA,49,8.080808080808065
ONGUSDT,2025-11-23,B,NINJA,61,14.452709883103076
ONGUSDT,2025-11-26,B,NINJA,57,8.350100603621735
ONGUSDT,2025-12-03,B,NINJA,50,0.10504201680670011
ONGUSDT,2025-12-04,B,NINJA,51,3.2008830022075108
ONGUSDT,2025-12-06,B,NINJA,59,0.8695652173912993
ONGUSDT,2025-12-07,B,NINJA,48,5.454545454545445
ONGUSDT,2025-12-10,B,NINJA,58,1.0158013544018019
ONGUSDT,2025-12-12,B,NINJA,41,4.069767441860472
ONGUSDT,2025-12-13,B,NINJA,53,0.567536889897835
ONGUSDT,2025-12-14,B,NINJA,46,2.741358760429069
ONGUSDT,2025-12-25,B,NINJA,61,23.24723247232472
ONGUSDT,2025-12-27,B,NINJA,62,16.10660486674391
ONTUSDT,2025-01-11,C+,NINJA,66,28.928283642224017
ONTUSDT,2025-01-13,C+,NINJA,72,5.705591479650041
ONTUSDT,2025-01-16,C+,NINJA,64,8.767123287671218
ONTUSDT,2025-01-22,C+,NINJA,51,20.580357142857153
ONTUSDT,2025-01-26,C+,NINJA,62,22.051513782196118
ONTUSDT,2025-01-28,C+,NINJA,40,30.862403100775193
ONTUSDT,2025-01-30,C+,NINJA,59,23.16461468308255
ONTUSDT,2025-02-04,C+,NINJA,51,11.5866388308977
ONTUSDT,2025-02-05,C+,NINJA,44,16.195652173913032
ONTUSDT,2025-02-09,C+,NINJA,70,13.002114164904842
ONTUSDT,2025-02-11,C+,NINJA,64,10.89211618257262
ONTUSDT,2025-02-17,C+,NINJA,63,1.7364657814096018
ONTUSDT,2025-02-20,C+,NINJA,77,3.1589849818746796
ONTUSDT,2025-02-21,C+,NINJA,70,3.251599147121542
ONTUSDT,2025-02-27,C+,NINJA,62,8.908554572271377
ONTUSDT,2025-03-03,C+,NINJA,54,3.1565656565656353
ONTUSDT,2025-03-06,C+,NINJA,56,4.342273307790556
ONTUSDT,2025-03-13,C+,NINJA,61,12.5
ONTUSDT,2025-03-23,C+,NINJA,65,7.080828323313293
ONTUSDT,2025-04-01,C+,NINJA,75,0.0
ONTUSDT,2025-04-04,C+,NINJA,48,5.212211466865235
ONTUSDT,2025-04-05,C+,NINJA,53,6.400602409638556
ONTUSDT,2025-04-08,C+,NINJA,43,25.765306122448983
ONTUSDT,2025-04-16,C+,NINJA,59,21.729490022172946
ONTUSDT,2025-04-26,C+,TREND,94,1.5394088669950845
ONTUSDT,2025-04-29,C+,NINJA,46,10.927152317880795
ONTUSDT,2025-05-09,C+,TREND,95,8.62275449101797
ONTUSDT,2025-05-14,C+,NINJA,45,0.9773976786805028
ONTUSDT,2025-05-16,C+,NINJA,36,6.042884990253405
ONTUSDT,2025-05-20,C+,NINJA,64,6.457925636007844
ONTUSDT,2025-05-23,C+,NINJA,65,2.169491525423739
ONTUSDT,2025-05-26,C+,NINJA,43,3.3542976939203273
ONTUSDT,2025-05-28,C+,NINJA,52,1.538461538461533
ONTUSDT,2025-05-29,C+,NINJA,48,1.808972503617956
ONTUSDT,2025-06-02,C+,NINJA,77,8.114035087719307
ONTUSDT,2025-06-11,C+,NINJA,85,0.35335689045936647
ONTUSDT,2025-06-30,C+,NINJA,67,13.12964492155244
ONTUSDT,2025-07-06,C+,NINJA,57,26.639344262295083
ONTUSDT,2025-07-07,C+,NINJA,70,27.58051197357556
ONTUSDT,2025-07-10,C+,TREND,98,22.85084496693608
ONTUSDT,2025-07-23,C+,NINJA,52,5.063291139240511
ONTUSDT,2025-07-26,C+,NINJA,63,5.203468979319537
ONTUSDT,2025-07-28,C+,NINJA,63,3.4385964912280853
ONTUSDT,2025-07-31,C+,NINJA,52,11.053024645257658
ONTUSDT,2025-08-04,C+,NINJA,62,10.510948905109485
ONTUSDT,2025-08-05,C+,NINJA,67,13.749060856498874
ONTUSDT,2025-08-11,C+,NINJA,60,10.349854227405263
ONTUSDT,2025-08-14,C+,NINJA,76,25.60885608856087
ONTUSDT,2025-08-16,C+,NINJA,62,65.10454217736124
ONTUSDT,2025-08-17,C+,NINJA,71,64.86681065514762
ONTUSDT,2025-08-21,C+,NINJA,67,71.53558052434457
ONTUSDT,2025-08-28,C+,NINJA,32,3.901825047199492
ONTUSDT,2025-08-29,C+,NINJA,32,9.70099667774087
ONTUSDT,2025-08-30,C+,NINJA,39,0.5795235028976276
ONTUSDT,2025-08-31,C+,NINJA,35,1.9099590723056004
ONTUSDT,2025-09-06,C+,NINJA,54,10.569105691056912
ONTUSDT,2025-09-07,C+,NINJA,56,10.405904059040584
ONTUSDT,2025-09-17,C+,NINJA,64,0.911640953716697
ONTUSDT,2025-09-18,C+,NINJA,79,0.9135628952916308
ONTUSDT,2025-09-21,C+,NINJA,46,0.3717472118959009
ONTUSDT,2025-09-27,C+,NINJA,51,16.057774001699233
ONTUSDT,2025-09-29,C+,NINJA,54,15.177065767284992
ONTUSDT,2025-10-07,C+,NINJA,39,6.100577081615821
ONTUSDT,2025-10-09,C+,NINJA,50,2.6016260162601723
ONTUSDT,2025-10-10,C+,NINJA,50,21.171171171171178
ONTUSDT,2025-10-18,C+,NINJA,41,4.883227176220806
ONTUSDT,2025-10-19,C+,NINJA,44,4.772004241781547
ONTUSDT,2025-10-20,C+,NINJA,57,3.5714285714285587
ONTUSDT,2025-10-24,C+,NINJA,57,6.571741511500528
ONTUSDT,2025-10-25,C+,NINJA,49,7.0407040704070445
ONTUSDT,2025-10-27,C+,NINJA,62,2.1739130434782705
ONTUSDT,2025-11-06,C+,NINJA,57,17.647058823529417
ONTUSDT,2025-11-11,C+,NINJA,48,9.208972845336483
ONTUSDT,2025-11-15,C+,NINJA,52,1.134930643127352
ONTUSDT,2025-11-16,C+,NINJA,55,5.118110236220463
ONTUSDT,2025-11-19,C+,NINJA,51,3.8007863695937116
ONTUSDT,2025-11-23,C+,NINJA,58,5.571030640668528
ONTUSDT,2025-11-28,C+,NINJA,56,3.0136986301370072
ONTUSDT,2025-12-07,C+,NINJA,54,8.112094395280245
ONTUSDT,2025-12-08,C+,NINJA,58,6.078147612156304
ONTUSDT,2025-12-10,C+,NINJA,72,0.43290043290042934
ONTUSDT,2025-12-12,C+,NINJA,39,2.26586102719033
ONTUSDT,2025-12-13,C+,NINJA,49,0.4484304932735439
ONTUSDT,2025-12-14,C+,NINJA,39,2.0312499999999956
ONTUSDT,2025-12-24,C+,NINJA,52,74.48789571694601
ONTUSDT,2025-12-25,C+,NINJA,48,77.46212121212122
ONTUSDT,2025-12-27,C+,NINJA,64,45.27131782945737
OPUSDT,2025-01-12,B-,NINJA,71,12.114413909141897
OPUSDT,2025-02-18,B-,NINJA,68,11.029411764705866
OPUSDT,2025-02-21,B-,NINJA,71,10.927456382001832
OPUSDT,2025-03-01,B-,NINJA,48,13.243761996161219
OPUSDT,2025-03-23,B-,NINJA,62,8.381839348079168
OPUSDT,2025-04-23,B-,TREND,92,10.751295336787559
OPUSDT,2025-05-29,B-,NINJA,68,0.4098360655737654
OPUSDT,2025-06-03,B-,NINJA,64,12.781954887218049
OPUSDT,2025-06-19,B-,NINJA,68,10.26548672566372
OPUSDT,2025-07-03,B-,NINJA,76,22.125435540069695
OPUSDT,2025-07-06,B-,NINJA,54,35.727440147329645
OPUSDT,2025-07-07,B-,NINJA,77,34.98168498168497
OPUSDT,2025-07-31,B-,NINJA,49,22.63868065967014
OPUSDT,2025-08-05,B-,NINJA,76,33.73676248108926
OPUSDT,2025-08-09,B-,TREND,95,9.13580246913579
OPUSDT,2025-08-11,B-,NINJA,70,18.024032042723626
OPUSDT,2025-08-27,B-,NINJA,53,6.237453398336679
OPUSDT,2025-08-28,B-,NINJA,66,0.21689033482443776
OPUSDT,2025-08-29,B-,NINJA,59,9.405654933641072
OPUSDT,2025-08-31,B-,NINJA,65,15.623645035409762
OPUSDT,2025-10-09,B-,NINJA,53,5.970571590265994
OPUSDT,2025-10-30,B-,NINJA,54,9.492880339745202
OPUSDT,2025-11-02,B-,NINJA,70,7.994289793005005
OPUSDT,2025-12-07,B-,NINJA,68,14.304461942257207
OPUSDT,2025-12-10,B-,NINJA,75,0.21651716671822197
OPUSDT,2025-12-12,B-,NINJA,51,3.3159947984395366
OPUSDT,2025-12-13,B-,NINJA,63,0.5710659898477299
OPUSDT,2025-12-14,B-,NINJA,58,5.420685068174258
ORDIUSDT,2025-05-09,B-,TREND,87,46.81769147788566
ORDIUSDT,2025-07-10,B-,TREND,98,17.73569537772348
OXTUSDT,2025-01-09,C+,NINJA,51,10.008936550491509
OXTUSDT,2025-01-11,C+,NINJA,53,9.714795008912658
OXTUSDT,2025-01-22,C+,NINJA,54,14.977168949771702
OXTUSDT,2025-01-24,C+,NINJA,44,19.223484848484862
OXTUSDT,2025-01-26,C+,NINJA,59,19.33649289099528
OXTUSDT,2025-01-28,C+,NINJA,66,24.900793650793652
OXTUSDT,2025-02-04,C+,NINJA,47,14.712153518123671
OXTUSDT,2025-02-05,C+,NINJA,43,19.42286348501665
OXTUSDT,2025-02-17,C+,NINJA,42,4.120603015075375
OXTUSDT,2025-02-21,C+,NINJA,79,2.4870466321243567
OXTUSDT,2025-02-23,C+,NINJA,61,1.987447698744771
OXTUSDT,2025-02-26,C+,NINJA,57,10.169491525423746
OXTUSDT,2025-02-27,C+,NINJA,80,7.497243660418973
OXTUSDT,2025-03-01,C+,NINJA,50,13.372093023255838
OXTUSDT,2025-03-03,C+,NINJA,53,1.3205282112845218
OXTUSDT,2025-03-05,C+,NINJA,48,1.3205282112845218
OXTUSDT,2025-03-06,C+,NINJA,51,5.118601747815221
OXTUSDT,2025-03-09,C+,NINJA,34,5.753424657534256
OXTUSDT,2025-03-13,C+,NINJA,55,6.906077348066275
OXTUSDT,2025-03-23,C+,NINJA,65,3.581267217630857
OXTUSDT,2025-03-27,C+,NINJA,57,1.2729844413012614
OXTUSDT,2025-04-04,C+,NINJA,60,9.6518987341772
OXTUSDT,2025-04-05,C+,NINJA,64,10.526315789473673
OXTUSDT,2025-04-08,C+,NINJA,57,24.99999999999998
OXTUSDT,2025-04-16,C+,NINJA,33,32.3671497584541
OXTUSDT,2025-04-18,C+,NINJA,70,22.686567164179095
OXTUSDT,2025-04-21,C+,NINJA,59,9.756097560975618
OXTUSDT,2025-04-23,C+,NINJA,65,6.25
OXTUSDT,2025-04-27,C+,NINJA,53,3.703703703703698
OXTUSDT,2025-04-29,C+,NINJA,51,4.05594405594405
OXTUSDT,2025-05-01,C+,NINJA,50,6.311360448807868
OXTUSDT,2025-05-03,C+,NINJA,41,10.334788937409044
OXTUSDT,2025-05-05,C+,NINJA,54,16.33888048411496
OXTUSDT,2025-05-14,C+,NINJA,61,0.8415147265077083
OXTUSDT,2025-05-16,C+,NINJA,34,2.4024024024023927
OXTUSDT,2025-05-20,C+,NINJA,57,6.055900621118004
OXTUSDT,2025-05-26,C+,NINJA,58,9.105431309904155
OXTUSDT,2025-06-01,C+,NINJA,43,10.229276895943551
OXTUSDT,2025-06-02,C+,NINJA,56,9.841827768014056
OXTUSDT,2025-06-03,C+,NINJA,57,10.619469026548668
OXTUSDT,2025-06-14,C+,NINJA,60,7.067137809187285
OXTUSDT,2025-06-15,C+,NINJA,82,6.690140845070425
OXTUSDT,2025-06-19,C+,NINJA,47,6.822262118491906
OXTUSDT,2025-06-20,C+,NINJA,63,7.985480943738654
OXTUSDT,2025-06-27,C+,NINJA,53,3.5447761194029814
OXTUSDT,2025-06-29,C+,NINJA,61,0.9090909090909038
OXTUSDT,2025-06-30,C+,NINJA,67,7.156308851224091
OXTUSDT,2025-07-06,C+,NINJA,54,21.886792452830207
OXTUSDT,2025-07-07,C+,NINJA,72,21.42857142857144
OXTUSDT,2025-07-26,C+,NINJA,69,3.8016528925619797
OXTUSDT,2025-07-30,C+,NINJA,59,1.5789473684210575
OXTUSDT,2025-07-31,C+,NINJA,41,7.448789571694614
OXTUSDT,2025-08-04,C+,NINJA,66,8.000000000000007
OXTUSDT,2025-08-11,C+,NINJA,56,13.577981651376136
OXTUSDT,2025-08-14,C+,NINJA,67,14.20664206642066
OXTUSDT,2025-08-17,C+,NINJA,66,5.150976909413862
OXTUSDT,2025-08-21,C+,NINJA,63,9.023941068139973
OXTUSDT,2025-08-25,C+,NINJA,45,9.596928982725528
OXTUSDT,2025-08-27,C+,NINJA,77,3.068592057761732
OXTUSDT,2025-08-30,C+,NINJA,66,4.5787545787545625
OXTUSDT,2025-08-31,C+,NINJA,66,3.903345724907048
OXTUSDT,2025-09-02,C+,NINJA,60,4.096834264432037
OXTUSDT,2025-09-03,C+,NINJA,65,6.296296296296289
OXTUSDT,2025-09-05,C+,NINJA,66,8.301886792452828
OXTUSDT,2025-09-06,C+,NINJA,59,9.541984732824416
OXTUSDT,2025-09-07,C+,NINJA,70,8.301886792452828
OXTUSDT,2025-09-08,C+,NINJA,72,7.089552238805963
OXTUSDT,2025-09-11,C+,NINJA,72,6.493506493506485
OXTUSDT,2025-09-21,C+,NINJA,60,0.5703422053231932
OXTUSDT,2025-09-27,C+,NINJA,50,11.802575107296143
OXTUSDT,2025-09-29,C+,NINJA,51,11.802575107296143
OXTUSDT,2025-10-07,C+,NINJA,40,4.338842975206614
OXTUSDT,2025-10-09,C+,NINJA,42,3.9094650205761416
OXTUSDT,2025-10-10,C+,NINJA,54,19.289340101522857
OXTUSDT,2025-10-18,C+,NINJA,42,5.405405405405417
OXTUSDT,2025-10-19,C+,NINJA,58,4.379562043795637
OXTUSDT,2025-10-20,C+,NINJA,67,3.6231884057970953
OXTUSDT,2025-10-24,C+,NINJA,58,5.1597051597051635
OXTUSDT,2025-10-27,C+,NINJA,71,0.9779951100244544
OXTUSDT,2025-10-30,C+,NINJA,55,8.776595744680836
OXTUSDT,2025-11-04,C+,NINJA,60,5.817174515235446
OXTUSDT,2025-11-07,C+,NINJA,53,3.50877192982455
OXTUSDT,2025-11-08,C+,NINJA,53,1.4836795252225476
OXTUSDT,2025-11-15,C+,NINJA,56,0.943396226415083
OXTUSDT,2025-11-16,C+,NINJA,55,4.6052631578947345
OXTUSDT,2025-11-19,C+,NINJA,51,6.000000000000005
OXTUSDT,2025-11-23,C+,NINJA,57,7.66550522648084
OXTUSDT,2025-11-24,C+,NINJA,69,4.391891891891886
OXTUSDT,2025-12-04,C+,NINJA,80,1.773049645390068
OXTUSDT,2025-12-07,C+,NINJA,62,3.237410071942448
OXTUSDT,2025-12-08,C+,NINJA,66,3.6101083032491044
OXTUSDT,2025-12-12,C+,NINJA,45,13.33333333333333
OXTUSDT,2025-12-13,C+,NINJA,53,11.678832116788307
OXTUSDT,2025-12-14,C+,NINJA,43,16.349809885931556
OXTUSDT,2025-12-25,C+,NINJA,33,8.47457627118644
OXTUSDT,2025-12-26,C+,NINJA,50,9.999999999999986
OXTUSDT,2025-12-27,C+,NINJA,62,35.26970954356845
PENDLEUSDT,2025-08-08,B-,TREND,98,10.421653470815695
PENGUUSDT,2025-07-11,C+,TREND,89,70.70063694267515
PHBUSDT,2025-04-23,C+,TREND,93,39.923224568138195
POLUSDT,2025-01-11,B-,NINJA,52,12.48912097476067
POLUSDT,2025-01-12,B-,NINJA,58,14.786856127886328
POLUSDT,2025-01-22,B-,NINJA,41,1.7416874010404815
POLUSDT,2025-01-24,B-,NINJA,34,3.4180138568129292
POLUSDT,2025-01-26,B-,NINJA,64,1.1734928670041445
POLUSDT,2025-01-28,B-,NINJA,39,8.527528809218943
POLUSDT,2025-01-30,B-,NINJA,60,3.0642023346303393
POLUSDT,2025-02-09,B-,NINJA,66,10.141587092525505
POLUSDT,2025-02-11,B-,NINJA,61,8.886718750000021
POLUSDT,2025-02-15,B-,NINJA,62,5.2880075542965255
POLUSDT,2025-02-17,B-,NINJA,55,0.3125976867771163
POLUSDT,2025-02-20,B-,NINJA,61,2.960312296681855
POLUSDT,2025-02-21,B-,NINJA,58,6.047147249743756
POLUSDT,2025-02-23,B-,NINJA,62,4.829449510300576
POLUSDT,2025-02-26,B-,NINJA,63,13.284671532846716
POLUSDT,2025-03-03,B-,NINJA,55,2.19607843137255
POLUSDT,2025-03-06,B-,NINJA,54,1.3627254509018139
POLUSDT,2025-03-09,B-,NINJA,47,5.0248981439565465
POLUSDT,2025-03-13,B-,NINJA,55,5.075901328273247
POLUSDT,2025-03-20,B-,NINJA,56,16.47780925401323
POLUSDT,2025-03-22,B-,NINJA,56,17.812798471824266
POLUSDT,2025-03-23,B-,NINJA,74,15.821596244131463
POLUSDT,2025-04-01,B-,NINJA,48,0.09950248756218638
POLUSDT,2025-04-05,B-,NINJA,57,3.200000000000003
POLUSDT,2025-04-08,B-,NINJA,56,15.79892280071813
POLUSDT,2025-04-15,B-,NINJA,38,50.16685205784206
POLUSDT,2025-04-17,B-,NINJA,37,48.27018121911038
POLUSDT,2025-04-22,B-,TREND,86,22.83894449499546
POLUSDT,2025-04-29,B-,NINJA,44,11.346316680779012
POLUSDT,2025-04-30,B-,NINJA,45,15.957894736842103
POLUSDT,2025-05-01,B-,NINJA,63,15.442404006677801
POLUSDT,2025-05-05,B-,NINJA,35,23.813786929274848
POLUSDT,2025-05-14,B-,NINJA,64,3.207698476343235
POLUSDT,2025-05-16,B-,NINJA,51,8.105837883242351
POLUSDT,2025-05-20,B-,NINJA,62,11.044003451251093
POLUSDT,2025-05-26,B-,NINJA,51,2.1645021645021467
POLUSDT,2025-05-29,B-,NINJA,56,1.4686248331108098
POLUSDT,2025-06-01,B-,NINJA,69,11.6689911668991
POLUSDT,2025-06-02,B-,NINJA,71,9.830818472793768
POLUSDT,2025-06-03,B-,NINJA,70,11.617100371747213
POLUSDT,2025-06-07,B-,NINJA,58,12.76995305164319
POLUSDT,2025-06-16,B-,NINJA,60,1.6024036054081092
POLUSDT,2025-06-28,B-,NINJA,55,9.943820224719113
POLUSDT,2025-07-06,B-,NINJA,64,33.36962438758846
POLUSDT,2025-07-07,B-,NINJA,77,32.57575757575757
POLUSDT,2025-07-09,B-,TREND,98,22.01923076923078
POLUSDT,2025-07-10,B-,TREND,94,16.29596005447118
POLUSDT,2025-07-16,B-,NINJA,52,13.419354838709662
POLUSDT,2025-07-18,B-,NINJA,64,12.06969825754356
POLUSDT,2025-07-26,B-,NINJA,63,3.952401189970245
POLUSDT,2025-07-31,B-,NINJA,36,23.133235724743795
POLUSDT,2025-08-11,B-,NINJA,49,13.001266357112694
POLUSDT,2025-08-14,B-,NINJA,71,12.290268456375841
POLUSDT,2025-08-16,B-,NINJA,41,13.001266357112694
POLUSDT,2025-08-17,B-,NINJA,64,8.556366585563646
POLUSDT,2025-08-19,B-,NINJA,55,13.632441760138047
POLUSDT,2025-08-21,B-,NINJA,52,25.0
POLUSDT,2025-08-23,B-,NINJA,70,17.999999999999993
POLUSDT,2025-08-25,B-,NINJA,54,27.101200686106353
POLUSDT,2025-08-27,B-,NINJA,61,23.089700996677752
POLUSDT,2025-08-29,B-,NINJA,74,22.88557213930349
POLUSDT,2025-09-05,B-,NINJA,49,3.2675044883303306
POLUSDT,2025-09-06,B-,NINJA,38,5.232345407976591
POLUSDT,2025-09-07,B-,NINJA,42,3.7518037518037506
POLUSDT,2025-09-08,B-,NINJA,40,5.040175310445583
POLUSDT,2025-09-11,B-,NINJA,61,5.502567865003671
POLUSDT,2025-09-12,B-,NINJA,60,5.232345407976591
POLUSDT,2025-09-18,B-,NINJA,68,1.2648524338827016
POLUSDT,2025-09-21,B-,NINJA,38,0.32613126783531676
POLUSDT,2025-10-07,B-,NINJA,59,3.0366933783213756
POLUSDT,2025-10-09,B-,NINJA,52,1.7365523083439083
POLUSDT,2025-10-10,B-,NINJA,51,15.75790621592148
POLUSDT,2025-10-18,B-,NINJA,57,9.2925026399155
POLUSDT,2025-10-24,B-,NINJA,53,6.208311954848633
POLUSDT,2025-10-25,B-,NINJA,69,5.666156202143946
POLUSDT,2025-10-27,B-,NINJA,73,1.8045112781954753
POLUSDT,2025-10-30,B-,NINJA,55,5.681818181818188
POLUSDT,2025-11-01,B-,NINJA,59,1.244167962674969
POLUSDT,2025-11-06,B-,NINJA,51,14.590964590964584
POLUSDT,2025-11-13,B-,NINJA,40,0.6626506024096424
POLUSDT,2025-11-16,B-,NINJA,42,2.9333333333333433
POLUSDT,2025-11-19,B-,NINJA,50,5.020632737276487
POLUSDT,2025-11-23,B-,NINJA,53,5.251312828207055
POLUSDT,2025-11-25,B-,NINJA,55,2.7126099706744844
POLUSDT,2025-12-07,B-,NINJA,61,8.298755186722007
POLUSDT,2025-12-08,B-,NINJA,71,5.497170573969279
POLUSDT,2025-12-10,B-,NINJA,70,0.16207455429497752
POLUSDT,2025-12-12,B-,NINJA,51,2.175732217573234
POLUSDT,2025-12-13,B-,NINJA,61,0.41288191577208977
POLUSDT,2025-12-14,B-,NINJA,45,3.8428693424423566
POLUSDT,2025-12-15,B-,NINJA,44,2.5686448184233823
POLUSDT,2025-12-24,B-,NINJA,41,9.774436090225569
POLUSDT,2025-12-25,B-,NINJA,41,19.844357976653693
POLYXUSDT,2025-01-09,B-,NINJA,69,2.6352288488210807
POLYXUSDT,2025-01-11,B-,NINJA,67,3.875968992248069
POLYXUSDT,2025-01-12,B-,NINJA,66,6.145454545454543
POLYXUSDT,2025-01-14,B-,NINJA,58,8.311688311688293
POLYXUSDT,2025-02-19,B-,NINJA,56,7.710144927536233
POLYXUSDT,2025-02-20,B-,NINJA,71,3.3370411568409475
POLYXUSDT,2025-02-21,B-,NINJA,69,5.95647193585338
POLYXUSDT,2025-03-22,B-,NINJA,63,21.23695976154991
POLYXUSDT,2025-03-23,B-,NINJA,76,19.985250737463133
POLYXUSDT,2025-03-29,B-,NINJA,44,12.344720496894412
POLYXUSDT,2025-04-04,B-,NINJA,51,13.755795981452867
POLYXUSDT,2025-04-05,B-,NINJA,59,15.36050156739812
POLYXUSDT,2025-05-01,B-,NINJA,52,13.589076723016902
POLYXUSDT,2025-05-02,B-,NINJA,62,32.72608978529603
POLYXUSDT,2025-05-03,B-,NINJA,49,39.34426229508197
POLYXUSDT,2025-05-06,B-,NINJA,61,45.50641940085591
POLYXUSDT,2025-06-19,B-,NINJA,61,2.574102964118552
POLYXUSDT,2025-07-31,B-,NINJA,46,9.482129832239238
POLYXUSDT,2025-08-17,B-,NINJA,66,1.9593613933236664
POLYXUSDT,2025-08-31,B-,NINJA,66,5.581039755351691
POLYXUSDT,2025-09-02,B-,NINJA,58,8.809891808346237
POLYXUSDT,2025-09-03,B-,NINJA,67,8.951798010711553
POLYXUSDT,2025-09-05,B-,NINJA,62,11.68627450980393
POLYXUSDT,2025-09-06,B-,NINJA,65,13.496448303078147
POLYXUSDT,2025-09-07,B-,NINJA,70,13.050314465408807
POLYXUSDT,2025-10-30,B-,NINJA,49,7.416879795396425
POLYXUSDT,2025-11-02,B-,NINJA,74,14.390243902439014
POLYXUSDT,2025-12-03,B-,NINJA,72,0.4587155963302614
POWRUSDT,2025-01-14,C+,NINJA,52,3.0763790664780633
POWRUSDT,2025-01-15,C+,NINJA,72,0.10309278350515427
POWRUSDT,2025-01-16,C+,NINJA,72,4.083094555873923
POWRUSDT,2025-01-19,C+,NINJA,53,11.35545781687326
POWRUSDT,2025-01-21,C+,NINJA,58,4.112149532710285
POWRUSDT,2025-01-22,C+,NINJA,60,6.54169854628921
POWRUSDT,2025-01-26,C+,NINJA,61,0.9942638623327005
POWRUSDT,2025-01-28,C+,NINJA,36,7.39983646770237
POWRUSDT,2025-01-30,C+,NINJA,61,2.497073741708933
POWRUSDT,2025-02-04,C+,NINJA,50,5.936920222634501
POWRUSDT,2025-02-05,C+,NINJA,47,6.878802058961164
POWRUSDT,2025-02-15,C+,NINJA,48,15.192218619731346
POWRUSDT,2025-02-20,C+,NINJA,63,2.119205298013238
POWRUSDT,2025-02-21,C+,NINJA,56,7.331786542923435
POWRUSDT,2025-02-27,C+,NINJA,50,7.49617542070371
POWRUSDT,2025-03-01,C+,NINJA,56,9.222797927461123
POWRUSDT,2025-03-03,C+,NINJA,52,4.665203073545565
POWRUSDT,2025-03-06,C+,NINJA,58,3.995621237000546
POWRUSDT,2025-03-09,C+,NINJA,28,11.38461538461537
POWRUSDT,2025-03-22,C+,NINJA,57,7.510348905972797
POWRUSDT,2025-03-23,C+,NINJA,65,8.021390374331538
POWRUSDT,2025-04-01,C+,NINJA,56,5.446485117162769
POWRUSDT,2025-04-05,C+,NINJA,58,13.515312916111855
POWRUSDT,2025-04-06,C+,NINJA,49,32.67687819110139
POWRUSDT,2025-04-08,C+,NINJA,53,38.005780346820806
POWRUSDT,2025-04-15,C+,NINJA,61,20.198881292728398
POWRUSDT,2025-04-21,C+,NINJA,54,8.985024958402676
POWRUSDT,2025-04-29,C+,NINJA,54,6.804572672836162
POWRUSDT,2025-05-01,C+,NINJA,54,11.934604904632163
POWRUSDT,2025-05-02,C+,NINJA,64,14.626038781163441
POWRUSDT,2025-05-06,C+,NINJA,50,23.670053795576806
POWRUSDT,2025-05-14,C+,NINJA,56,1.2794268167860778
POWRUSDT,2025-05-16,C+,NINJA,33,5.825242718446599
POWRUSDT,2025-05-20,C+,NINJA,53,7.742998352553543
POWRUSDT,2025-05-23,C+,NINJA,69,2.026286966045987
POWRUSDT,2025-05-26,C+,NINJA,42,2.866779089376048
POWRUSDT,2025-05-28,C+,NINJA,65,1.5306122448979664
POWRUSDT,2025-06-02,C+,NINJA,67,5.07765830346476
POWRUSDT,2025-06-07,C+,NINJA,55,8.113091579594345
POWRUSDT,2025-06-08,C+,NINJA,65,8.246153846153836
POWRUSDT,2025-06-15,C+,NINJA,61,2.7232425585813846
POWRUSDT,2025-06-16,C+,NINJA,61,1.9808306709265144
POWRUSDT,2025-06-19,C+,NINJA,54,2.0287958115183358
POWRUSDT,2025-06-20,C+,NINJA,50,4.069379586390931
POWRUSDT,2025-06-30,C+,NINJA,76,12.94820717131473
POWRUSDT,2025-07-07,C+,NINJA,63,32.766514061478105
POWRUSDT,2025-07-14,C+,NINJA,73,12.327252625760089
POWRUSDT,2025-07-16,C+,NINJA,64,9.600862998921244
POWRUSDT,2025-07-17,C+,NINJA,49,10.016242555495403
POWRUSDT,2025-07-18,C+,NINJA,55,9.956709956709965
POWRUSDT,2025-07-23,C+,NINJA,53,6.529951430113323
POWRUSDT,2025-07-26,C+,NINJA,57,7.809939923539044
POWRUSDT,2025-07-28,C+,NINJA,61,1.7347509792948967
POWRUSDT,2025-07-31,C+,NINJA,57,6.246281975014867
POWRUSDT,2025-08-04,C+,NINJA,61,9.117821195973953
POWRUSDT,2025-08-05,C+,NINJA,65,12.378048780487806
POWRUSDT,2025-08-11,C+,NINJA,71,8.41176470588234
POWRUSDT,2025-08-16,C+,NINJA,62,1.6326530612244872
POWRUSDT,2025-08-17,C+,NINJA,59,3.258293838862558
POWRUSDT,2025-08-21,C+,NINJA,45,9.484924623115587
POWRUSDT,2025-08-25,C+,NINJA,59,6.261859582542706
POWRUSDT,2025-08-27,C+,NINJA,49,3.130755064456725
POWRUSDT,2025-08-29,C+,NINJA,52,3.6318096430807856
POWRUSDT,2025-08-30,C+,NINJA,49,3.90818858560793
POWRUSDT,2025-08-31,C+,NINJA,51,6.332288401253927
POWRUSDT,2025-09-02,C+,NINJA,59,8.097928436911484
POWRUSDT,2025-09-03,C+,NINJA,71,9.811320754716979
POWRUSDT,2025-09-06,C+,NINJA,69,10.716550412175007
POWRUSDT,2025-09-17,C+,NINJA,53,0.7202881152460927
POWRUSDT,2025-09-18,C+,NINJA,71,0.41941282204913666
POWRUSDT,2025-09-21,C+,NINJA,41,0.31746031746031633
POWRUSDT,2025-09-27,C+,NINJA,52,8.842105263157896
POWRUSDT,2025-09-29,C+,NINJA,63,7.858136300417229
POWRUSDT,2025-10-07,C+,NINJA,47,2.3012552301255207
POWRUSDT,2025-10-09,C+,NINJA,42,3.034580098800288
POWRUSDT,2025-10-10,C+,NINJA,53,16.651904340124023
POWRUSDT,2025-10-18,C+,NINJA,51,5.932203389830515
POWRUSDT,2025-10-19,C+,NINJA,65,4.340567612687818
POWRUSDT,2025-10-24,C+,NINJA,63,2.9486099410278133
POWRUSDT,2025-10-25,C+,NINJA,64,3.296703296703307
POWRUSDT,2025-11-01,C+,NINJA,60,11.050724637681153
POWRUSDT,2025-11-02,C+,NINJA,67,10.351035103510341
POWRUSDT,2025-11-06,C+,NINJA,59,27.04663212435232
POWRUSDT,2025-11-08,C+,NINJA,67,12.242990654205599
POWRUSDT,2025-11-11,C+,NINJA,64,13.946869070208745
POWRUSDT,2025-11-15,C+,NINJA,44,3.1504065040650397
POWRUSDT,2025-11-16,C+,NINJA,48,5.509355509355518
POWRUSDT,2025-11-19,C+,NINJA,44,5.800214822771221
POWRUSDT,2025-11-20,C+,NINJA,46,6.4060803474484285
POWRUSDT,2025-11-23,C+,NINJA,55,10.609480812641081
POWRUSDT,2025-11-24,C+,NINJA,62,6.870229007633588
POWRUSDT,2025-12-06,C+,NINJA,57,2.428256070640167
POWRUSDT,2025-12-07,C+,NINJA,46,5.815279361459513
POWRUSDT,2025-12-08,C+,NINJA,49,5.574516496018189
POWRUSDT,2025-12-10,C+,NINJA,67,0.22497187851517886
POWRUSDT,2025-12-12,C+,NINJA,48,2.780996523754342
POWRUSDT,2025-12-13,C+,NINJA,45,2.662037037037024
POWRUSDT,2025-12-14,C+,NINJA,42,2.888086642599297
POWRUSDT,2025-12-22,C+,NINJA,66,17.500000000000004
POWRUSDT,2025-12-25,C+,NINJA,39,22.555410691003907
PROMUSDT,2025-02-26,B-,NINJA,63,6.554307116104874
PROMUSDT,2025-02-28,B-,NINJA,42,8.020882771713357
PROMUSDT,2025-03-01,B-,NINJA,56,5.272895467160055
PROMUSDT,2025-03-02,B-,NINJA,71,3.8953134510042675
PROMUSDT,2025-03-03,B-,NINJA,79,5.272895467160055
PROMUSDT,2025-03-06,B-,NINJA,70,0.8528454023879695
PROMUSDT,2025-03-11,B-,NINJA,62,8.447871270533014
PROMUSDT,2025-03-17,B-,NINJA,62,6.1525840853158265
PROMUSDT,2025-03-18,B-,NINJA,57,5.100714749837554
PROMUSDT,2025-03-20,B-,NINJA,80,1.412293371850426
PROMUSDT,2025-03-22,B-,NINJA,64,1.1525532255482585
PROMUSDT,2025-03-23,B-,NINJA,60,3.1336706381589696
PROMUSDT,2025-03-26,B-,NINJA,70,2.1161417322834497
PROMUSDT,2025-03-28,B-,NINJA,64,1.6300731869594243
PROMUSDT,2025-03-30,B-,NINJA,61,2.495812395309893
PROMUSDT,2025-04-08,B-,NINJA,69,3.8630229419703177
PROMUSDT,2025-04-10,B-,NINJA,69,2.010135135135127
PROMUSDT,2025-05-14,B-,NINJA,77,2.9742473703300742
PROMUSDT,2025-05-15,B-,NINJA,63,3.1800835907686675
PROMUSDT,2025-05-16,B-,NINJA,67,3.1613372093023395
PROMUSDT,2025-05-18,B-,NINJA,78,2.12148685403446
PROMUSDT,2025-06-14,B-,NINJA,70,1.1353061604317816
PROMUSDT,2025-06-18,B-,NINJA,55,1.5157256536566965
PROMUSDT,2025-06-20,B-,NINJA,60,24.05446293494704
PROMUSDT,2025-07-01,B-,TREND,95,22.320322180916975
PROMUSDT,2025-07-22,B-,NINJA,47,9.176155391828523
PROMUSDT,2025-07-31,B-,NINJA,64,11.715976331360945
PROMUSDT,2025-08-02,B-,NINJA,56,25.917458789556
PROMUSDT,2025-08-04,B-,NINJA,70,18.583569405099155
PROMUSDT,2025-08-19,B-,NINJA,63,7.495003331112571
PROMUSDT,2025-09-01,B-,NINJA,63,0.6333190210390693
PROMUSDT,2025-09-02,B-,NINJA,62,2.68346111719604
PROMUSDT,2025-09-07,B-,NINJA,63,35.397260273972606
PROMUSDT,2025-09-09,B-,NINJA,74,36.158254353096765
PROMUSDT,2025-09-15,B-,NINJA,80,31.408211018932164
PROMUSDT,2025-11-26,B-,NINJA,78,9.046146799496157
PROMUSDT,2025-12-02,B-,NINJA,73,3.3825944170771782
PROMUSDT,2025-12-08,B-,NINJA,76,4.307793488983891
PUNDIXUSDT,2025-01-14,C+,NINJA,42,0.8680213059774955
PUNDIXUSDT,2025-01-15,C+,NINJA,61,0.01956181533646628
PUNDIXUSDT,2025-01-16,C+,NINJA,60,2.1442885771543185
PUNDIXUSDT,2025-01-22,C+,NINJA,51,3.8052095130237884
PUNDIXUSDT,2025-01-28,C+,NINJA,34,7.441634241245132
PUNDIXUSDT,2025-01-30,C+,NINJA,63,2.815918082383062
PUNDIXUSDT,2025-02-05,C+,NINJA,48,9.085794655414903
PUNDIXUSDT,2025-02-17,C+,NINJA,63,5.239118753358407
PUNDIXUSDT,2025-02-21,C+,NINJA,73,4.516662076562938
PUNDIXUSDT,2025-02-27,C+,NINJA,70,5.4030874785591765
PUNDIXUSDT,2025-03-03,C+,NINJA,49,3.6809815950920255
PUNDIXUSDT,2025-03-06,C+,NINJA,64,0.06079027355623268
PUNDIXUSDT,2025-03-09,C+,NINJA,44,9.090909090909083
PUNDIXUSDT,2025-03-13,C+,NINJA,53,10.546204053589815
PUNDIXUSDT,2025-03-22,C+,NINJA,64,4.77727566171724
PUNDIXUSDT,2025-03-23,C+,NINJA,60,5.836322138897954
PUNDIXUSDT,2025-04-05,C+,NINJA,55,21.926389976507444
PUNDIXUSDT,2025-04-08,C+,NINJA,54,32.567049808429125
PUNDIXUSDT,2025-04-09,C+,NINJA,74,12.397921306607284
PUNDIXUSDT,2025-04-13,C+,NINJA,62,16.839278864595308
PUNDIXUSDT,2025-04-15,C+,NINJA,31,20.94117647058824
PUNDIXUSDT,2025-04-27,C+,NINJA,48,121.65757162346522
PUNDIXUSDT,2025-05-05,C+,NINJA,52,5.462504758279407
PUNDIXUSDT,2025-05-09,C+,NINJA,47,13.636363636363647
PUNDIXUSDT,2025-05-10,C+,NINJA,51,14.317425083240853
PUNDIXUSDT,2025-05-14,C+,NINJA,42,8.13492063492063
PUNDIXUSDT,2025-05-17,C+,NINJA,56,7.841262251972259
PUNDIXUSDT,2025-05-19,C+,NINJA,65,3.9091760299625467
PUNDIXUSDT,2025-05-20,C+,NINJA,63,3.714953271028043
PUNDIXUSDT,2025-05-21,C+,NINJA,62,4.990539262062432
PUNDIXUSDT,2025-05-22,C+,NINJA,78,1.6787129867101847
PUNDIXUSDT,2025-05-27,C+,NINJA,59,6.365853658536591
PUNDIXUSDT,2025-05-28,C+,NINJA,64,0.3232222774739002
PUNDIXUSDT,2025-06-03,C+,NINJA,61,4.835297673012984
PUNDIXUSDT,2025-06-07,C+,NINJA,63,3.8307074451652934
PUNDIXUSDT,2025-06-15,C+,NINJA,46,2.3176550783912786
PUNDIXUSDT,2025-06-19,C+,NINJA,67,2.0884093282283356
PUNDIXUSDT,2025-06-28,C+,NINJA,45,15.806686046511631
PUNDIXUSDT,2025-07-08,C+,NINJA,58,36.369725385130614
PUNDIXUSDT,2025-07-15,C+,NINJA,58,12.244318181818192
PUNDIXUSDT,2025-07-18,C+,NINJA,51,14.554943461873005
PUNDIXUSDT,2025-07-19,C+,NINJA,49,14.521739130434796
PUNDIXUSDT,2025-07-23,C+,NINJA,52,0.4263786242183043
PUNDIXUSDT,2025-07-25,C+,NINJA,37,5.1801131289074265
PUNDIXUSDT,2025-07-26,C+,NINJA,53,5.117524546265995
PUNDIXUSDT,2025-07-27,C+,NINJA,54,3.3947907521217457
PUNDIXUSDT,2025-07-28,C+,NINJA,63,1.6574585635359185
PUNDIXUSDT,2025-07-31,C+,NINJA,63,7.835581245985868
PUNDIXUSDT,2025-08-04,C+,NINJA,65,7.908163265306123
PUNDIXUSDT,2025-08-05,C+,NINJA,62,12.015888778550154
PUNDIXUSDT,2025-08-14,C+,NINJA,76,2.4350649350649345
PUNDIXUSDT,2025-08-16,C+,NINJA,52,1.774193548387104
PUNDIXUSDT,2025-08-17,C+,NINJA,63,1.655844155844144
PUNDIXUSDT,2025-08-21,C+,NINJA,49,7.336304422351714
PUNDIXUSDT,2025-08-25,C+,NINJA,42,20.415346708905304
PUNDIXUSDT,2025-08-27,C+,NINJA,58,14.875755540631296
PUNDIXUSDT,2025-08-29,C+,NINJA,60,16.837431693989082
PUNDIXUSDT,2025-08-30,C+,NINJA,55,16.678035470668483
PUNDIXUSDT,2025-08-31,C+,NINJA,51,24.75694444444445
PUNDIXUSDT,2025-09-03,C+,NINJA,80,19.368770764119603
PUNDIXUSDT,2025-09-08,C+,NINJA,72,12.0711166562695
PUNDIXUSDT,2025-09-10,C+,NINJA,70,1.724137931034475
PUNDIXUSDT,2025-09-12,C+,NINJA,54,0.44802867383513245
PUNDIXUSDT,2025-09-13,C+,NINJA,64,0.0
PUNDIXUSDT,2025-09-17,C+,NINJA,62,1.66615242209196
PUNDIXUSDT,2025-09-21,C+,NINJA,41,7.556270096463025
PUNDIXUSDT,2025-09-24,C+,NINJA,52,9.341550437885182
PUNDIXUSDT,2025-10-05,C+,NINJA,61,10.10354565422027
PUNDIXUSDT,2025-10-07,C+,NINJA,49,13.596633214632558
PUNDIXUSDT,2025-10-09,C+,NINJA,56,16.203854949362963
PUNDIXUSDT,2025-10-10,C+,NINJA,45,58.04837364470392
PUNDIXUSDT,2025-10-16,C+,NINJA,34,27.133333333333344
PUNDIXUSDT,2025-10-17,C+,NINJA,51,24.15364583333335
PUNDIXUSDT,2025-10-27,C+,NINJA,34,3.7797619047619024
PUNDIXUSDT,2025-10-28,C+,NINJA,37,0.9471432936144275
PUNDIXUSDT,2025-11-04,C+,NINJA,35,17.105263157894733
PUNDIXUSDT,2025-11-12,C+,NINJA,61,0.19769357495880158
PUNDIXUSDT,2025-11-23,C+,NINJA,56,10.127624536846437
PUNDIXUSDT,2025-12-03,C+,NINJA,78,3.7254901960784403
PUNDIXUSDT,2025-12-07,C+,NINJA,39,4.865771812080544
PUNDIXUSDT,2025-12-08,C+,NINJA,54,4.058577405857755
PUNDIXUSDT,2025-12-10,C+,NINJA,63,0.041684035014588616
PUNDIXUSDT,2025-12-12,C+,NINJA,43,2.290406222990482
PUNDIXUSDT,2025-12-13,C+,NINJA,52,0.12701100762064765
PUNDIXUSDT,2025-12-14,C+,NINJA,49,3.8191395961369556
PUNDIXUSDT,2025-12-25,C+,NINJA,62,10.951526032315972
PUNDIXUSDT,2025-12-28,C+,NINJA,77,12.262521588946473
QNTUSDT,2025-01-11,B+,NINJA,56,14.948932219127208
QNTUSDT,2025-01-12,B+,NINJA,61,18.4688995215311
QNTUSDT,2025-01-16,B+,TREND,76,3.9495798319327813
QNTUSDT,2025-01-17,B+,TREND,79,0.49382716049382047
QNTUSDT,2025-01-22,B+,NINJA,70,2.3029229406554386
QNTUSDT,2025-01-28,B+,NINJA,32,19.072164948453608
QNTUSDT,2025-01-31,B+,TREND,76,2.2321428571428603
QNTUSDT,2025-02-04,B+,NINJA,49,7.338444687842283
QNTUSDT,2025-02-05,B+,NINJA,45,10.5855855855856
QNTUSDT,2025-02-09,B+,NINJA,63,12.873563218390816
QNTUSDT,2025-02-11,B+,NINJA,65,13.205417607223492
QNTUSDT,2025-02-13,B+,NINJA,69,9.737417943107207
QNTUSDT,2025-02-15,B+,TREND,69,8.898305084745761
QNTUSDT,2025-02-21,B+,NINJA,65,18.565400843881875
QNTUSDT,2025-02-23,B+,NINJA,60,18.440463645943094
QNTUSDT,2025-03-01,B+,NINJA,52,9.869848156182215
QNTUSDT,2025-03-02,B+,NINJA,51,1.4242115971515812
QNTUSDT,2025-03-03,B+,NINJA,58,5.136986301369872
QNTUSDT,2025-03-05,B+,NINJA,52,1.0180995475113086
QNTUSDT,2025-03-09,B+,NINJA,49,4.947916666666674
QNTUSDT,2025-03-12,B+,NINJA,57,5.620915032679741
QNTUSDT,2025-03-13,B+,NINJA,60,7.589880159786966
QNTUSDT,2025-03-20,B+,NINJA,58,4.29128738621587
QNTUSDT,2025-03-22,B+,NINJA,42,3.886010362694292
QNTUSDT,2025-03-23,B+,NINJA,56,4.155844155844157
QNTUSDT,2025-04-01,B+,NINJA,58,1.1379800853485111
QNTUSDT,2025-04-04,B+,NINJA,51,4.111600587371522
QNTUSDT,2025-04-10,B+,NINJA,60,10.608424336973489
QNTUSDT,2025-04-17,B+,NINJA,57,18.473282442748086
QNTUSDT,2025-04-18,B+,NINJA,56,22.397476340694
QNTUSDT,2025-04-23,B+,TREND,89,18.595041322314042
QNTUSDT,2025-04-25,B+,TREND,73,21.983914209115298
QNTUSDT,2025-04-26,B+,TREND,77,18.79895561357703
QNTUSDT,2025-04-29,B+,NINJA,59,31.291611185086545
QNTUSDT,2025-05-02,B+,TREND,92,22.183098591549278
QNTUSDT,2025-05-05,B+,NINJA,60,23.487544483985758
QNTUSDT,2025-05-08,B+,TREND,91,9.119496855345899
QNTUSDT,2025-05-11,B+,TREND,65,5.364372469635614
QNTUSDT,2025-05-12,B+,NINJA,61,3.3604887983706755
QNTUSDT,2025-05-15,B+,NINJA,63,4.88082901554403
QNTUSDT,2025-05-27,B+,TREND,85,7.585403030574733
QNTUSDT,2025-05-28,B+,TREND,88,1.5014502644600025
QNTUSDT,2025-06-01,B+,NINJA,49,17.841389019239795
QNTUSDT,2025-06-04,B+,TREND,83,7.869415807560132
QNTUSDT,2025-06-10,B+,TREND,78,2.3821178006200094
QNTUSDT,2025-06-16,B+,NINJA,56,0.11372251705838998
QNTUSDT,2025-06-18,B+,NINJA,45,10.198636228876378
QNTUSDT,2025-06-19,B+,NINJA,40,12.727456530529736
QNTUSDT,2025-06-28,B+,TREND,88,0.8362876102172567
QNTUSDT,2025-06-29,B+,TREND,91,1.3883847549909234
QNTUSDT,2025-07-04,B+,NINJA,50,13.999246846168333
QNTUSDT,2025-07-05,B+,NINJA,51,13.08367575644378
QNTUSDT,2025-07-07,B+,NINJA,69,13.422630198576236
QNTUSDT,2025-07-10,B+,TREND,89,6.154115893749457
QNTUSDT,2025-07-11,B+,NINJA,89,13.411469983000824
QNTUSDT,2025-07-14,B+,NINJA,70,21.465687152840008
QNTUSDT,2025-07-16,B+,NINJA,68,18.214316854128533
QNTUSDT,2025-07-18,B+,NINJA,67,20.730186999109534
QNTUSDT,2025-07-21,B+,TREND,89,7.526370053136655
QNTUSDT,2025-07-22,B+,TREND,95,0.4519522856931246
QNTUSDT,2025-07-25,B+,NINJA,36,10.302277432712215
QNTUSDT,2025-07-26,B+,NINJA,58,9.082719082719093
QNTUSDT,2025-07-28,B+,NINJA,74,3.1845042678923186
QNTUSDT,2025-07-31,B+,NINJA,38,1.558036873539348
QNTUSDT,2025-08-04,B+,NINJA,58,5.052481764810524
QNTUSDT,2025-08-08,B+,TREND,82,3.0630945108648167
QNTUSDT,2025-08-11,B+,NINJA,55,7.344119251045256
QNTUSDT,2025-08-16,B+,NINJA,47,2.924944812362029
QNTUSDT,2025-08-17,B+,NINJA,55,2.5194686211635453
QNTUSDT,2025-08-21,B+,NINJA,72,5.347392204857848
QNTUSDT,2025-08-27,B+,NINJA,52,3.185755534167467
QNTUSDT,2025-08-31,B+,NINJA,61,0.5693332046704747
QNTUSDT,2025-09-03,B+,NINJA,67,3.8764266036993344
QNTUSDT,2025-09-06,B+,NINJA,78,3.7029761320106047
QNTUSDT,2025-09-11,B+,NINJA,78,4.534653465346539
QNTUSDT,2025-09-17,B+,NINJA,58,0.8704156479217628
QNTUSDT,2025-09-18,B+,NINJA,61,1.831939466348076
QNTUSDT,2025-09-21,B+,NINJA,38,9.167609836402924
QNTUSDT,2025-09-28,B+,TREND,82,10.202453375885124
QNTUSDT,2025-09-29,B+,TREND,76,6.8458712047959835
QNTUSDT,2025-09-30,B+,TREND,66,9.438447063484201
QNTUSDT,2025-10-02,B+,TREND,75,0.9003094813842427
QNTUSDT,2025-10-07,B+,NINJA,53,4.7978543756829195
QNTUSDT,2025-10-09,B+,NINJA,42,0.5943536404160454
QNTUSDT,2025-10-15,B+,NINJA,53,2.4140705828256115
QNTUSDT,2025-10-18,B+,NINJA,50,3.510223377851318
QNTUSDT,2025-10-19,B+,NINJA,55,3.890865954922895
QNTUSDT,2025-10-24,B+,NINJA,52,3.972218837577679
QNTUSDT,2025-10-30,B+,NINJA,66,17.160666581859818
QNTUSDT,2025-11-10,B+,NINJA,51,12.666034155597728
QNTUSDT,2025-11-14,B+,NINJA,54,7.866551766588703
QNTUSDT,2025-11-16,B+,NINJA,46,10.55012224938876
QNTUSDT,2025-11-19,B+,NINJA,50,29.299198344970257
QNTUSDT,2025-11-25,B+,TREND,82,22.41048232237659
QNTUSDT,2025-11-29,B+,TREND,76,13.512098041269516
QNTUSDT,2025-11-30,B+,TREND,74,1.4629356897398305
QNTUSDT,2025-12-02,B+,NINJA,52,1.4527096641252735
QNTUSDT,2025-12-04,B+,NINJA,32,4.137560451370237
QNTUSDT,2025-12-05,B+,NINJA,35,2.080106218189881
QNTUSDT,2025-12-07,B+,NINJA,37,5.124685426675812
QNTUSDT,2025-12-08,B+,NINJA,45,2.0666290231507567
QNTUSDT,2025-12-10,B+,NINJA,44,0.7609988109393617
QNTUSDT,2025-12-17,B+,NINJA,46,6.014735432016072
QNTUSDT,2025-12-20,B+,NINJA,61,4.682539682539688
QNTUSDT,2025-12-24,B+,NINJA,45,11.204443842297795
QNTUSDT,2025-12-25,B+,NINJA,51,13.479883865615939
QNTUSDT,2025-12-28,B+,NINJA,73,12.161792839573637
QTUMUSDT,2025-01-09,B-,NINJA,58,10.836976889444095
QTUMUSDT,2025-01-10,B-,NINJA,68,7.905138339920947
QTUMUSDT,2025-01-11,B-,NINJA,71,8.333333333333348
QTUMUSDT,2025-01-22,B-,NINJA,52,68.9690370874447
QTUMUSDT,2025-01-26,B-,NINJA,48,73.33333333333331
QTUMUSDT,2025-01-28,B-,NINJA,44,83.58595194085028
QTUMUSDT,2025-02-01,B-,NINJA,80,7.941952506596306
QTUMUSDT,2025-02-04,B-,NINJA,60,17.209834190966244
QTUMUSDT,2025-02-05,B-,NINJA,54,26.076260762607628
QTUMUSDT,2025-02-09,B-,NINJA,37,47.27011494252873
QTUMUSDT,2025-02-11,B-,NINJA,62,25.88271415412955
QTUMUSDT,2025-02-14,B-,NINJA,67,5.932957579353304
QTUMUSDT,2025-02-15,B-,NINJA,53,7.223407497714107
QTUMUSDT,2025-02-17,B-,NINJA,59,5.995781862006622
QTUMUSDT,2025-02-18,B-,NINJA,67,8.10028929604627
QTUMUSDT,2025-02-20,B-,NINJA,79,1.7987804878048852
QTUMUSDT,2025-03-01,B-,NINJA,54,8.481965913594935
QTUMUSDT,2025-03-03,B-,NINJA,50,5.987762237762229
QTUMUSDT,2025-03-06,B-,NINJA,58,4.10544511668105
QTUMUSDT,2025-03-12,B-,NINJA,59,14.506317267197
QTUMUSDT,2025-03-13,B-,NINJA,63,16.634890371782653
QTUMUSDT,2025-03-16,B-,NINJA,68,16.081593927893746
QTUMUSDT,2025-03-20,B-,NINJA,77,2.2512381809995485
QTUMUSDT,2025-03-22,B-,NINJA,46,5.8741258741258795
QTUMUSDT,2025-03-23,B-,NINJA,53,5.333951762523181
QTUMUSDT,2025-03-24,B-,NINJA,56,1.6107382550335503
QTUMUSDT,2025-04-02,B-,NINJA,42,10.059815116911363
QTUMUSDT,2025-04-05,B-,NINJA,57,17.039403620873284
QTUMUSDT,2025-04-08,B-,NINJA,48,30.123311802701114
QTUMUSDT,2025-04-13,B-,NINJA,74,15.357323872275707
QTUMUSDT,2025-04-15,B-,NINJA,43,19.15550978372813
QTUMUSDT,2025-04-16,B-,NINJA,39,20.926680244399186
QTUMUSDT,2025-04-17,B-,NINJA,44,19.899497487437202
QTUMUSDT,2025-04-29,B-,NINJA,47,14.626318202659338
QTUMUSDT,2025-05-01,B-,NINJA,41,20.281306715063497
QTUMUSDT,2025-05-06,B-,NINJA,58,33.98533007334965
QTUMUSDT,2025-05-07,B-,NINJA,64,29.919393077287815
QTUMUSDT,2025-05-09,B-,TREND,98,10.394842868654308
QTUMUSDT,2025-05-14,B-,NINJA,56,1.322645290581148
QTUMUSDT,2025-05-16,B-,NINJA,31,3.595600676818944
QTUMUSDT,2025-05-20,B-,NINJA,59,7.177242888402602
QTUMUSDT,2025-05-21,B-,NINJA,62,5.879809770860334
QTUMUSDT,2025-05-26,B-,NINJA,47,3.547066848567537
QTUMUSDT,2025-05-29,B-,NINJA,58,0.60690943043884
QTUMUSDT,2025-06-15,B-,NINJA,55,6.018746916625539
QTUMUSDT,2025-06-16,B-,NINJA,71,1.541425818882458
QTUMUSDT,2025-06-19,B-,NINJA,56,3.699949315762785
QTUMUSDT,2025-06-20,B-,NINJA,60,6.784968684759907
QTUMUSDT,2025-06-28,B-,NINJA,42,6.055979643765896
QTUMUSDT,2025-06-30,B-,NINJA,67,20.801623541349556
QTUMUSDT,2025-07-06,B-,NINJA,58,21.6733870967742
QTUMUSDT,2025-07-07,B-,NINJA,73,22.47590055809234
QTUMUSDT,2025-07-09,B-,NINJA,65,21.728861596598968
QTUMUSDT,2025-07-18,B-,NINJA,74,13.680234997901808
QTUMUSDT,2025-07-23,B-,NINJA,39,3.090128755364807
QTUMUSDT,2025-07-26,B-,NINJA,61,3.311827956989255
QTUMUSDT,2025-07-27,B-,NINJA,67,1.3502109704641274
QTUMUSDT,2025-07-28,B-,NINJA,63,4.404494382022461
QTUMUSDT,2025-07-31,B-,NINJA,37,7.22433460076044
QTUMUSDT,2025-08-05,B-,NINJA,63,13.541159279103754
QTUMUSDT,2025-08-11,B-,NINJA,56,17.624521072796927
QTUMUSDT,2025-08-14,B-,NINJA,75,65.51233396584439
QTUMUSDT,2025-08-16,B-,NINJA,58,61.30374479889045
QTUMUSDT,2025-08-17,B-,NINJA,72,61.52777777777776
QTUMUSDT,2025-08-28,B-,NINJA,42,11.297220242337858
QTUMUSDT,2025-08-29,B-,NINJA,45,17.185741088180116
QTUMUSDT,2025-09-02,B-,NINJA,39,9.101208459214494
QTUMUSDT,2025-09-03,B-,NINJA,50,8.486669170108897
QTUMUSDT,2025-09-04,B-,NINJA,67,2.8758645795413207
QTUMUSDT,2025-09-06,B-,NINJA,62,1.1507052709725407
QTUMUSDT,2025-09-08,B-,NINJA,44,-0.07358351729211954
QTUMUSDT,2025-09-09,B-,NINJA,40,2.024446142093206
QTUMUSDT,2025-09-11,B-,NINJA,57,2.7307692307692255
QTUMUSDT,2025-09-12,B-,NINJA,65,1.520334473584195
QTUMUSDT,2025-09-13,B-,NINJA,73,0.03802281368820992
QTUMUSDT,2025-09-18,B-,NINJA,80,0.6438631790744553
QTUMUSDT,2025-09-27,B-,NINJA,55,8.02238805970148
QTUMUSDT,2025-10-05,B-,NINJA,52,13.02768951429869
QTUMUSDT,2025-10-07,B-,NINJA,49,17.78618732261119
QTUMUSDT,2025-10-10,B-,NINJA,67,21.2204507971413
QTUMUSDT,2025-10-18,B-,NINJA,51,6.8170169144028625
QTUMUSDT,2025-10-19,B-,NINJA,62,5.518987341772141
QTUMUSDT,2025-10-30,B-,NINJA,49,10.964912280701755
QTUMUSDT,2025-11-01,B-,NINJA,71,5.306971904266389
QTUMUSDT,2025-11-02,B-,NINJA,72,6.190975865687309
QTUMUSDT,2025-11-06,B-,NINJA,59,16.388729154686587
QTUMUSDT,2025-11-15,B-,NINJA,44,1.8803418803418959
QTUMUSDT,2025-11-16,B-,NINJA,48,4.2565597667638455
QTUMUSDT,2025-11-17,B-,NINJA,44,4.340175953079162
QTUMUSDT,2025-11-19,B-,NINJA,46,2.541371158392436
QTUMUSDT,2025-11-23,B-,NINJA,46,7.105606258148622
QTUMUSDT,2025-12-08,B-,NINJA,69,22.870879120879128
QTUMUSDT,2025-12-10,B-,NINJA,73,21.70068027210883
QTUMUSDT,2025-12-12,B-,NINJA,55,26.34180790960452
QTUMUSDT,2025-12-13,B-,NINJA,71,2.9042904290428995
QTUMUSDT,2025-12-20,B-,NINJA,53,6.1051004636785144
QTUMUSDT,2025-12-24,B-,NINJA,48,28.924302788844635
QTUMUSDT,2025-12-25,B-,NINJA,41,33.388293487221766
QTUMUSDT,2025-12-28,B-,NINJA,63,27.50197005516157
RAYSOLUSDT,2025-01-15,B,TREND,90,51.69245816886159
RAYSOLUSDT,2025-04-26,B,TREND,86,8.165928367844511
RAYSOLUSDT,2025-07-09,B,TREND,89,23.477249016932845
RAYSOLUSDT,2025-07-22,B,TREND,86,2.2651080080459574
RAYSOLUSDT,2025-10-02,B,TREND,91,0.4720382875499807
RDNTUSDT,2025-04-23,C+,TREND,98,58.322635857937534
RDNTUSDT,2025-05-11,C+,TREND,92,11.524765296212358
RENDERUSDT,2025-04-20,B,TREND,84,9.93331800413888
REZUSDT,2025-07-10,C,TREND,92,53.08537616229925
RIFUSDT,2025-01-11,B-,NINJA,47,9.053069719042671
RIFUSDT,2025-01-22,B-,NINJA,52,2.1468926553672274
RIFUSDT,2025-01-26,B-,NINJA,44,1.7031630170316392
RIFUSDT,2025-01-28,B-,NINJA,37,12.668463611859826
RIFUSDT,2025-01-30,B-,NINJA,63,3.850931677018621
RIFUSDT,2025-02-09,B-,NINJA,65,4.991087344028533
RIFUSDT,2025-02-20,B-,NINJA,71,2.8622540250447193
RIFUSDT,2025-02-21,B-,NINJA,50,7.317073170731714
RIFUSDT,2025-03-01,B-,NINJA,51,11.134020618556706
RIFUSDT,2025-03-03,B-,NINJA,53,5.183585313174954
RIFUSDT,2025-03-06,B-,NINJA,61,3.177966101694918
RIFUSDT,2025-03-13,B-,NINJA,61,16.625916870415658
RIFUSDT,2025-04-01,B-,NINJA,62,0.24390243902439046
RIFUSDT,2025-04-08,B-,NINJA,55,22.424242424242415
RIFUSDT,2025-04-15,B-,NINJA,54,24.274406332453815
RIFUSDT,2025-04-29,B-,NINJA,51,23.370786516853936
RIFUSDT,2025-05-05,B-,NINJA,53,61.83908045977014
RIFUSDT,2025-05-06,B-,NINJA,62,59.637188208616784
RIFUSDT,2025-05-07,B-,NINJA,73,53.37690631808278
RIFUSDT,2025-05-09,B-,TREND,98,28.937728937728945
RIFUSDT,2025-05-14,B-,NINJA,77,1.0971786833855912
RIFUSDT,2025-05-20,B-,NINJA,55,7.540394973070019
RIFUSDT,2025-05-21,B-,NINJA,63,7.155635062611809
RIFUSDT,2025-05-23,B-,NINJA,63,4.6554934823091365
RIFUSDT,2025-05-25,B-,NINJA,32,6.037735849056602
RIFUSDT,2025-05-26,B-,NINJA,39,7.25190839694656
RIFUSDT,2025-05-29,B-,NINJA,78,1.4842300556586085
RIFUSDT,2025-06-03,B-,NINJA,77,10.982658959537561
RIFUSDT,2025-06-14,B-,NINJA,49,7.25490196078431
RIFUSDT,2025-06-15,B-,NINJA,51,5.394990366088637
RIFUSDT,2025-06-16,B-,NINJA,68,4.247104247104239
RIFUSDT,2025-06-19,B-,NINJA,64,7.450980392156881
RIFUSDT,2025-06-20,B-,NINJA,69,9.599999999999987
RIFUSDT,2025-07-01,B-,NINJA,50,20.866141732283474
RIFUSDT,2025-07-06,B-,NINJA,43,20.038167938931295
RIFUSDT,2025-07-07,B-,NINJA,57,19.581749049429643
RIFUSDT,2025-07-23,B-,NINJA,42,5.681818181818188
RIFUSDT,2025-07-26,B-,NINJA,61,5.681818181818188
RIFUSDT,2025-07-28,B-,NINJA,78,3.089430894308931
RIFUSDT,2025-07-31,B-,NINJA,36,4.804270462633453
RIFUSDT,2025-08-05,B-,NINJA,64,8.453237410071957
RIFUSDT,2025-08-11,B-,NINJA,55,7.295373665480431
RIFUSDT,2025-08-19,B-,NINJA,53,9.981851179673317
RIFUSDT,2025-08-21,B-,NINJA,74,6.502636203866441
RIFUSDT,2025-08-27,B-,NINJA,59,3.1858407079645934
RIFUSDT,2025-08-31,B-,NINJA,55,9.009009009009006
RIFUSDT,2025-09-06,B-,NINJA,65,12.07207207207206
RIFUSDT,2025-09-07,B-,NINJA,64,10.676156583629881
RIFUSDT,2025-09-16,B-,NINJA,44,5.418719211822642
RIFUSDT,2025-09-29,B-,NINJA,49,5.535714285714288
RIFUSDT,2025-10-05,B-,NINJA,41,2.8469750889679624
RIFUSDT,2025-10-07,B-,NINJA,44,3.2549728752260254
RIFUSDT,2025-10-09,B-,NINJA,54,1.2844036697247763
RIFUSDT,2025-10-18,B-,NINJA,41,3.7815126050420034
RIFUSDT,2025-10-19,B-,NINJA,67,3.131524008350728
RIFUSDT,2025-10-27,B-,NINJA,58,1.4705882352941124
RIFUSDT,2025-11-01,B-,NINJA,68,0.8658008658008809
RIFUSDT,2025-11-06,B-,NINJA,50,10.948905109489072
RIFUSDT,2025-11-14,B-,NINJA,37,5.958549222797926
RIFUSDT,2025-11-16,B-,NINJA,49,2.538071065989844
RIFUSDT,2025-11-19,B-,NINJA,51,3.3333333333333437
RIFUSDT,2025-11-23,B-,NINJA,52,7.258064516129026
RIFUSDT,2025-11-24,B-,NINJA,62,3.90625
RIFUSDT,2025-12-03,B-,NINJA,73,0.5420054200542035
RIFUSDT,2025-12-07,B-,NINJA,51,5.099150141643061
RIFUSDT,2025-12-10,B-,NINJA,65,0.8426966292134797
RIFUSDT,2025-12-12,B-,NINJA,39,1.9943019943019946
RIFUSDT,2025-12-13,B-,NINJA,53,0.8450704225352101
RIFUSDT,2025-12-14,B-,NINJA,45,2.923976608187129
RIFUSDT,2025-12-21,B-,NINJA,66,16.61341853035143
RIVERUSDT,2025-12-10,B,TREND,92,36.35782747603833
RLCUSDT,2025-01-26,B-,NINJA,70,3.8882803943044886
RLCUSDT,2025-02-23,B-,NINJA,66,1.3006885998469775
RLCUSDT,2025-04-18,B-,NINJA,70,21.816479400749046
RLCUSDT,2025-06-30,B-,NINJA,78,10.497835497835473
RLCUSDT,2025-07-07,B-,NINJA,72,28.19089900110987
RLCUSDT,2025-08-11,B-,NINJA,55,12.9746835443038
RLCUSDT,2025-08-14,B-,NINJA,72,17.571884984025576
RLCUSDT,2025-08-16,B-,NINJA,69,10.510510510510528
RLCUSDT,2025-08-17,B-,NINJA,70,69.6266397578204
RLCUSDT,2025-09-15,B-,NINJA,50,4.777327935222675
RLCUSDT,2025-09-16,B-,NINJA,56,4.692556634304212
RLCUSDT,2025-09-17,B-,NINJA,64,1.4563106796116498
RLCUSDT,2025-09-21,B-,NINJA,58,0.5922165820642977
RLCUSDT,2025-11-29,B-,NINJA,60,9.392265193370175
RLCUSDT,2025-12-07,B-,NINJA,65,7.044198895027631
RLCUSDT,2025-12-08,B-,NINJA,67,4.2176870748299455
RLCUSDT,2025-12-10,B-,NINJA,69,2.3035230352303593
RLCUSDT,2025-12-12,B-,NINJA,55,4.426002766251735
RLCUSDT,2025-12-13,B-,NINJA,55,4.137931034482767
RONINUSDT,2025-01-10,B-,NINJA,65,1.8440463645943206
RONINUSDT,2025-01-11,B-,NINJA,61,3.5905680600214263
RONINUSDT,2025-01-19,B-,NINJA,43,8.363417569193743
RONINUSDT,2025-01-22,B-,NINJA,54,2.591922845087402
RONINUSDT,2025-01-24,B-,NINJA,40,1.104972375690605
RONINUSDT,2025-01-26,B-,NINJA,33,1.1874999999999858
RONINUSDT,2025-01-30,B-,NINJA,59,3.9395929087327586
RONINUSDT,2025-02-13,B-,NINJA,75,15.114379084967332
RONINUSDT,2025-02-15,B-,NINJA,71,12.360446570972883
RONINUSDT,2025-02-17,B-,NINJA,66,1.0802469135802406
RONINUSDT,2025-02-19,B-,NINJA,37,4.85829959514168
RONINUSDT,2025-02-20,B-,NINJA,63,3.023070803500394
RONINUSDT,2025-02-21,B-,NINJA,59,4.890387858347389
RONINUSDT,2025-02-23,B-,NINJA,59,0.502092050209213
RONINUSDT,2025-03-03,B-,NINJA,58,6.126914660831506
RONINUSDT,2025-03-06,B-,NINJA,61,1.4176663031624903
RONINUSDT,2025-03-17,B-,NINJA,45,2.6217228464419318
RONINUSDT,2025-03-18,B-,NINJA,38,4.0506329113924044
RONINUSDT,2025-03-19,B-,NINJA,74,2.3661270236612575
RONINUSDT,2025-03-22,B-,NINJA,60,5.115089514066495
RONINUSDT,2025-04-05,B-,NINJA,40,0.45941807044409533
RONINUSDT,2025-04-10,B-,NINJA,52,4.9632352941176405
RONINUSDT,2025-04-13,B-,NINJA,57,12.959381044487417
RONINUSDT,2025-04-21,B-,NINJA,74,18.67704280155642
RONINUSDT,2025-04-29,B-,NINJA,57,18.806509945750438
RONINUSDT,2025-05-14,B-,NINJA,67,5.89887640449438
RONINUSDT,2025-05-16,B-,NINJA,28,14.069591527987901
RONINUSDT,2025-05-29,B-,NINJA,71,0.5865102639296182
RONINUSDT,2025-06-17,B-,NINJA,64,1.2631578947368327
RONINUSDT,2025-06-30,B-,NINJA,80,40.2247191011236
RONINUSDT,2025-07-03,B-,NINJA,80,10.505050505050505
RONINUSDT,2025-07-07,B-,NINJA,52,20.806794055201692
RONINUSDT,2025-07-14,B-,NINJA,54,17.726396917148346
RONINUSDT,2025-07-23,B-,NINJA,45,6.737588652482285
RONINUSDT,2025-07-26,B-,NINJA,49,5.693950177935925
RONINUSDT,2025-07-27,B-,NINJA,74,3.4843205574912828
RONINUSDT,2025-07-28,B-,NINJA,76,2.712477396021673
RONINUSDT,2025-07-31,B-,NINJA,47,12.06896551724137
RONINUSDT,2025-08-05,B-,NINJA,66,20.238095238095234
RONINUSDT,2025-08-14,B-,NINJA,70,3.584229390680993
RONINUSDT,2025-08-16,B-,NINJA,41,3.584229390680993
RONINUSDT,2025-08-17,B-,NINJA,53,2.6642984014209725
RONINUSDT,2025-08-21,B-,NINJA,59,9.677419354838701
RONINUSDT,2025-08-27,B-,NINJA,51,1.3409961685823868
RONINUSDT,2025-08-28,B-,NINJA,51,1.1494252873563315
RONINUSDT,2025-08-31,B-,NINJA,57,8.102766798418969
RONINUSDT,2025-09-03,B-,NINJA,57,13.545816733067717
RONINUSDT,2025-09-07,B-,NINJA,48,21.276595744680836
RONINUSDT,2025-09-08,B-,NINJA,56,19.747899159663863
RONINUSDT,2025-09-11,B-,NINJA,75,8.510638297872353
RONINUSDT,2025-09-13,B-,NINJA,62,6.451612903225823
RONINUSDT,2025-09-15,B-,NINJA,43,13.104838709677423
RONINUSDT,2025-09-17,B-,NINJA,62,10.650887573964507
RONINUSDT,2025-09-19,B-,NINJA,64,14.723926380368102
RONINUSDT,2025-09-27,B-,NINJA,53,8.515283842794762
RONINUSDT,2025-10-07,B-,NINJA,60,3.1847133757961776
RONINUSDT,2025-10-09,B-,NINJA,54,1.0683760683760646
RONINUSDT,2025-10-10,B-,NINJA,52,15.659340659340648
RONINUSDT,2025-10-19,B-,NINJA,61,2.535284892838474
RONINUSDT,2025-10-20,B-,NINJA,70,2.374739039665963
RONINUSDT,2025-10-27,B-,NINJA,57,0.18888289260658997
RONINUSDT,2025-11-02,B-,NINJA,66,12.994350282485879
RONINUSDT,2025-11-07,B-,NINJA,62,6.417284746855856
RONINUSDT,2025-11-08,B-,NINJA,57,8.303249097472909
RONINUSDT,2025-11-15,B-,NINJA,42,1.0340865568747581
RONINUSDT,2025-11-19,B-,NINJA,46,4.932182490752179
RONINUSDT,2025-11-27,B-,NINJA,46,11.982082866741317
RONINUSDT,2025-12-04,B-,NINJA,69,21.285627653123118
RONINUSDT,2025-12-07,B-,NINJA,54,14.100294985250716
RONINUSDT,2025-12-09,B-,NINJA,59,8.835115362971301
RONINUSDT,2025-12-10,B-,NINJA,71,0.3943661971830936
RONINUSDT,2025-12-12,B-,NINJA,51,4.700352526439477
RONINUSDT,2025-12-14,B-,NINJA,65,3.3714629741119717
RONINUSDT,2025-12-20,B-,NINJA,56,6.887238352464542
RONINUSDT,2025-12-28,B-,NINJA,48,32.839313572542906
ROSEUSDT,2025-02-21,B-,NINJA,74,5.101796407185621
ROSEUSDT,2025-02-23,B-,NINJA,59,2.092148566055485
ROSEUSDT,2025-03-22,B-,NINJA,58,8.575851393188838
ROSEUSDT,2025-03-23,B-,NINJA,79,5.983680870353569
ROSEUSDT,2025-06-03,B-,NINJA,73,4.951488792238212
ROSEUSDT,2025-07-06,B-,NINJA,57,28.115820394460766
ROSEUSDT,2025-07-07,B-,NINJA,64,29.419245442984334
ROSEUSDT,2025-08-21,B-,NINJA,61,10.033695245226504
ROSEUSDT,2025-08-25,B-,NINJA,41,7.785397337636146
ROSEUSDT,2025-08-27,B-,NINJA,57,5.114083398898495
ROSEUSDT,2025-08-28,B-,NINJA,69,0.33911077618689056
ROSEUSDT,2025-10-05,B-,NINJA,65,15.360864531069085
ROSEUSDT,2025-10-07,B-,NINJA,58,17.909270216962515
ROSEUSDT,2025-10-09,B-,NINJA,53,18.705321683876086
ROSEUSDT,2025-10-30,B-,NINJA,51,82.30563002680964
ROSEUSDT,2025-11-04,B-,NINJA,71,64.84848484848482
ROSEUSDT,2025-12-07,B-,NINJA,59,7.17592592592593
ROSEUSDT,2025-12-08,B-,NINJA,66,5.868902439024382
ROSEUSDT,2025-12-10,B-,NINJA,61,0.3076923076922977
ROSEUSDT,2025-12-12,B-,NINJA,49,2.4509803921568762
ROSEUSDT,2025-12-14,B-,NINJA,54,5.6122448979591955
RPLUSDT,2025-05-09,C,TREND,98,46.047430830039524
RSRUSDT,2025-04-22,C+,TREND,98,7.058953900709208
RUNEUSDT,2025-02-21,B-,NINJA,67,38.750000000000014
RUNEUSDT,2025-02-24,B-,NINJA,83,22.246696035242273
RUNEUSDT,2025-03-26,B-,NINJA,52,2.7711797307997
RUNEUSDT,2025-04-01,B-,NINJA,79,2.607232968881412
RUNEUSDT,2025-04-04,B-,NINJA,52,5.939716312056764
RUNEUSDT,2025-04-17,B-,NINJA,59,27.385159010600724
RUNEUSDT,2025-04-18,B-,NINJA,76,26.26970227670753
RUNEUSDT,2025-06-19,B-,NINJA,40,2.640970735189141
RUNEUSDT,2025-07-07,B-,NINJA,70,25.60422960725075
RUNEUSDT,2025-08-11,B-,NINJA,64,10.568513119533506
RUNEUSDT,2025-08-16,B-,NINJA,49,2.7716994894237734
RUNEUSDT,2025-08-17,B-,NINJA,60,1.5294974508375692
RUNEUSDT,2025-08-21,B-,NINJA,55,9.247648902821304
RUNEUSDT,2025-09-21,B-,NINJA,46,0.23961661341851404
RUNEUSDT,2025-10-09,B-,NINJA,54,1.1226252158894834
RUNEUSDT,2025-10-30,B-,NINJA,54,11.913357400722035
RUNEUSDT,2025-11-01,B-,NINJA,67,8.771929824561408
RUNEUSDT,2025-12-07,B-,NINJA,70,9.18674698795179
RUNEUSDT,2025-12-12,B-,NINJA,49,2.021772939346822
RUNEUSDT,2025-12-14,B-,NINJA,52,3.322784810126578
RVNUSDT,2025-01-26,B-,NINJA,58,3.9502164502164483
RVNUSDT,2025-02-21,B-,NINJA,80,5.270457697642161
RVNUSDT,2025-03-22,B-,NINJA,64,7.189014539579963
RVNUSDT,2025-04-17,B-,NINJA,53,23.823246878001925
RVNUSDT,2025-04-18,B-,NINJA,79,22.64509990485253
RVNUSDT,2025-05-26,B-,NINJA,63,132.02668890742285
RVNUSDT,2025-06-29,B-,NINJA,72,0.20775623268698418
RVNUSDT,2025-06-30,B-,NINJA,62,1.0853835021707559
RVNUSDT,2025-07-03,B-,NINJA,60,12.807148175725992
RVNUSDT,2025-07-06,B-,NINJA,49,18.74515879163439
RVNUSDT,2025-07-07,B-,NINJA,57,19.859265050820962
RVNUSDT,2025-07-14,B-,NINJA,65,17.584745762711872
RVNUSDT,2025-08-16,B-,NINJA,68,3.5385704175513233
RVNUSDT,2025-08-17,B-,NINJA,74,3.4653465346534684
RVNUSDT,2025-08-21,B-,NINJA,56,10.498489425981884
RVNUSDT,2025-08-31,B-,NINJA,55,4.642313546423127
RVNUSDT,2025-09-02,B-,NINJA,58,5.801526717557248
RVNUSDT,2025-09-03,B-,NINJA,67,7.463823305407469
RVNUSDT,2025-09-06,B-,NINJA,66,9.89096573208721
RVNUSDT,2025-09-17,B-,NINJA,63,1.0370370370370363
RVNUSDT,2025-09-18,B-,NINJA,79,0.5189028910303817
RVNUSDT,2025-09-21,B-,NINJA,49,0.2332814930015692
RVNUSDT,2025-10-30,B-,NINJA,49,57.63813651137595
RVNUSDT,2025-12-07,B-,NINJA,66,7.3359073359073435
RVNUSDT,2025-12-10,B-,NINJA,70,0.6369426751592577
RVNUSDT,2025-12-12,B-,NINJA,51,0.7792207792207906
SAFEUSDT,2025-01-07,C,NINJA,58,5.906053459119498
SAFEUSDT,2025-02-20,C,NINJA,54,16.849127608621295
SAFEUSDT,2025-02-21,C,NINJA,58,29.768237082066882
SAFEUSDT,2025-02-23,C,NINJA,51,24.22258592471358
SAFEUSDT,2025-03-20,C,NINJA,56,65.1744885679904
SAFEUSDT,2025-03-21,C,NINJA,66,61.74876266792364
SAFEUSDT,2025-03-23,C,NINJA,83,56.368193210298465
SAFEUSDT,2025-04-18,C,NINJA,68,14.15735794074795
SAFEUSDT,2025-04-20,C,NINJA,73,52.55653883972469
SAFEUSDT,2025-05-19,C,NINJA,59,29.491320145337085
SAFEUSDT,2025-05-23,C,NINJA,87,46.03541185527331
SAFEUSDT,2025-05-25,C,NINJA,67,39.459658151075175
SAFEUSDT,2025-05-28,C,NINJA,84,32.54148471615721
SAFEUSDT,2025-06-02,C,NINJA,53,4.021550894746961
SAFEUSDT,2025-06-03,C,NINJA,60,2.347595607724351
SAFEUSDT,2025-06-04,C,NINJA,57,1.0661401776900448
SAFEUSDT,2025-06-30,C,NINJA,78,15.125216960079335
SAFEUSDT,2025-08-16,C,NINJA,57,3.1717263253284944
SAFEUSDT,2025-08-17,C,NINJA,65,4.091428571428568
SAFEUSDT,2025-08-21,C,NINJA,56,19.27387914230019
SAFEUSDT,2025-08-31,C,NINJA,58,4.090169649082043
SAFEUSDT,2025-09-02,C,NINJA,55,10.753698051185733
SAFEUSDT,2025-09-03,C,NINJA,62,9.799813780260713
SAFEUSDT,2025-09-04,C,NINJA,58,14.074969770253931
SAFEUSDT,2025-09-06,C,NINJA,67,12.122652721654381
SAFEUSDT,2025-09-18,C,NINJA,76,2.3508137432187937
SAFEUSDT,2025-12-02,C,NINJA,64,15.688859591298598
SAFEUSDT,2025-12-09,C,NINJA,56,2.2556390977443774
SAFEUSDT,2025-12-10,C,NINJA,71,2.488832163369481
SAFEUSDT,2025-12-12,C,NINJA,49,6.006600660065997
SAFEUSDT,2025-12-13,C,NINJA,72,0.0
SAGAUSDT,2025-01-17,C+,TREND,84,1.5203004829189792
SAGAUSDT,2025-04-26,C+,TREND,94,6.393244873341364
SAGAUSDT,2025-05-10,C+,TREND,98,14.760705289672549
SANDUSDT,2025-01-11,B-,NINJA,64,14.181697832202556
SANDUSDT,2025-01-12,B-,NINJA,70,18.53633396323655
SANDUSDT,2025-01-14,B-,NINJA,62,20.083536373129117
SANDUSDT,2025-01-22,B-,NINJA,61,3.460577952194077
SANDUSDT,2025-01-24,B-,NINJA,47,2.749638205499272
SANDUSDT,2025-01-26,B-,NINJA,57,3.480538922155696
SANDUSDT,2025-01-28,B-,NINJA,37,12.765089722675382
SANDUSDT,2025-01-30,B-,NINJA,65,3.7134283570892768
SANDUSDT,2025-02-04,B-,NINJA,48,4.0169660678642805
SANDUSDT,2025-02-09,B-,NINJA,63,10.789263885197965
SANDUSDT,2025-02-11,B-,NINJA,63,6.548989511383985
SANDUSDT,2025-02-15,B-,NINJA,64,3.888888888888875
SANDUSDT,2025-02-20,B-,NINJA,72,4.731355252606262
SANDUSDT,2025-02-21,B-,NINJA,62,5.327986250358063
SANDUSDT,2025-02-23,B-,NINJA,51,4.48991190679171
SANDUSDT,2025-02-27,B-,NINJA,64,17.36354931375679
SANDUSDT,2025-03-03,B-,NINJA,58,8.369312520757234
SANDUSDT,2025-03-05,B-,NINJA,51,4.34921650143909
SANDUSDT,2025-03-06,B-,NINJA,64,4.126055880441837
SANDUSDT,2025-03-12,B-,NINJA,59,7.305773342836774
SANDUSDT,2025-03-22,B-,NINJA,51,13.259864912904362
SANDUSDT,2025-03-23,B-,NINJA,64,11.593695271453598
SANDUSDT,2025-04-01,B-,NINJA,63,2.684076895175913
SANDUSDT,2025-04-04,B-,NINJA,54,5.233219567690561
SANDUSDT,2025-04-05,B-,NINJA,58,5.916030534351147
SANDUSDT,2025-04-08,B-,NINJA,52,20.077888360017315
SANDUSDT,2025-04-18,B-,NINJA,62,23.115384615384606
SANDUSDT,2025-04-29,B-,NINJA,47,15.653964984552005
SANDUSDT,2025-05-07,B-,NINJA,55,43.80466472303208
SANDUSDT,2025-05-09,B-,TREND,98,18.002392344497608
SANDUSDT,2025-05-14,B-,NINJA,61,1.1060692002268668
SANDUSDT,2025-05-19,B-,NINJA,47,11.772274043100662
SANDUSDT,2025-05-20,B-,NINJA,65,10.739324410452511
SANDUSDT,2025-05-26,B-,NINJA,49,4.139290407358742
SANDUSDT,2025-05-29,B-,NINJA,60,0.5786249149080991
SANDUSDT,2025-06-15,B-,NINJA,55,5.620964679073315
SANDUSDT,2025-06-16,B-,NINJA,63,2.1460843373493965
SANDUSDT,2025-06-19,B-,NINJA,45,3.2513877874702724
SANDUSDT,2025-06-20,B-,NINJA,44,5.127169963665734
SANDUSDT,2025-06-28,B-,NINJA,48,7.4824307565109605
SANDUSDT,2025-06-29,B-,NINJA,64,9.310761789600974
SANDUSDT,2025-06-30,B-,NINJA,59,20.133111480865228
SANDUSDT,2025-07-06,B-,NINJA,58,40.30093533956891
SANDUSDT,2025-07-07,B-,NINJA,71,41.800246609124535
SANDUSDT,2025-07-10,B-,TREND,98,23.922114047287877
SANDUSDT,2025-07-14,B-,NINJA,71,15.903927296332366
SANDUSDT,2025-07-16,B-,NINJA,55,13.329101872421445
SANDUSDT,2025-07-18,B-,NINJA,67,10.454686050108265
SANDUSDT,2025-07-23,B-,NINJA,38,6.59413122321133
SANDUSDT,2025-07-26,B-,NINJA,61,4.56015523932729
SANDUSDT,2025-07-31,B-,NINJA,47,10.84030556566027
SANDUSDT,2025-08-04,B-,NINJA,59,14.885910901847144
SANDUSDT,2025-08-05,B-,NINJA,62,19.87906273620559
SANDUSDT,2025-08-11,B-,NINJA,62,12.322946175637384
SANDUSDT,2025-08-14,B-,NINJA,79,8.166841920785139
SANDUSDT,2025-08-16,B-,NINJA,64,4.080944350758853
SANDUSDT,2025-08-17,B-,NINJA,75,3.7659717552118277
SANDUSDT,2025-08-21,B-,NINJA,61,11.892675852066702
SANDUSDT,2025-08-27,B-,NINJA,58,4.613733905579398
SANDUSDT,2025-08-28,B-,NINJA,67,2.70365168539326
SANDUSDT,2025-08-29,B-,NINJA,59,9.213893967093245
SANDUSDT,2025-08-30,B-,NINJA,50,11.648351648351651
SANDUSDT,2025-08-31,B-,NINJA,60,9.996391194514608
SANDUSDT,2025-09-06,B-,NINJA,78,18.776671408250365
SANDUSDT,2025-09-17,B-,NINJA,52,2.8359651949726006
SANDUSDT,2025-09-18,B-,NINJA,78,2.0793346129238666
SANDUSDT,2025-09-21,B-,NINJA,41,0.3754266211604129
SANDUSDT,2025-09-27,B-,NINJA,55,11.466666666666669
SANDUSDT,2025-10-05,B-,NINJA,50,8.656283955088728
SANDUSDT,2025-10-07,B-,NINJA,57,11.815132314573251
SANDUSDT,2025-10-19,B-,NINJA,60,8.36920133907222
SANDUSDT,2025-10-24,B-,NINJA,58,4.100652376514424
SANDUSDT,2025-10-25,B-,NINJA,66,4.735114861697132
SANDUSDT,2025-10-27,B-,NINJA,66,2.0027945971122563
SANDUSDT,2025-10-30,B-,NINJA,56,8.629441624365475
SANDUSDT,2025-11-06,B-,NINJA,53,18.72576177285319
SANDUSDT,2025-11-15,B-,NINJA,41,1.1469142545057265
SANDUSDT,2025-11-16,B-,NINJA,45,2.725250278086766
SANDUSDT,2025-11-17,B-,NINJA,47,5.0405561993047465
SANDUSDT,2025-11-19,B-,NINJA,51,3.316180674671232
SANDUSDT,2025-11-20,B-,NINJA,49,1.3939393939393918
SANDUSDT,2025-11-24,B-,NINJA,58,2.8858218318695172
SANDUSDT,2025-12-07,B-,NINJA,51,8.836206896551735
SANDUSDT,2025-12-10,B-,NINJA,71,0.06949270326614965
SANDUSDT,2025-12-12,B-,NINJA,38,2.5954198473282286
SANDUSDT,2025-12-25,B-,NINJA,53,13.279132791327907
SANTOSUSDT,2025-02-20,C+,NINJA,62,2.6640159045725476
SANTOSUSDT,2025-02-21,C+,NINJA,55,11.668706650346806
SANTOSUSDT,2025-02-23,C+,NINJA,69,8.913649025069637
SANTOSUSDT,2025-04-05,C+,NINJA,64,0.0
SANTOSUSDT,2025-04-29,C+,NINJA,52,12.63972484952709
SANTOSUSDT,2025-05-01,C+,NINJA,71,18.323504633529918
SANTOSUSDT,2025-05-04,C+,NINJA,77,16.02643535729038
SANTOSUSDT,2025-05-07,C+,NINJA,59,19.53191489361703
SANTOSUSDT,2025-07-06,C+,NINJA,53,22.43797195253505
SANTOSUSDT,2025-07-07,C+,NINJA,75,13.185108583247152
SANTOSUSDT,2025-08-04,C+,NINJA,62,66.20941929583906
SANTOSUSDT,2025-09-03,C+,NINJA,66,6.44444444444443
SANTOSUSDT,2025-09-07,C+,NINJA,73,7.083563918096303
SANTOSUSDT,2025-09-18,C+,NINJA,80,11.689008042895455
SANTOSUSDT,2025-10-30,C+,NINJA,59,8.289374529012816
SANTOSUSDT,2025-12-05,C+,NINJA,52,9.466152999449662
SANTOSUSDT,2025-12-07,C+,NINJA,59,8.747949699289247
SANTOSUSDT,2025-12-09,C+,NINJA,75,5.293806246691379
SCRUSDT,2025-04-23,C+,TREND,92,26.666666666666682
SCRUSDT,2025-05-09,C+,TREND,98,20.626631853785902
SEIUSDT,2025-05-09,B-,TREND,94,12.520458265139123
SEIUSDT,2025-06-24,B-,TREND,87,9.485006518904804
SFPUSDT,2025-01-10,B,NINJA,69,4.1920407874238785
SFPUSDT,2025-01-11,B,NINJA,70,6.268958543983816
SFPUSDT,2025-01-19,B,NINJA,60,6.623586429725359
SFPUSDT,2025-01-22,B,NINJA,66,3.9398803443747354
SFPUSDT,2025-01-24,B,NINJA,58,6.695626123427223
SFPUSDT,2025-01-26,B,NINJA,79,4.009879413046624
SFPUSDT,2025-01-28,B,NINJA,68,6.4852000594972425
SFPUSDT,2025-01-30,B,NINJA,78,4.770964437289615
SFPUSDT,2025-02-04,B,NINJA,67,8.487774489954836
SFPUSDT,2025-02-08,B,NINJA,54,10.588982378155265
SFPUSDT,2025-02-09,B,NINJA,74,10.204081632653072
SFPUSDT,2025-02-11,B,NINJA,66,8.555399719495082
SFPUSDT,2025-02-17,B,NINJA,41,1.1145038167938992
SFPUSDT,2025-02-19,B,NINJA,41,2.8256481912746434
SFPUSDT,2025-02-20,B,NINJA,57,2.905531385954019
SFPUSDT,2025-02-21,B,NINJA,62,1.9707467282525037
SFPUSDT,2025-02-26,B,NINJA,60,3.4952701619368254
SFPUSDT,2025-03-01,B,NINJA,54,4.365400161681476
SFPUSDT,2025-03-03,B,NINJA,50,4.443300737690858
SFPUSDT,2025-03-05,B,NINJA,53,0.6114691786481607
SFPUSDT,2025-03-06,B,NINJA,62,1.0402684563758369
SFPUSDT,2025-03-13,B,NINJA,62,7.340823970037458
SFPUSDT,2025-03-18,B,NINJA,54,7.886316581968766
SFPUSDT,2025-03-20,B,NINJA,57,2.4485253199777457
SFPUSDT,2025-03-22,B,NINJA,52,2.619843924191745
SFPUSDT,2025-03-23,B,NINJA,51,3.6015756893641004
SFPUSDT,2025-03-24,B,NINJA,58,-0.0369139904023541
SFPUSDT,2025-03-25,B,NINJA,55,0.20641771439293688
SFPUSDT,2025-03-27,B,NINJA,48,1.4162679425837377
SFPUSDT,2025-04-08,B,NINJA,44,10.689045936395768
SFPUSDT,2025-04-10,B,NINJA,56,6.638297872340426
SFPUSDT,2025-04-23,B,TREND,95,5.662580268534745
SFPUSDT,2025-04-27,B,NINJA,56,4.866743916570093
SFPUSDT,2025-05-03,B,NINJA,43,18.494334549644687
SFPUSDT,2025-05-05,B,NINJA,52,17.591004383457197
SFPUSDT,2025-05-06,B,NINJA,57,18.5854314818374
SFPUSDT,2025-05-07,B,NINJA,55,18.22188158651081
SFPUSDT,2025-05-09,B,TREND,94,48.543856625883144
SFPUSDT,2025-05-14,B,NINJA,56,46.97357203751065
SFPUSDT,2025-05-18,B,NINJA,55,47.95743220048061
SFPUSDT,2025-05-19,B,NINJA,58,2.565016031350198
SFPUSDT,2025-05-21,B,NINJA,29,5.284329859206416
SFPUSDT,2025-05-22,B,NINJA,49,1.4268099348247354
SFPUSDT,2025-05-23,B,NINJA,52,5.999257057949481
SFPUSDT,2025-05-25,B,NINJA,70,3.6882267441860517
SFPUSDT,2025-05-26,B,NINJA,62,2.921550946798912
SFPUSDT,2025-05-29,B,NINJA,55,0.7199556950341579
SFPUSDT,2025-06-03,B,NINJA,57,2.565154935358094
SFPUSDT,2025-06-15,B,NINJA,56,10.601535836177467
SFPUSDT,2025-06-24,B,NINJA,48,7.802690582959637
SFPUSDT,2025-06-25,B,NINJA,37,11.658151416627959
SFPUSDT,2025-06-27,B,NINJA,55,9.546593757120082
SFPUSDT,2025-06-30,B,NINJA,66,9.402654867256643
SFPUSDT,2025-07-06,B,NINJA,56,17.30726505221063
SFPUSDT,2025-07-07,B,NINJA,71,17.683329663069802
SFPUSDT,2025-07-11,B,TREND,95,8.339920948616598
SFPUSDT,2025-07-23,B,NINJA,39,5.2149681528662395
SFPUSDT,2025-07-26,B,NINJA,63,5.194029850746262
SFPUSDT,2025-07-28,B,NINJA,71,2.500516635668526
SFPUSDT,2025-07-31,B,NINJA,41,15.287888815354055
SFPUSDT,2025-08-05,B,NINJA,66,15.649520488230163
SFPUSDT,2025-08-09,B,TREND,92,3.2697547683923522
SFPUSDT,2025-08-17,B,NINJA,57,1.0688591983555984
SFPUSDT,2025-08-21,B,NINJA,59,8.879539415411863
SFPUSDT,2025-08-23,B,NINJA,73,2.027455121436117
SFPUSDT,2025-08-25,B,NINJA,33,10.39762340036563
SFPUSDT,2025-08-31,B,NINJA,70,3.0682800345721573
SFPUSDT,2025-09-02,B,NINJA,62,4.32918988426918
SFPUSDT,2025-09-06,B,NINJA,46,9.502762430939216
SFPUSDT,2025-09-07,B,NINJA,63,8.35337852613165
SFPUSDT,2025-09-08,B,NINJA,71,7.905052264808354
SFPUSDT,2025-09-17,B,NINJA,68,58.68263473053892
SFPUSDT,2025-09-19,B,NINJA,70,59.67290725199052
SFPUSDT,2025-09-21,B,NINJA,59,51.30505709624795
SFPUSDT,2025-09-27,B,NINJA,55,12.46394725999178
SFPUSDT,2025-10-05,B,NINJA,46,11.709741550695817
SFPUSDT,2025-10-10,B,NINJA,41,7.041904289610712
SFPUSDT,2025-10-14,B,NINJA,58,2.0107896027464323
SFPUSDT,2025-10-18,B,NINJA,44,6.5893516078017855
SFPUSDT,2025-10-19,B,NINJA,63,5.642633228840133
SFPUSDT,2025-10-24,B,NINJA,64,4.864016736401666
SFPUSDT,2025-10-25,B,NINJA,53,5.166535536323114
SFPUSDT,2025-11-01,B,NINJA,61,5.5383750351419625
SFPUSDT,2025-11-04,B,NINJA,50,15.401168152474654
SFPUSDT,2025-11-05,B,NINJA,47,11.354228267297461
SFPUSDT,2025-11-06,B,NINJA,64,11.0259433962264
SFPUSDT,2025-11-19,B,NINJA,68,5.981682884945627
SFPUSDT,2025-11-25,B,NINJA,56,17.70502225047681
SFPUSDT,2025-12-07,B,NINJA,60,7.014880048587924
SFPUSDT,2025-12-12,B,NINJA,62,1.279381136566493
SFPUSDT,2025-12-13,B,NINJA,60,0.14806040864672187
SFPUSDT,2025-12-14,B,NINJA,48,2.035152636447757
SFPUSDT,2025-12-17,B,NINJA,42,3.592233009708745
SFPUSDT,2025-12-20,B,NINJA,48,8.69565217391306
SFPUSDT,2025-12-25,B,NINJA,68,18.615284128020892
SIRENUSDT,2025-05-09,C+,TREND,95,48.62904395763816
SIRENUSDT,2025-05-10,C+,TREND,84,49.649430324276956
SIRENUSDT,2025-11-29,C+,TREND,89,17.746005046257363
SKYUSDT,2025-10-17,A,NINJA,46,5.779364269930309
SKYUSDT,2025-10-19,A,NINJA,48,5.959475566150174
SKYUSDT,2025-10-20,A,NINJA,45,6.66780939321221
SKYUSDT,2025-10-24,A,NINJA,48,4.800552581592132
SKYUSDT,2025-10-26,A,NINJA,47,2.586206896551735
SKYUSDT,2025-10-27,A,NINJA,64,2.6903553299492344
SKYUSDT,2025-10-30,A,NINJA,72,0.22589052997394887
SKYUSDT,2025-11-01,A,NINJA,42,5.752054305108967
SKYUSDT,2025-11-05,A,NINJA,40,22.40077444336883
SKYUSDT,2025-11-08,A,NINJA,58,22.948269155970436
SKYUSDT,2025-11-10,A,TREND,73,10.58247332517055
SKYUSDT,2025-11-11,A,NINJA,67,20.741023682200165
SKYUSDT,2025-11-16,A,NINJA,34,3.9800000000000058
SKYUSDT,2025-11-17,A,NINJA,44,6.646153846153835
SKYUSDT,2025-11-19,A,NINJA,52,14.55607006241193
SKYUSDT,2025-11-24,A,NINJA,57,34.98850574712644
SKYUSDT,2025-11-25,A,NINJA,54,36.81267474370924
SKYUSDT,2025-11-27,A,TREND,88,19.03506993715791
SKYUSDT,2025-11-30,A,TREND,80,6.415367886915546
SKYUSDT,2025-12-03,A,TREND,70,4.926549623790755
SKYUSDT,2025-12-07,A,NINJA,45,16.133333333333354
SKYUSDT,2025-12-08,A,NINJA,50,12.991104521868046
SKYUSDT,2025-12-10,A,TREND,71,13.88142575676159
SKYUSDT,2025-12-12,A,TREND,80,20.24121657052964
SKYUSDT,2025-12-17,A,NINJA,71,21.876647337901957
SKYUSDT,2025-12-20,A,TREND,84,9.729473184622695
SKYUSDT,2025-12-21,A,TREND,82,4.8367593712213
SKYUSDT,2025-12-22,A,TREND,90,3.83233532934133
SKYUSDT,2025-12-24,A,TREND,74,2.2857985547854343
SKYUSDT,2025-12-25,A,TREND,83,1.685969799149678
SKYUSDT,2025-12-26,A,NINJA,53,4.539621430863017
SKYUSDT,2025-12-28,A,NINJA,45,1.526717557251911
SKYUSDT,2025-12-29,A,NINJA,54,4.80207657365348
SLPUSDT,2025-02-19,C+,NINJA,47,8.216857263871248
SLPUSDT,2025-02-20,C+,NINJA,58,6.060606060606055
SLPUSDT,2025-02-21,C+,NINJA,59,10.701906412478323
SLPUSDT,2025-02-23,C+,NINJA,72,0.5421184320266947
SLPUSDT,2025-03-20,C+,NINJA,59,15.428571428571436
SLPUSDT,2025-03-22,C+,NINJA,50,16.898148148148163
SLPUSDT,2025-03-23,C+,NINJA,70,15.693012600229107
SLPUSDT,2025-03-27,C+,NINJA,70,1.0078387458006821
SLPUSDT,2025-06-19,C+,NINJA,57,4.702194357366762
SLPUSDT,2025-06-30,C+,NINJA,78,14.956245027844073
SLPUSDT,2025-07-06,C+,NINJA,52,25.763508222396258
SLPUSDT,2025-07-07,C+,NINJA,66,26.756116811365448
SLPUSDT,2025-08-13,C+,NINJA,68,1.1307767944936042
SLPUSDT,2025-08-14,C+,NINJA,73,8.803005904455175
SLPUSDT,2025-08-16,C+,NINJA,53,9.390178089584467
SLPUSDT,2025-08-18,C+,NINJA,66,4.653679653679643
SLPUSDT,2025-08-21,C+,NINJA,58,11.59838430467397
SLPUSDT,2025-08-27,C+,NINJA,63,5.539526832083097
SLPUSDT,2025-08-28,C+,NINJA,72,1.8374164810690319
SLPUSDT,2025-08-30,C+,NINJA,66,8.070978820835716
SLPUSDT,2025-08-31,C+,NINJA,69,9.76744186046512
SLPUSDT,2025-09-04,C+,NINJA,58,22.795440911817643
SLPUSDT,2025-09-06,C+,NINJA,66,20.270270270270284
SLPUSDT,2025-11-02,C+,NINJA,70,33.66696997270247
SLPUSDT,2025-11-08,C+,NINJA,71,5.785837651122616
SLPUSDT,2025-11-15,C+,NINJA,47,11.386138613861373
SLPUSDT,2025-11-17,C+,NINJA,47,17.18749999999998
SLPUSDT,2025-12-07,C+,NINJA,76,6.795016987542479
SLPUSDT,2025-12-08,C+,NINJA,68,6.795016987542479
SLPUSDT,2025-12-10,C+,NINJA,72,0.11185682326619872
SLPUSDT,2025-12-12,C+,NINJA,54,1.3937282229965042
SLPUSDT,2025-12-13,C+,NINJA,56,0.0
SNXUSDT,2025-02-21,C+,NINJA,64,8.133472367048999
SNXUSDT,2025-02-23,C+,NINJA,70,1.3930348258706537
SNXUSDT,2025-05-09,C+,TREND,98,19.135802469135797
SNXUSDT,2025-05-29,C+,NINJA,67,1.0796221322537214
SNXUSDT,2025-06-19,C+,NINJA,62,10.252100840336142
SNXUSDT,2025-06-30,C+,NINJA,71,12.02749140893471
SNXUSDT,2025-07-06,C+,NINJA,58,22.222222222222232
SNXUSDT,2025-07-07,C+,NINJA,66,24.864864864864856
SNXUSDT,2025-08-11,C+,NINJA,70,17.111459968602816
SNXUSDT,2025-08-27,C+,NINJA,73,5.027932960893855
SNXUSDT,2025-08-30,C+,NINJA,61,2.2727272727272707
SNXUSDT,2025-08-31,C+,NINJA,56,5.596465390279803
SNXUSDT,2025-09-02,C+,NINJA,59,7.048458149779724
SNXUSDT,2025-09-03,C+,NINJA,73,6.9666182873730165
SNXUSDT,2025-09-04,C+,NINJA,54,13.910355486862436
SNXUSDT,2025-09-06,C+,NINJA,65,10.993975903614462
SNXUSDT,2025-09-07,C+,NINJA,67,10.82706766917292
SNXUSDT,2025-09-09,C+,NINJA,76,7.1220930232558155
SNXUSDT,2025-09-15,C+,NINJA,45,45.82089552238804
SNXUSDT,2025-09-17,C+,NINJA,60,81.37535816618913
SNXUSDT,2025-09-19,C+,NINJA,74,88.20058997050147
SNXUSDT,2025-09-21,C+,NINJA,56,107.8751857355126
SNXUSDT,2025-11-13,C+,NINJA,48,1.6304347826086918
SNXUSDT,2025-11-15,C+,NINJA,55,1.4986376021798309
SNXUSDT,2025-11-16,C+,NINJA,58,3.299856527977041
SNXUSDT,2025-11-24,C+,NINJA,58,4.9657534246575485
SNXUSDT,2025-12-08,C+,NINJA,60,6.224899598393585
SNXUSDT,2025-12-09,C+,NINJA,69,1.1695906432748648
SNXUSDT,2025-12-10,C+,NINJA,63,0.2053388090349051
SOLUSDT,2025-01-16,A,TREND,93,40.11082693947144
SOLUSDT,2025-01-17,A,TREND,82,34.76834768347683
SOLUSDT,2025-01-18,A,TREND,82,12.925144100469499
SOLUSDT,2025-01-22,A,NINJA,61,4.981349082996567
SOLUSDT,2025-01-24,A,NINJA,56,2.924576706003057
SOLUSDT,2025-01-26,A,NINJA,50,1.7463617463617354
SOLUSDT,2025-01-28,A,NINJA,38,7.768871663877386
SOLUSDT,2025-01-30,A,NINJA,62,1.4728714699341117
SOLUSDT,2025-02-04,A,NINJA,56,1.330816879597374
SOLUSDT,2025-02-09,A,NINJA,77,4.279942135980441
SOLUSDT,2025-02-13,A,NINJA,46,5.709137709137702
SOLUSDT,2025-02-14,A,NINJA,71,0.4413461056221646
SOLUSDT,2025-02-20,A,NINJA,64,2.568181818181814
SOLUSDT,2025-02-21,A,NINJA,61,6.457914052326275
SOLUSDT,2025-03-03,A,NINJA,62,7.554867754642669
SOLUSDT,2025-03-05,A,NINJA,52,4.52556740497676
SOLUSDT,2025-03-06,A,NINJA,62,5.282255250854795
SOLUSDT,2025-03-09,A,NINJA,31,8.062603746739395
SOLUSDT,2025-03-13,A,NINJA,59,10.81300154008269
SOLUSDT,2025-03-20,A,NINJA,70,15.57993730407523
SOLUSDT,2025-03-22,A,NINJA,70,14.7614971597541
SOLUSDT,2025-03-23,A,TREND,85,11.02077687443539
SOLUSDT,2025-03-24,A,TREND,93,4.588327069002207
SOLUSDT,2025-03-28,A,NINJA,44,5.189589929724292
SOLUSDT,2025-04-01,A,NINJA,62,7.531380753138084
SOLUSDT,2025-04-05,A,NINJA,53,13.139960106382986
SOLUSDT,2025-04-08,A,NINJA,49,29.22201138519922
SOLUSDT,2025-04-12,A,TREND,76,13.604053236539615
SOLUSDT,2025-04-13,A,TREND,80,20.119956379498372
SOLUSDT,2025-04-18,A,TREND,76,17.129215159653842
SOLUSDT,2025-04-19,A,TREND,85,12.247086580396083
SOLUSDT,2025-04-20,A,TREND,68,13.883650079791089
SOLUSDT,2025-04-21,A,NINJA,57,14.967779730521391
SOLUSDT,2025-04-23,A,TREND,81,3.9046988749172673
SOLUSDT,2025-04-25,A,TREND,70,2.10184325686249
SOLUSDT,2025-04-28,A,NINJA,43,11.336580086580073
SOLUSDT,2025-04-30,A,NINJA,64,21.309475396502652
SOLUSDT,2025-05-06,A,NINJA,66,25.87145969498912
SOLUSDT,2025-05-08,A,TREND,90,12.416393043901252
SOLUSDT,2025-05-09,A,TREND,91,7.003125361731688
SOLUSDT,2025-05-10,A,TREND,89,3.929394569677891
SOLUSDT,2025-05-14,A,NINJA,69,6.266983695652195
SOLUSDT,2025-05-16,A,NINJA,31,12.132616487455206
SOLUSDT,2025-05-18,A,NINJA,44,8.315060588574719
SOLUSDT,2025-05-20,A,NINJA,66,11.341123435553712
SOLUSDT,2025-05-22,A,TREND,88,4.469056099732849
SOLUSDT,2025-05-23,A,NINJA,74,3.103269927015684
SOLUSDT,2025-05-26,A,NINJA,54,2.5727517008747425
SOLUSDT,2025-05-29,A,NINJA,48,0.47987523243955277
SOLUSDT,2025-06-03,A,NINJA,54,8.486371544558292
SOLUSDT,2025-06-07,A,NINJA,55,12.195121951219523
SOLUSDT,2025-06-10,A,TREND,88,1.9622093023255793
SOLUSDT,2025-06-16,A,NINJA,66,2.3951698513800412
SOLUSDT,2025-06-19,A,NINJA,51,5.257072905331905
SOLUSDT,2025-06-20,A,NINJA,44,14.188851616586962
SOLUSDT,2025-06-24,A,TREND,79,9.642269736842124
SOLUSDT,2025-06-25,A,TREND,66,11.436929720693744
SOLUSDT,2025-06-29,A,TREND,87,4.350378293764678
SOLUSDT,2025-06-30,A,TREND,74,6.860021962405538
SOLUSDT,2025-07-03,A,NINJA,66,10.39642950905748
SOLUSDT,2025-07-06,A,NINJA,44,15.896220202818379
SOLUSDT,2025-07-07,A,NINJA,56,19.68699623858141
SOLUSDT,2025-07-10,A,TREND,91,12.370694900815371
SOLUSDT,2025-07-11,A,TREND,83,22.310194562081875
SOLUSDT,2025-07-14,A,NINJA,66,27.180814992910427
SOLUSDT,2025-07-17,A,TREND,82,17.302553022118605
SOLUSDT,2025-07-18,A,TREND,77,16.369584837545137
SOLUSDT,2025-07-20,A,TREND,68,13.70776608058204
SOLUSDT,2025-07-21,A,TREND,88,5.405681585939104
SOLUSDT,2025-07-22,A,TREND,95,0.024307243558596703
SOLUSDT,2025-07-26,A,NINJA,49,5.614452617914312
SOLUSDT,2025-07-27,A,NINJA,59,3.509329940627648
SOLUSDT,2025-07-28,A,NINJA,64,1.949647752716932
SOLUSDT,2025-07-30,A,NINJA,39,3.195139787365675
SOLUSDT,2025-07-31,A,NINJA,37,8.105911044013482
SOLUSDT,2025-08-05,A,NINJA,64,27.89322932537024
SOLUSDT,2025-08-11,A,NINJA,73,20.02974147792267
SOLUSDT,2025-08-13,A,TREND,90,4.143714952111566
SOLUSDT,2025-08-14,A,NINJA,76,10.141840286797944
SOLUSDT,2025-08-17,A,NINJA,54,11.838316142206384
SOLUSDT,2025-08-21,A,NINJA,59,20.916301514227076
SOLUSDT,2025-08-23,A,TREND,77,6.789458214950539
SOLUSDT,2025-08-24,A,TREND,82,5.83551801145743
SOLUSDT,2025-08-31,A,NINJA,57,12.650782574020525
SOLUSDT,2025-09-06,A,NINJA,56,24.70023980815348
SOLUSDT,2025-09-07,A,NINJA,62,20.959534771020106
SOLUSDT,2025-09-11,A,TREND,85,10.833734096970238
SOLUSDT,2025-09-12,A,TREND,94,4.678338425964146
SOLUSDT,2025-09-13,A,TREND,91,4.591963033253577
SOLUSDT,2025-09-16,A,NINJA,45,6.984301147873051
SOLUSDT,2025-09-18,A,TREND,83,0.43232323232322845
SOLUSDT,2025-09-21,A,NINJA,48,0.3387533875338855
SOLUSDT,2025-09-27,A,NINJA,54,16.87309544873685
SOLUSDT,2025-09-29,A,TREND,80,11.769682726204467
SOLUSDT,2025-10-05,A,TREND,75,4.038326916345802
SOLUSDT,2025-10-07,A,NINJA,54,4.432422603082231
SOLUSDT,2025-10-09,A,NINJA,54,1.597791155569639
SOLUSDT,2025-10-10,A,NINJA,51,12.110598100090208
SOLUSDT,2025-10-18,A,NINJA,45,9.474301556835151
SOLUSDT,2025-10-19,A,NINJA,58,9.299478334930257
SOLUSDT,2025-10-24,A,TREND,72,6.0643628286585205
SOLUSDT,2025-10-25,A,TREND,83,5.927569129178711
SOLUSDT,2025-10-27,A,TREND,79,2.6623049823855105
SOLUSDT,2025-10-30,A,NINJA,53,3.0158644214629993
SOLUSDT,2025-11-01,A,NINJA,54,1.491816474376173
SOLUSDT,2025-11-02,A,NINJA,60,0.7564860689361241
SOLUSDT,2025-11-08,A,NINJA,58,8.80901151752942
SOLUSDT,2025-11-10,A,TREND,79,2.76731815193354
SOLUSDT,2025-11-13,A,NINJA,38,0.6563946659296827
SOLUSDT,2025-11-17,A,NINJA,47,10.542789525918007
SOLUSDT,2025-11-19,A,NINJA,54,5.647161826937119
SOLUSDT,2025-11-20,A,NINJA,57,8.289070098002549
SOLUSDT,2025-11-23,A,NINJA,56,11.870117935365299
SOLUSDT,2025-11-25,A,TREND,86,5.721070811744378
SOLUSDT,2025-11-27,A,TREND,81,4.302449414270493
SOLUSDT,2025-11-30,A,NINJA,41,10.061432424333239
SOLUSDT,2025-12-07,A,NINJA,55,9.596188747731404
SOLUSDT,2025-12-08,A,NINJA,67,8.765478424015004
SOLUSDT,2025-12-10,A,NINJA,74,2.8328196095699587
SOLUSDT,2025-12-12,A,NINJA,67,2.3890526952445645
SOLUSDT,2025-12-14,A,NINJA,49,4.659969088098914
SOLUSDT,2025-12-17,A,NINJA,45,4.688894297071489
SOLUSDT,2025-12-20,A,NINJA,58,3.4575947857880873
SOLUSDT,2025-12-25,A,NINJA,36,12.893553223388299
SOLUSDT,2025-12-29,A,NINJA,68,16.385463984425684
SONICUSDT,2025-02-15,B-,NINJA,46,22.568868237636906
SONICUSDT,2025-02-17,B-,NINJA,74,17.200888606791498
SONICUSDT,2025-02-21,B-,NINJA,77,16.830117051565963
SONICUSDT,2025-02-23,B-,NINJA,72,9.060706735125335
SONICUSDT,2025-02-26,B-,NINJA,72,13.51776171015404
SONICUSDT,2025-02-27,B-,NINJA,78,6.003937007874005
SONICUSDT,2025-03-01,B-,NINJA,51,11.954261954261947
SONICUSDT,2025-03-02,B-,NINJA,56,0.18939393939394478
SONICUSDT,2025-04-01,B-,NINJA,55,5.207895842083166
SONICUSDT,2025-04-29,B-,NINJA,80,30.60295790671217
SONICUSDT,2025-05-28,B-,NINJA,64,1.2229210342417973
SONICUSDT,2025-06-19,B-,NINJA,59,4.420432220039294
SONICUSDT,2025-07-31,B-,NINJA,46,7.169459962756042
SONICUSDT,2025-08-16,B-,NINJA,62,5.8061420345489445
SONICUSDT,2025-08-17,B-,NINJA,77,5.250596658711215
SONICUSDT,2025-09-02,B-,NINJA,55,23.033419023136247
SONICUSDT,2025-09-03,B-,NINJA,75,21.47208121827411
SONICUSDT,2025-10-07,B-,NINJA,55,1.3969732246798428
SONICUSDT,2025-10-31,B-,NINJA,51,3.6805011746280147
SONICUSDT,2025-11-01,B-,NINJA,65,1.4559386973179933
SONICUSDT,2025-11-02,B-,NINJA,65,1.3076923076923208
SONICUSDT,2025-12-07,B-,NINJA,60,4.1615667074663465
SONICUSDT,2025-12-08,B-,NINJA,66,3.1515151515151496
SONICUSDT,2025-12-10,B-,NINJA,66,0.2466091245376001
SONICUSDT,2025-12-12,B-,NINJA,46,2.051282051282066
SPXUSDT,2025-05-09,B,TREND,85,29.696271771987924
SPXUSDT,2025-05-22,B,TREND,84,36.01379156934714
SPXUSDT,2025-11-27,B,TREND,96,5.796691644281049
SSVUSDT,2025-05-09,C+,TREND,95,36.56036446469248
STEEMUSDT,2025-01-09,B-,NINJA,41,6.932052161976654
STEEMUSDT,2025-01-11,B-,NINJA,44,-0.035373187124154715
STEEMUSDT,2025-01-12,B-,NINJA,47,0.8885597926693967
STEEMUSDT,2025-01-14,B-,NINJA,54,2.5855513307984745
STEEMUSDT,2025-01-15,B-,NINJA,56,3.095147115017194
STEEMUSDT,2025-01-16,B-,NINJA,67,3.766182816790886
STEEMUSDT,2025-01-25,B-,NINJA,52,5.444887118193886
STEEMUSDT,2025-01-28,B-,NINJA,29,3.9844509232264347
STEEMUSDT,2025-01-30,B-,NINJA,56,2.7632205812291533
STEEMUSDT,2025-02-04,B-,NINJA,55,24.826388888888886
STEEMUSDT,2025-02-05,B-,NINJA,47,25.40697674418606
STEEMUSDT,2025-02-09,B-,NINJA,72,16.31403118040089
STEEMUSDT,2025-02-13,B-,NINJA,64,17.889390519187366
STEEMUSDT,2025-02-14,B-,NINJA,67,17.359550561797764
STEEMUSDT,2025-02-15,B-,NINJA,55,20.961204400694843
STEEMUSDT,2025-02-19,B-,NINJA,53,2.60869565217392
STEEMUSDT,2025-02-20,B-,NINJA,73,1.9585253456221086
STEEMUSDT,2025-02-23,B-,NINJA,67,0.3504672897196359
STEEMUSDT,2025-02-27,B-,NINJA,51,7.086614173228356
STEEMUSDT,2025-03-03,B-,NINJA,56,3.370786516853941
STEEMUSDT,2025-03-06,B-,NINJA,59,2.181562280084437
STEEMUSDT,2025-03-13,B-,NINJA,64,10.920436817472678
STEEMUSDT,2025-03-23,B-,NINJA,52,16.728624535315983
STEEMUSDT,2025-03-25,B-,NINJA,83,0.5594405594405716
STEEMUSDT,2025-04-08,B-,NINJA,49,48.13805631244323
STEEMUSDT,2025-04-10,B-,NINJA,77,18.877551020408177
STEEMUSDT,2025-04-14,B-,NINJA,52,23.094339622641492
STEEMUSDT,2025-04-17,B-,NINJA,63,19.93174061433447
STEEMUSDT,2025-04-21,B-,NINJA,28,22.60990928122819
STEEMUSDT,2025-04-23,B-,NINJA,63,19.93174061433447
STEEMUSDT,2025-04-27,B-,NINJA,78,0.0
STEEMUSDT,2025-04-29,B-,NINJA,53,4.8128342245989275
STEEMUSDT,2025-04-30,B-,NINJA,50,7.687210072895967
STEEMUSDT,2025-05-01,B-,NINJA,54,9.647371922821035
STEEMUSDT,2025-05-02,B-,NINJA,46,10.678307588985891
STEEMUSDT,2025-05-03,B-,NINJA,67,12.650602409638555
STEEMUSDT,2025-05-05,B-,NINJA,55,16.632016632016633
STEEMUSDT,2025-05-06,B-,NINJA,40,21.42857142857144
STEEMUSDT,2025-05-14,B-,NINJA,53,1.3977128335451061
STEEMUSDT,2025-05-16,B-,NINJA,30,7.1860308932169215
STEEMUSDT,2025-05-18,B-,NINJA,53,3.2341526520051733
STEEMUSDT,2025-05-20,B-,NINJA,61,6.755852842809373
STEEMUSDT,2025-05-23,B-,NINJA,66,3.356164383561655
STEEMUSDT,2025-05-26,B-,NINJA,48,2.2758620689655062
STEEMUSDT,2025-05-28,B-,NINJA,54,1.2474012474012364
STEEMUSDT,2025-06-07,B-,NINJA,56,5.321507760532129
STEEMUSDT,2025-06-08,B-,NINJA,66,5.477424130273856
STEEMUSDT,2025-06-14,B-,NINJA,56,3.507404520654722
STEEMUSDT,2025-06-15,B-,NINJA,68,2.6275115919629277
STEEMUSDT,2025-06-16,B-,NINJA,64,0.9360374414976391
STEEMUSDT,2025-06-19,B-,NINJA,56,5.595523581135087
STEEMUSDT,2025-06-20,B-,NINJA,48,8.634868421052634
STEEMUSDT,2025-06-28,B-,NINJA,51,7.28424386381632
STEEMUSDT,2025-07-06,B-,NINJA,57,22.48243559718972
STEEMUSDT,2025-07-07,B-,NINJA,76,21.345707656612547
STEEMUSDT,2025-07-14,B-,NINJA,66,18.991712707182316
STEEMUSDT,2025-07-23,B-,NINJA,59,2.7116402116402094
STEEMUSDT,2025-07-26,B-,NINJA,44,4.237867395762129
STEEMUSDT,2025-07-27,B-,NINJA,51,1.7344896597731863
STEEMUSDT,2025-07-28,B-,NINJA,51,2.3943661971831176
STEEMUSDT,2025-07-31,B-,NINJA,47,5.349182763744431
STEEMUSDT,2025-08-04,B-,NINJA,60,5.505952380952395
STEEMUSDT,2025-08-05,B-,NINJA,60,9.75232198142415
STEEMUSDT,2025-08-14,B-,NINJA,64,7.947530864197527
STEEMUSDT,2025-08-17,B-,NINJA,73,7.270029673590517
STEEMUSDT,2025-08-21,B-,NINJA,71,11.059907834101379
STEEMUSDT,2025-08-25,B-,NINJA,55,5.112316034082109
STEEMUSDT,2025-08-27,B-,NINJA,55,2.8809704321455687
STEEMUSDT,2025-08-28,B-,NINJA,65,0.6676557863501298
STEEMUSDT,2025-08-29,B-,NINJA,60,3.5603715170278605
STEEMUSDT,2025-08-30,B-,NINJA,62,3.9846743295018916
STEEMUSDT,2025-08-31,B-,NINJA,65,4.3043812451960095
STEEMUSDT,2025-09-02,B-,NINJA,58,5.328185328185331
STEEMUSDT,2025-09-06,B-,NINJA,74,7.710100231302985
STEEMUSDT,2025-09-21,B-,NINJA,29,0.15408320493066618
STEEMUSDT,2025-09-27,B-,NINJA,52,8.858603066439507
STEEMUSDT,2025-09-29,B-,NINJA,54,8.58113848768054
STEEMUSDT,2025-10-07,B-,NINJA,45,4.230118443316422
STEEMUSDT,2025-10-09,B-,NINJA,45,0.6728343145500304
STEEMUSDT,2025-10-14,B-,NINJA,59,2.385685884691857
STEEMUSDT,2025-10-19,B-,NINJA,59,3.188097768331555
STEEMUSDT,2025-10-20,B-,NINJA,64,3.407880724174661
STEEMUSDT,2025-10-24,B-,NINJA,38,4.309392265193379
STEEMUSDT,2025-10-25,B-,NINJA,50,4.656319290465616
STEEMUSDT,2025-10-27,B-,NINJA,63,1.3172338090010838
STEEMUSDT,2025-10-30,B-,NINJA,45,7.506053268765123
STEEMUSDT,2025-11-01,B-,NINJA,60,13.768961493582266
STEEMUSDT,2025-11-02,B-,NINJA,70,13.901869158878522
STEEMUSDT,2025-11-06,B-,NINJA,61,24.839948783610755
STEEMUSDT,2025-11-11,B-,NINJA,45,6.79380214541121
STEEMUSDT,2025-11-15,B-,NINJA,51,0.6305170239596425
STEEMUSDT,2025-11-16,B-,NINJA,52,2.9870129870129825
STEEMUSDT,2025-11-17,B-,NINJA,43,3.9525691699604737
STEEMUSDT,2025-11-20,B-,NINJA,50,9.090909090909083
STEEMUSDT,2025-11-22,B-,NINJA,43,12.290502793296088
STEEMUSDT,2025-11-23,B-,NINJA,57,11.203319502074693
STEEMUSDT,2025-12-07,B-,NINJA,58,4.979253112033177
STEEMUSDT,2025-12-10,B-,NINJA,66,0.411522633744843
STEEMUSDT,2025-12-12,B-,NINJA,37,1.862464183381074
STEEMUSDT,2025-12-13,B-,NINJA,50,0.14124293785311437
STEEMUSDT,2025-12-14,B-,NINJA,43,2.4890190336749773
STEEMUSDT,2025-12-20,B-,NINJA,59,14.883720930232558
STEEMUSDT,2025-12-25,B-,NINJA,74,14.528593508500776
STGUSDT,2025-01-10,B-,NINJA,45,18.927973199329994
STGUSDT,2025-01-11,B-,NINJA,60,16.25730994152046
STGUSDT,2025-01-15,B-,NINJA,48,1.9240136385776818
STGUSDT,2025-01-16,B-,NINJA,52,7.335214157476266
STGUSDT,2025-01-18,B-,NINJA,61,1.6311496974480422
STGUSDT,2025-01-22,B-,NINJA,74,0.5313496280552554
STGUSDT,2025-01-26,B-,NINJA,65,1.0468319559228778
STGUSDT,2025-01-28,B-,NINJA,48,9.394703656998725
STGUSDT,2025-01-30,B-,NINJA,59,3.3045549270616315
STGUSDT,2025-02-04,B-,NINJA,53,2.845676760306448
STGUSDT,2025-02-08,B-,NINJA,56,12.322628827483207
STGUSDT,2025-02-11,B-,NINJA,70,12.701386286998861
STGUSDT,2025-02-13,B-,NINJA,68,10.547592796765892
STGUSDT,2025-02-15,B-,NINJA,63,10.385321100917434
STGUSDT,2025-02-17,B-,NINJA,77,0.7423117709437932
STGUSDT,2025-02-19,B-,NINJA,55,6.105733432613536
STGUSDT,2025-02-20,B-,NINJA,68,3.148751357220414
STGUSDT,2025-02-21,B-,NINJA,70,3.0877976190476275
STGUSDT,2025-02-23,B-,NINJA,64,0.0
STGUSDT,2025-02-27,B-,NINJA,57,5.769996020692392
STGUSDT,2025-03-03,B-,NINJA,51,0.08550662676358733
STGUSDT,2025-03-06,B-,NINJA,53,1.9784172661870603
STGUSDT,2025-03-20,B-,NINJA,63,9.933774834437092
STGUSDT,2025-03-26,B-,NINJA,62,4.355635383924561
STGUSDT,2025-03-28,B-,NINJA,60,0.2814258911819856
STGUSDT,2025-04-08,B-,NINJA,55,16.066154754873008
STGUSDT,2025-04-15,B-,NINJA,47,15.38040503557745
STGUSDT,2025-04-17,B-,NINJA,58,17.669584245076607
STGUSDT,2025-04-28,B-,NINJA,53,5.255544840887172
STGUSDT,2025-05-14,B-,NINJA,53,0.59306569343065
STGUSDT,2025-05-20,B-,NINJA,56,5.231388329979869
STGUSDT,2025-05-21,B-,NINJA,48,5.337361530715001
STGUSDT,2025-05-23,B-,NINJA,56,3.414381789963783
STGUSDT,2025-05-26,B-,NINJA,51,2.3029682702149445
STGUSDT,2025-05-27,B-,NINJA,57,1.2151898734177102
STGUSDT,2025-06-02,B-,NINJA,72,4.662643993417448
STGUSDT,2025-06-03,B-,NINJA,79,4.205352266521012
STGUSDT,2025-06-07,B-,NINJA,64,5.414364640883984
STGUSDT,2025-06-08,B-,NINJA,70,5.764966740576494
STGUSDT,2025-06-11,B-,NINJA,82,-0.05431830526888559
STGUSDT,2025-06-16,B-,NINJA,48,1.1918951132300348
STGUSDT,2025-06-20,B-,NINJA,55,1.8661518661518661
STGUSDT,2025-06-27,B-,NINJA,48,3.8713910761154713
STGUSDT,2025-06-30,B-,NINJA,63,7.877604166666674
STGUSDT,2025-07-06,B-,NINJA,57,16.622864651773984
STGUSDT,2025-07-07,B-,NINJA,63,17.31658955717119
STGUSDT,2025-07-10,B-,TREND,91,9.685230024213066
STGUSDT,2025-07-18,B-,NINJA,63,8.77091748413157
STGUSDT,2025-07-26,B-,NINJA,63,3.016505406943648
STGUSDT,2025-07-28,B-,NINJA,60,2.0238095238095166
STGUSDT,2025-07-31,B-,NINJA,39,24.49874686716791
STGUSDT,2025-08-05,B-,NINJA,58,35.93750000000002
STGUSDT,2025-08-16,B-,NINJA,43,11.328349626221957
STGUSDT,2025-08-17,B-,NINJA,56,8.156424581005584
STGUSDT,2025-08-21,B-,NINJA,52,19.4214876033058
STGUSDT,2025-08-27,B-,NINJA,54,21.355728854229163
STGUSDT,2025-08-28,B-,NINJA,67,16.130884041331804
STGUSDT,2025-08-29,B-,NINJA,60,1.538461538461533
STGUSDT,2025-08-31,B-,NINJA,48,7.843137254901955
STGUSDT,2025-09-02,B-,NINJA,54,9.090909090909083
STGUSDT,2025-09-03,B-,NINJA,72,10.275229357798143
STGUSDT,2025-09-06,B-,NINJA,51,14.041745730550282
STGUSDT,2025-09-19,B-,NINJA,75,23.122065727699525
STGUSDT,2025-09-21,B-,NINJA,67,22.11874272409777
STGUSDT,2025-10-07,B-,NINJA,71,3.400383141762453
STGUSDT,2025-10-18,B-,NINJA,57,4.491578290704945
STGUSDT,2025-10-19,B-,NINJA,59,4.6221111805121895
STGUSDT,2025-10-27,B-,NINJA,49,2.1985343104596877
STGUSDT,2025-11-01,B-,NINJA,59,11.972318339100351
STGUSDT,2025-11-06,B-,NINJA,59,20.65622669649516
STGUSDT,2025-11-10,B-,NINJA,64,0.9040333796940248
STGUSDT,2025-11-13,B-,NINJA,35,0.583090379008766
STGUSDT,2025-11-15,B-,NINJA,43,1.1227544910179743
STGUSDT,2025-11-16,B-,NINJA,51,1.7174082747853259
STGUSDT,2025-11-18,B-,NINJA,55,0.3940110323088941
STGUSDT,2025-11-20,B-,NINJA,42,3.8851351351351315
STGUSDT,2025-11-24,B-,NINJA,56,12.176165803108807
STGUSDT,2025-12-01,B-,NINJA,45,25.56255625562558
STGUSDT,2025-12-07,B-,NINJA,49,16.932103939647945
STGUSDT,2025-12-08,B-,NINJA,56,16.250000000000007
STGUSDT,2025-12-09,B-,NINJA,67,5.485893416927912
STGUSDT,2025-12-10,B-,NINJA,68,5.485893416927912
STGUSDT,2025-12-12,B-,NINJA,50,5.403288958496466
STGUSDT,2025-12-14,B-,NINJA,63,4.0380047505938155
STGUSDT,2025-12-20,B-,NINJA,59,0.17286084701815252
STGUSDT,2025-12-24,B-,NINJA,50,6.642402183803453
STGUSDT,2025-12-25,B-,NINJA,33,13.899253731343286
STGUSDT,2025-12-27,B-,NINJA,49,18.24884792626729
STGUSDT,2025-12-28,B-,NINJA,51,19.79458450046685
STGUSDT,2025-12-29,B-,NINJA,54,20.243673851921272
STORJUSDT,2025-01-09,B,NINJA,68,5.974785309702169
STORJUSDT,2025-01-10,B,NINJA,69,5.435375386293395
STORJUSDT,2025-01-14,B,NINJA,58,3.5659213569776416
STORJUSDT,2025-01-16,B,NINJA,74,4.839968774395009
STORJUSDT,2025-02-17,B,NINJA,77,11.307327358987873
STORJUSDT,2025-02-20,B,NINJA,60,6.059824651882417
STORJUSDT,2025-02-21,B,NINJA,68,12.131952017448189
STORJUSDT,2025-02-26,B,NINJA,58,6.733091787439616
STORJUSDT,2025-03-01,B,NINJA,67,7.186173438447541
STORJUSDT,2025-03-22,B,NINJA,58,8.155668358714042
STORJUSDT,2025-03-23,B,NINJA,69,9.602194787379958
STORJUSDT,2025-04-23,B,TREND,84,10.852218321097972
STORJUSDT,2025-05-03,B,NINJA,47,21.16182572614107
STORJUSDT,2025-05-09,B,TREND,96,9.645301804604856
STORJUSDT,2025-05-11,B,TREND,86,5.4458408138839065
STORJUSDT,2025-06-03,B,NINJA,71,5.530973451327448
STORJUSDT,2025-06-10,B,TREND,97,0.3154574132492094
STORJUSDT,2025-06-16,B,NINJA,56,3.402187120291633
STORJUSDT,2025-06-19,B,NINJA,67,4.246631278072699
STORJUSDT,2025-06-20,B,NINJA,73,5.178127589063797
STORJUSDT,2025-06-30,B,NINJA,73,16.119651017864566
STORJUSDT,2025-07-07,B,NINJA,73,37.444037444037434
STORJUSDT,2025-07-10,B,TREND,97,21.69369369369367
STORJUSDT,2025-07-11,B,TREND,98,18.200910045502262
STORJUSDT,2025-08-17,B,NINJA,70,3.737971872686896
STORJUSDT,2025-08-21,B,NINJA,57,9.534974599452894
STORJUSDT,2025-08-25,B,NINJA,48,6.985146527498998
STORJUSDT,2025-08-31,B,NINJA,72,3.9184952978056353
STORJUSDT,2025-09-02,B,NINJA,62,5.776736924277914
STORJUSDT,2025-09-06,B,NINJA,62,10.380761523046079
STORJUSDT,2025-09-07,B,NINJA,60,9.15576694411413
STORJUSDT,2025-09-17,B,NINJA,61,3.0466640956421154
STORJUSDT,2025-09-18,B,NINJA,80,1.365705614567525
STORJUSDT,2025-09-19,B,NINJA,66,2.023006743355804
STORJUSDT,2025-09-21,B,NINJA,50,0.23875845602865375
STORJUSDT,2025-10-02,B,TREND,95,1.4705882352941346
STORJUSDT,2025-11-01,B,NINJA,73,39.71014492753624
STORJUSDT,2025-11-02,B,NINJA,85,38.82488479262671
STORJUSDT,2025-12-08,B,NINJA,59,6.307583274273565
STORJUSDT,2025-12-10,B,NINJA,65,1.855817273376159
STRKUSDT,2025-04-23,B-,TREND,97,7.157057654075549
STRKUSDT,2025-10-01,B-,TREND,92,24.22907488986783
STXUSDT,2025-01-10,B-,NINJA,54,12.158647594278293
STXUSDT,2025-01-11,B-,NINJA,56,12.451108213820072
STXUSDT,2025-01-12,B-,NINJA,62,14.087301587301582
STXUSDT,2025-01-26,B-,NINJA,57,4.210526315789465
STXUSDT,2025-02-21,B-,NINJA,74,5.204872646733105
STXUSDT,2025-02-23,B-,NINJA,73,0.875273522975939
STXUSDT,2025-03-23,B-,NINJA,64,22.151898734177223
STXUSDT,2025-04-18,B-,NINJA,68,57.60135135135136
STXUSDT,2025-04-22,B-,TREND,94,14.478527607361968
STXUSDT,2025-05-08,B-,TREND,96,7.9396984924623215
STXUSDT,2025-05-25,B-,NINJA,39,3.506787330316752
STXUSDT,2025-05-26,B-,NINJA,52,3.624009060022648
STXUSDT,2025-06-19,B-,NINJA,66,17.51592356687899
STXUSDT,2025-06-20,B-,NINJA,74,20.58823529411764
STXUSDT,2025-06-28,B-,NINJA,58,6.906906906906896
STXUSDT,2025-06-29,B-,NINJA,74,3.039073806078152
STXUSDT,2025-06-30,B-,NINJA,73,13.65705614567525
STXUSDT,2025-07-07,B-,NINJA,63,32.20338983050848
STXUSDT,2025-08-16,B-,NINJA,48,2.924791086350975
STXUSDT,2025-08-17,B-,NINJA,60,0.2789400278939924
STXUSDT,2025-09-06,B-,NINJA,67,13.022508038585201
STXUSDT,2025-09-07,B-,NINJA,77,11.94267515923566
STXUSDT,2025-09-21,B-,NINJA,50,0.3095975232198178
STXUSDT,2025-10-09,B-,NINJA,50,0.8417508417508435
STXUSDT,2025-10-30,B-,NINJA,49,11.527093596059101
STXUSDT,2025-11-02,B-,NINJA,73,6.491063029162736
STXUSDT,2025-12-07,B-,NINJA,58,10.811732605729873
STXUSDT,2025-12-08,B-,NINJA,63,8.083832335329365
STXUSDT,2025-12-10,B-,NINJA,74,0.0
SUIUSDT,2025-02-13,B+,TREND,78,7.815203599031029
SUIUSDT,2025-03-27,B+,TREND,96,0.6436302182589726
SUIUSDT,2025-04-22,B+,TREND,68,45.27255004873658
SUIUSDT,2025-04-23,B+,TREND,91,30.63852740880588
SUIUSDT,2025-04-25,B+,TREND,82,10.116510372264841
SUIUSDT,2025-05-08,B+,TREND,78,6.579893392835001
SUIUSDT,2025-05-09,B+,TREND,66,8.821891454029963
SUIUSDT,2025-05-10,B+,TREND,80,4.306788955209373
SUIUSDT,2025-05-11,B+,TREND,63,7.004355942750462
SUIUSDT,2025-06-10,B+,TREND,82,1.0221026110856624
SUIUSDT,2025-07-10,B+,TREND,98,21.687816895356505
SUIUSDT,2025-07-11,B+,TREND,84,25.428132750679122
SUIUSDT,2025-07-14,B+,TREND,91,9.225547670472078
SUIUSDT,2025-07-27,B+,TREND,80,2.7184466019417597
SUIUSDT,2025-08-08,B+,TREND,88,8.91968635215048
SUIUSDT,2025-08-09,B+,TREND,77,7.273706896551713
SUIUSDT,2025-08-10,B+,TREND,72,7.888217990400981
SUIUSDT,2025-09-18,B+,TREND,86,0.6942837306179062
SUIUSDT,2025-10-02,B+,TREND,89,3.4319328668209304
SUIUSDT,2025-10-05,B+,TREND,68,4.076079333464233
SUIUSDT,2025-11-25,B+,TREND,84,14.549756971092332
SUIUSDT,2025-12-03,B+,TREND,87,2.248387669368679
SUIUSDT,2025-12-28,B+,TREND,78,39.9419328079635
SUNUSDT,2025-01-22,B-,NINJA,66,1.610017889087656
SUNUSDT,2025-01-30,B-,NINJA,55,2.604920405209854
SUNUSDT,2025-02-04,B-,NINJA,49,12.817679558011053
SUNUSDT,2025-02-11,B-,NINJA,75,2.3219814241486114
SUNUSDT,2025-02-13,B-,NINJA,52,2.1477213200628675
SUNUSDT,2025-02-15,B-,NINJA,50,2.739726027397249
SUNUSDT,2025-02-16,B-,NINJA,59,0.5699481865284906
SUNUSDT,2025-02-17,B-,NINJA,63,3.1349628055260315
SUNUSDT,2025-02-19,B-,NINJA,60,3.3546325878594185
SUNUSDT,2025-02-21,B-,NINJA,76,3.84407146724417
SUNUSDT,2025-03-01,B-,NINJA,66,4.770114942528747
SUNUSDT,2025-03-03,B-,NINJA,58,6.801909307875897
SUNUSDT,2025-03-06,B-,NINJA,71,2.7027027027027195
SUNUSDT,2025-03-13,B-,NINJA,55,21.016738995660255
SUNUSDT,2025-03-14,B-,NINJA,57,21.24223602484472
SUNUSDT,2025-03-19,B-,NINJA,72,3.1755542240862855
SUNUSDT,2025-03-21,B-,NINJA,41,2.0408163265306145
SUNUSDT,2025-03-22,B-,NINJA,53,2.4096385542168752
SUNUSDT,2025-03-23,B-,NINJA,50,3.306797305572551
SUNUSDT,2025-03-25,B-,NINJA,52,3.1173594132029248
SUNUSDT,2025-03-26,B-,NINJA,74,1.9335347432024141
SUNUSDT,2025-03-29,B-,NINJA,54,3.2635467980295596
SUNUSDT,2025-04-05,B-,NINJA,62,5.365853658536568
SUNUSDT,2025-04-08,B-,NINJA,47,11.411992263056092
SUNUSDT,2025-04-16,B-,NINJA,47,7.586618876941453
SUNUSDT,2025-04-18,B-,NINJA,39,12.378048780487783
SUNUSDT,2025-04-20,B-,NINJA,66,9.506833036244778
SUNUSDT,2025-04-25,B-,NINJA,43,7.840842598010522
SUNUSDT,2025-04-27,B-,NINJA,67,2.8781038374717793
SUNUSDT,2025-04-29,B-,NINJA,53,10.358565737051805
SUNUSDT,2025-05-01,B-,NINJA,42,11.098527746319364
SUNUSDT,2025-05-03,B-,NINJA,58,13.501400560224086
SUNUSDT,2025-05-16,B-,NINJA,47,2.8806584362139898
SUNUSDT,2025-05-18,B-,NINJA,44,3.680663556246744
SUNUSDT,2025-05-20,B-,NINJA,56,4.876769795490299
SUNUSDT,2025-05-26,B-,NINJA,74,2.261048304213764
SUNUSDT,2025-05-28,B-,NINJA,74,2.261048304213764
SUNUSDT,2025-06-02,B-,NINJA,47,5.652403592181732
SUNUSDT,2025-06-03,B-,NINJA,49,5.932203389830515
SUNUSDT,2025-06-11,B-,NINJA,58,0.20876826722338038
SUNUSDT,2025-06-19,B-,NINJA,44,0.22831050228309113
SUNUSDT,2025-06-20,B-,NINJA,39,1.0422698320787571
SUNUSDT,2025-06-24,B-,NINJA,60,5.675029868578263
SUNUSDT,2025-06-25,B-,NINJA,53,6.888217522658624
SUNUSDT,2025-06-28,B-,NINJA,43,7.407407407407418
SUNUSDT,2025-07-06,B-,NINJA,37,10.370799536500574
SUNUSDT,2025-07-07,B-,NINJA,57,10.892236384704512
SUNUSDT,2025-07-11,B-,TREND,85,7.797164667393686
SUNUSDT,2025-07-23,B-,NINJA,42,28.772309356408886
SUNUSDT,2025-07-30,B-,NINJA,76,4.630903255387442
SUNUSDT,2025-08-02,B-,NINJA,42,9.852451213707747
SUNUSDT,2025-08-10,B-,NINJA,44,15.311653116531176
SUNUSDT,2025-08-11,B-,NINJA,56,14.381720430107524
SUNUSDT,2025-08-17,B-,NINJA,49,6.061872909698995
SUNUSDT,2025-08-27,B-,NINJA,60,0.4158004158004269
SUNUSDT,2025-08-31,B-,NINJA,52,-0.04416961130742081
SUNUSDT,2025-09-13,B-,NINJA,69,110.52631578947367
SUNUSDT,2025-09-15,B-,NINJA,38,115.36955457660301
SUNUSDT,2025-09-18,B-,NINJA,70,80.32786885245899
SUNUSDT,2025-09-19,B-,NINJA,66,83.48623853211008
SUNUSDT,2025-09-25,B-,NINJA,28,11.509358821186776
SUNUSDT,2025-09-28,B-,NINJA,55,5.882352941176472
SUNUSDT,2025-10-02,B-,NINJA,56,9.626719056974453
SUNUSDT,2025-10-09,B-,NINJA,70,0.9385999217833341
SUNUSDT,2025-10-13,B-,NINJA,74,0.0801924619085792
SUNUSDT,2025-10-15,B-,NINJA,54,1.5100671140939603
SUNUSDT,2025-10-16,B-,NINJA,33,1.195049082373023
SUNUSDT,2025-10-20,B-,NINJA,65,1.9346517626827042
SUNUSDT,2025-11-02,B-,NINJA,53,3.4977578475336335
SUNUSDT,2025-11-11,B-,NINJA,46,0.5800981704596309
SUNUSDT,2025-11-14,B-,NINJA,46,0.49482681061627787
SUNUSDT,2025-11-15,B-,NINJA,57,0.6762849413886496
SUNUSDT,2025-11-16,B-,NINJA,38,0.8612873980054392
SUNUSDT,2025-11-19,B-,NINJA,59,0.1367989056087593
SUNUSDT,2025-11-24,B-,NINJA,39,2.615311459819303
SUNUSDT,2025-11-28,B-,NINJA,63,3.113207547169816
SUNUSDT,2025-12-03,B-,NINJA,49,6.790425012213008
SUNUSDT,2025-12-12,B-,NINJA,52,1.078960274644447
SUNUSDT,2025-12-15,B-,NINJA,47,1.2776412776412727
SUNUSDT,2025-12-17,B-,NINJA,59,1.6272189349112454
SUNUSDT,2025-12-28,B-,NINJA,55,6.27268014515292
SUSDT,2025-02-18,B+,TREND,78,65.77361018084396
SUSDT,2025-02-20,B+,TREND,84,14.25274091171378
SUSDT,2025-02-21,B+,TREND,83,7.525749063670406
SUSDT,2025-03-14,B+,TREND,80,17.459715639810437
SUSDT,2025-03-15,B+,TREND,75,15.051808762043262
SUSDT,2025-03-24,B+,TREND,95,6.618632707774785
SUSDT,2025-04-12,B+,TREND,71,0.6461421512732768
SUSDT,2025-04-23,B+,TREND,88,18.144531249999996
SUSDT,2025-04-26,B+,TREND,67,11.977045538689367
SUSDT,2025-05-02,B+,TREND,80,7.870210562651003
SUSDT,2025-05-09,B+,TREND,78,6.184165817193343
SUSDT,2025-06-10,B+,TREND,81,0.5920078934385842
SUSDT,2025-06-24,B+,TREND,94,0.9957325746799528
SUSDT,2025-07-03,B+,TREND,83,14.617239300783623
SUSDT,2025-07-11,B+,TREND,93,16.685236768802227
SUSDT,2025-08-10,B+,TREND,69,8.836760925449871
SUSDT,2025-08-17,B+,TREND,87,8.757575757575742
SUSDT,2025-08-23,B+,TREND,69,4.941520467836247
SUSDT,2025-10-02,B+,TREND,82,11.314655172413811
SUSHIUSDT,2025-01-12,B-,NINJA,57,21.79042331714087
SUSHIUSDT,2025-01-22,B-,NINJA,60,4.315476190476186
SUSHIUSDT,2025-01-24,B-,NINJA,55,3.5768645357686424
SUSHIUSDT,2025-02-19,B-,NINJA,63,9.080590238365494
SUSHIUSDT,2025-02-21,B-,NINJA,75,3.876852907639683
SUSHIUSDT,2025-02-23,B-,NINJA,57,1.9340159271899804
SUSHIUSDT,2025-03-22,B-,NINJA,67,8.61812778603268
SUSHIUSDT,2025-03-23,B-,NINJA,62,9.92481203007518
SUSHIUSDT,2025-04-01,B-,NINJA,64,1.4851485148514865
SUSHIUSDT,2025-04-17,B-,NINJA,48,32.10332103321032
SUSHIUSDT,2025-04-23,B-,TREND,94,6.074074074074054
SUSHIUSDT,2025-05-29,B-,NINJA,74,0.8310249307479145
SUSHIUSDT,2025-06-30,B-,NINJA,78,20.46589018302829
SUSHIUSDT,2025-07-06,B-,NINJA,63,30.363036303630373
SUSHIUSDT,2025-07-07,B-,NINJA,74,31.8864774624374
SUSHIUSDT,2025-08-14,B-,NINJA,82,8.169856459330148
SUSHIUSDT,2025-08-16,B-,NINJA,51,8.169856459330148
SUSHIUSDT,2025-08-17,B-,NINJA,60,8.951807228915666
SUSHIUSDT,2025-08-21,B-,NINJA,60,18.736869747899142
SUSHIUSDT,2025-08-27,B-,NINJA,58,4.084507042253516
SUSHIUSDT,2025-08-28,B-,NINJA,70,0.38281057051123835
SUSHIUSDT,2025-08-29,B-,NINJA,60,6.14420898307344
SUSHIUSDT,2025-08-31,B-,NINJA,67,8.170795993674208
SUSHIUSDT,2025-09-02,B-,NINJA,61,11.981082501313733
SUSHIUSDT,2025-09-07,B-,NINJA,66,15.563221440891596
SUSHIUSDT,2025-09-15,B-,NINJA,51,7.7901843676967175
SUSHIUSDT,2025-09-17,B-,NINJA,59,2.4432379072063304
SUSHIUSDT,2025-09-21,B-,NINJA,48,0.6217753671120541
SUSHIUSDT,2025-10-30,B-,NINJA,54,7.6843627349721055
SUSHIUSDT,2025-11-02,B-,NINJA,74,24.975398543593784
SUSHIUSDT,2025-12-12,B-,NINJA,49,3.1289111389236623
SUSHIUSDT,2025-12-14,B-,NINJA,55,3.7735849056603765
SUSHIUSDT,2025-12-17,B-,NINJA,54,8.646748681898075
SUSHIUSDT,2025-12-25,B-,NINJA,57,23.441926345609087
SYNUSDT,2025-04-24,C+,TREND,84,25.36327608982827
SYRUPUSDT,2025-06-11,B+,TREND,79,11.76470588235292
SYRUPUSDT,2025-06-16,B+,TREND,77,25.71155682903534
SYRUPUSDT,2025-06-24,B+,TREND,91,16.87089326940152
SYRUPUSDT,2025-08-07,B+,TREND,78,6.7681217460953125
SYRUPUSDT,2025-08-08,B+,TREND,68,7.262120297726815
SYRUPUSDT,2025-10-02,B+,TREND,77,6.418422341989216
SYRUPUSDT,2025-10-14,B+,TREND,94,2.6519337016574607
SYRUPUSDT,2025-10-15,B+,TREND,79,1.9485038274182465
SYRUPUSDT,2025-11-01,B+,TREND,85,10.433070866141737
SYRUPUSDT,2025-12-20,B+,TREND,81,10.827437711473387
SYRUPUSDT,2025-12-21,B+,TREND,80,2.600404507367804
SYRUPUSDT,2025-12-26,B+,TREND,74,12.205882352941178
TAIKOUSDT,2025-07-26,B-,NINJA,64,7.5079239302694
TAIKOUSDT,2025-07-31,B-,NINJA,36,22.009792492422477
TAIKOUSDT,2025-08-11,B-,NINJA,44,13.85751520417029
TAIKOUSDT,2025-08-14,B-,NINJA,58,2.946998020672975
TAIKOUSDT,2025-08-17,B-,NINJA,70,0.021630975556985454
TAIKOUSDT,2025-08-31,B-,NINJA,63,7.4969474969474925
TAIKOUSDT,2025-09-02,B-,NINJA,53,10.796851942941466
TAIKOUSDT,2025-09-03,B-,NINJA,72,14.316966456003888
TAIKOUSDT,2025-09-06,B-,NINJA,61,18.284708249496973
TAIKOUSDT,2025-09-07,B-,NINJA,73,17.457542457542452
TAIKOUSDT,2025-09-13,B-,NINJA,66,-0.04501462975466941
TAIKOUSDT,2025-09-18,B-,NINJA,84,0.44684854186263223
TAIKOUSDT,2025-09-21,B-,NINJA,63,0.33906514894648243
TAIKOUSDT,2025-09-27,B-,NINJA,56,8.496176720475779
TAIKOUSDT,2025-09-29,B-,NINJA,60,9.425878320479853
TAIKOUSDT,2025-10-07,B-,NINJA,54,2.6875699888017968
TAIKOUSDT,2025-10-09,B-,NINJA,41,1.1350737797956922
TAIKOUSDT,2025-10-10,B-,NINJA,48,10.316319194823876
TAIKOUSDT,2025-10-15,B-,NINJA,48,4.058500914076779
TAIKOUSDT,2025-10-20,B-,NINJA,68,5.490344566452099
TAIKOUSDT,2025-10-24,B-,NINJA,65,6.661562021439527
TAIKOUSDT,2025-10-30,B-,NINJA,53,8.980276961812827
TAIKOUSDT,2025-11-01,B-,NINJA,68,4.213483146067398
TAIKOUSDT,2025-11-06,B-,NINJA,54,15.8671586715867
TAIKOUSDT,2025-11-15,B-,NINJA,44,2.7302174919018984
TAIKOUSDT,2025-11-16,B-,NINJA,43,4.048964218455753
TAIKOUSDT,2025-11-17,B-,NINJA,51,3.130929791271364
TAIKOUSDT,2025-11-19,B-,NINJA,46,5.704365079365092
TAIKOUSDT,2025-11-23,B-,NINJA,52,10.386221294363263
TAIKOUSDT,2025-11-24,B-,NINJA,61,7.1971616827166685
TAIKOUSDT,2025-12-08,B-,NINJA,49,5.4182009468700665
TAIKOUSDT,2025-12-09,B-,NINJA,57,1.7921146953405076
TAIKOUSDT,2025-12-10,B-,NINJA,68,0.15511892450881248
TAIKOUSDT,2025-12-12,B-,NINJA,38,0.872410032715365
TAIKOUSDT,2025-12-13,B-,NINJA,42,0.2714440825190012
TAIKOUSDT,2025-12-14,B-,NINJA,44,1.5245623941275932
TAIKOUSDT,2025-12-25,B-,NINJA,57,10.926949048496027
TAOUSDT,2025-02-20,B-,TREND,95,6.310367031551833
TAOUSDT,2025-04-20,B-,TREND,92,23.454833597464344
TAUSDT,2025-08-30,C-,TREND,87,149.08325234855852
THETAUSDT,2025-01-11,B-,NINJA,56,17.53246753246751
THETAUSDT,2025-01-12,B-,NINJA,61,20.094786729857827
THETAUSDT,2025-02-21,B-,NINJA,75,3.4142640364188015
THETAUSDT,2025-03-23,B-,NINJA,60,11.860718171925999
THETAUSDT,2025-04-29,B-,NINJA,78,20.61170212765957
THETAUSDT,2025-05-01,B-,NINJA,63,43.38624338624339
THETAUSDT,2025-05-06,B-,NINJA,67,54.41595441595444
THETAUSDT,2025-05-07,B-,NINJA,79,50.76495132127956
THETAUSDT,2025-05-09,B-,TREND,98,20.17738359201775
THETAUSDT,2025-05-29,B-,NINJA,61,0.6075334143377908
THETAUSDT,2025-06-16,B-,NINJA,60,1.9886363636363757
THETAUSDT,2025-06-19,B-,NINJA,58,5.873715124816425
THETAUSDT,2025-07-07,B-,NINJA,74,28.425655976676367
THETAUSDT,2025-07-31,B-,NINJA,47,11.99494949494948
THETAUSDT,2025-08-11,B-,NINJA,78,11.658653846153854
THETAUSDT,2025-08-14,B-,NINJA,78,5.042016806722693
THETAUSDT,2025-08-16,B-,NINJA,53,2.941176470588247
THETAUSDT,2025-08-17,B-,NINJA,57,4.665071770334928
THETAUSDT,2025-08-21,B-,NINJA,56,12.467866323907462
THETAUSDT,2025-08-25,B-,NINJA,67,9.055118110236204
THETAUSDT,2025-08-27,B-,NINJA,59,5.189873417721502
THETAUSDT,2025-08-29,B-,NINJA,63,4.749679075738111
THETAUSDT,2025-08-31,B-,NINJA,66,8.194622279129305
THETAUSDT,2025-09-06,B-,NINJA,68,13.659793814432986
THETAUSDT,2025-10-30,B-,NINJA,53,12.00828157349898
THETAUSDT,2025-11-02,B-,NINJA,66,8.416833667334679
THETAUSDT,2025-12-07,B-,NINJA,67,11.818181818181817
THETAUSDT,2025-12-10,B-,NINJA,74,5.1724137931034475
THETAUSDT,2025-12-12,B-,NINJA,59,4.651162790697683
THETAUSDT,2025-12-14,B-,NINJA,58,3.273809523809512
THEUSDT,2025-05-09,B-,TREND,87,13.518830803822368
TONUSDT,2025-01-11,B+,NINJA,76,4.796296296296276
TONUSDT,2025-01-21,B+,NINJA,53,3.0355427473583108
TONUSDT,2025-01-26,B+,NINJA,44,2.1095334685598433
TONUSDT,2025-01-28,B+,NINJA,48,3.407190635451518
TONUSDT,2025-01-30,B+,NINJA,53,2.592285358772295
TONUSDT,2025-02-09,B+,NINJA,60,2.440304382051961
TONUSDT,2025-02-13,B+,NINJA,55,4.849137931034475
TONUSDT,2025-02-19,B+,NINJA,33,7.555680857062308
TONUSDT,2025-02-21,B+,NINJA,56,7.012622720897621
TONUSDT,2025-02-26,B+,NINJA,54,2.3421879463010553
TONUSDT,2025-03-01,B+,NINJA,38,7.856712823600254
TONUSDT,2025-03-03,B+,NINJA,50,5.027750571335288
TONUSDT,2025-03-05,B+,NINJA,43,19.947246950214303
TONUSDT,2025-03-15,B+,TREND,94,9.1796875
TONUSDT,2025-03-16,B+,TREND,78,13.749999999999996
TONUSDT,2025-03-19,B+,TREND,68,11.86765108012031
TONUSDT,2025-03-21,B+,NINJA,57,16.16950097574574
TONUSDT,2025-03-23,B+,NINJA,56,14.336139017105642
TONUSDT,2025-03-27,B+,TREND,86,4.0009878982464775
TONUSDT,2025-03-28,B+,NINJA,71,10.96179183135706
TONUSDT,2025-04-01,B+,TREND,91,0.9608277900960749
TONUSDT,2025-04-10,B+,NINJA,45,5.728987993138923
TONUSDT,2025-04-13,B+,NINJA,49,14.351687388987555
TONUSDT,2025-04-15,B+,NINJA,56,14.845938375350132
TONUSDT,2025-04-21,B+,NINJA,58,17.09254143646408
TONUSDT,2025-04-25,B+,TREND,87,5.968749999999989
TONUSDT,2025-05-02,B+,NINJA,57,13.21766561514195
TONUSDT,2025-05-03,B+,NINJA,38,16.33711507293354
TONUSDT,2025-05-07,B+,NINJA,63,19.077637690776395
TONUSDT,2025-05-09,B+,TREND,91,9.320743222662209
TONUSDT,2025-05-10,B+,TREND,89,2.134319863403533
TONUSDT,2025-05-11,B+,TREND,79,5.1890941072999075
TONUSDT,2025-05-14,B+,NINJA,49,1.2326656394453073
TONUSDT,2025-05-25,B+,NINJA,46,23.513694054776213
TONUSDT,2025-05-26,B+,NINJA,44,24.553721791849114
TONUSDT,2025-05-27,B+,NINJA,44,22.93882978723405
TONUSDT,2025-05-28,B+,NINJA,66,4.481203007518797
TONUSDT,2025-06-01,B+,NINJA,65,6.493099121706392
TONUSDT,2025-06-02,B+,NINJA,71,5.565920398009938
TONUSDT,2025-06-03,B+,NINJA,70,6.693903205531115
TONUSDT,2025-06-05,B+,NINJA,44,11.972295514511867
TONUSDT,2025-06-10,B+,TREND,82,0.08960573476701761
TONUSDT,2025-06-16,B+,NINJA,49,2.023608768971341
TONUSDT,2025-06-20,B+,NINJA,55,1.1235955056179803
TONUSDT,2025-06-28,B+,NINJA,58,8.345021037868161
TONUSDT,2025-07-03,B+,NINJA,72,8.383023500526132
TONUSDT,2025-07-09,B+,NINJA,73,18.194640338504932
TONUSDT,2025-07-14,B+,TREND,67,18.809917355371898
TONUSDT,2025-07-16,B+,TREND,87,13.806206459784676
TONUSDT,2025-07-21,B+,TREND,82,10.984050556725865
TONUSDT,2025-07-26,B+,NINJA,70,13.674954517889626
TONUSDT,2025-07-30,B+,TREND,75,10.070463887257786
TONUSDT,2025-08-07,B+,NINJA,59,8.876270173341293
TONUSDT,2025-08-08,B+,NINJA,66,9.235382308845574
TONUSDT,2025-08-11,B+,NINJA,74,8.261515601783053
TONUSDT,2025-08-14,B+,NINJA,79,3.752565230137783
TONUSDT,2025-08-16,B+,NINJA,70,2.2832369942196618
TONUSDT,2025-08-21,B+,NINJA,65,3.831070889894428
TONUSDT,2025-08-27,B+,NINJA,46,4.68302007008603
TONUSDT,2025-08-30,B+,NINJA,48,2.4304445155100662
TONUSDT,2025-08-31,B+,NINJA,61,1.2006319115323905
TONUSDT,2025-09-07,B+,NINJA,50,5.559146735617326
TONUSDT,2025-09-08,B+,NINJA,56,5.525040387722124
TONUSDT,2025-09-15,B+,NINJA,47,1.3941698352344822
TONUSDT,2025-09-16,B+,NINJA,38,1.3941698352344822
TONUSDT,2025-09-18,B+,NINJA,55,1.2978790756568603
TONUSDT,2025-09-19,B+,NINJA,58,0.2574002574002643
TONUSDT,2025-09-29,B+,NINJA,50,7.449962935507792
TONUSDT,2025-10-02,B+,TREND,91,1.9338959212376938
TONUSDT,2025-10-07,B+,NINJA,46,1.2713403559752923
TONUSDT,2025-10-09,B+,NINJA,46,0.5474452554744325
TONUSDT,2025-10-18,B+,NINJA,40,7.7530176415970375
TONUSDT,2025-10-19,B+,NINJA,65,5.2488687782805465
TONUSDT,2025-10-24,B+,NINJA,51,8.998615597600379
TONUSDT,2025-10-25,B+,NINJA,55,9.962756052141518
TONUSDT,2025-10-27,B+,TREND,76,5.682326621923939
TONUSDT,2025-11-07,B+,NINJA,65,3.5389765662362516
TONUSDT,2025-11-08,B+,TREND,74,3.390639923591232
TONUSDT,2025-11-19,B+,NINJA,46,0.9832272990167645
TONUSDT,2025-12-07,B+,NINJA,71,5.507425742574257
TONUSDT,2025-12-08,B+,NINJA,82,5.311920938851156
TONUSDT,2025-12-12,B+,NINJA,55,1.6770186335403725
TONUSDT,2025-12-13,B+,NINJA,57,1.1742892459826848
TONUSDT,2025-12-14,B+,NINJA,47,2.3932729624838167
TONUSDT,2025-12-17,B+,NINJA,46,11.005434782608692
TONUSDT,2025-12-20,B+,NINJA,54,13.776881720430122
TONUSDT,2025-12-25,B+,NINJA,74,28.000000000000004
TONUSDT,2025-12-27,B+,TREND,91,20.147874306839174
TONUSDT,2025-12-28,B+,TREND,89,17.96733212341197
TRBUSDT,2025-05-09,C+,TREND,98,8.913963328631858
TRUMPUSDT,2025-05-09,B,TREND,86,7.2880168185003535
TRUMPUSDT,2025-07-10,B,TREND,96,11.530612244897952
TRUTHUSDT,2025-11-08,B,TREND,86,32.249803494003395
TRUUSDT,2025-04-23,C+,TREND,89,13.705583756345185
TRXUSDT,2025-01-21,B-,NINJA,54,6.781045751634007
TRXUSDT,2025-01-28,B-,NINJA,44,7.544810337640695
TRXUSDT,2025-02-05,B-,NINJA,53,11.95505617977528
TRXUSDT,2025-02-15,B-,NINJA,53,5.515789473684207
TRXUSDT,2025-02-21,B-,NINJA,77,4.6658259773013855
TRXUSDT,2025-02-24,B-,NINJA,68,3.082049146189081
TRXUSDT,2025-03-03,B-,NINJA,75,8.520761245674757
TRXUSDT,2025-03-14,B-,NINJA,48,9.577338129496415
TRXUSDT,2025-03-23,B-,NINJA,56,4.434782608695653
TRXUSDT,2025-03-26,B-,NINJA,45,4.494382022471899
TRXUSDT,2025-03-29,B-,NINJA,73,4.3140638481449445
TRXUSDT,2025-04-02,B-,NINJA,58,7.048269970098242
TRXUSDT,2025-04-08,B-,NINJA,55,12.619254119687762
TRXUSDT,2025-04-16,B-,NINJA,41,2.2617124394184174
TRXUSDT,2025-04-18,B-,NINJA,33,6.088407005838192
TRXUSDT,2025-04-20,B-,NINJA,51,4.347826086956541
TRXUSDT,2025-04-27,B-,NINJA,51,2.0782396088019572
TRXUSDT,2025-04-29,B-,NINJA,51,9.14684167350288
TRXUSDT,2025-05-01,B-,NINJA,55,9.807928075194106
TRXUSDT,2025-05-03,B-,NINJA,71,14.047231270358296
TRXUSDT,2025-05-16,B-,NINJA,52,3.8277511961722466
TRXUSDT,2025-05-18,B-,NINJA,37,5.300485255692422
TRXUSDT,2025-05-20,B-,NINJA,51,4.8309178743961345
TRXUSDT,2025-05-24,B-,NINJA,48,3.4776174620791744
TRXUSDT,2025-05-26,B-,NINJA,64,4.125593282219797
TRXUSDT,2025-05-28,B-,NINJA,75,4.821037253469673
TRXUSDT,2025-06-02,B-,NINJA,60,9.59821428571428
TRXUSDT,2025-06-03,B-,NINJA,60,9.030347890451518
TRXUSDT,2025-06-15,B-,NINJA,54,7.813070463672878
TRXUSDT,2025-06-16,B-,NINJA,55,2.0430499817584824
TRXUSDT,2025-06-19,B-,NINJA,52,0.7641921397379958
TRXUSDT,2025-06-20,B-,NINJA,56,3.1227038941954444
TRXUSDT,2025-07-04,B-,NINJA,65,8.52493809692254
TRXUSDT,2025-07-23,B-,NINJA,47,13.408723747980611
TRXUSDT,2025-08-01,B-,NINJA,44,6.957328385899797
TRXUSDT,2025-08-02,B-,NINJA,38,9.872710338404222
TRXUSDT,2025-08-17,B-,NINJA,33,4.329371816638372
TRXUSDT,2025-08-18,B-,NINJA,29,5.2526405937767695
TRXUSDT,2025-08-19,B-,NINJA,33,6.039689387402936
TRXUSDT,2025-08-27,B-,NINJA,47,1.3619240799768173
TRXUSDT,2025-08-31,B-,NINJA,65,0.2932551319648091
TRXUSDT,2025-09-04,B-,NINJA,44,6.007172743574429
TRXUSDT,2025-09-15,B-,NINJA,44,2.2621809744779675
TRXUSDT,2025-09-16,B-,NINJA,30,3.009056383289521
TRXUSDT,2025-09-19,B-,NINJA,59,1.3092813500145573
TRXUSDT,2025-09-23,B-,NINJA,36,2.94642857142855
TRXUSDT,2025-09-27,B-,NINJA,69,3.178847296494358
TRXUSDT,2025-09-30,B-,NINJA,61,4.10671462829737
TRXUSDT,2025-10-07,B-,NINJA,58,1.3909440662918104
TRXUSDT,2025-10-09,B-,NINJA,44,0.08904719501336977
TRXUSDT,2025-10-10,B-,NINJA,36,1.1856474258970184
TRXUSDT,2025-10-13,B-,NINJA,50,0.8057018903005808
TRXUSDT,2025-10-16,B-,NINJA,58,2.943037974683538
TRXUSDT,2025-10-18,B-,NINJA,41,3.9297124600638833
TRXUSDT,2025-10-27,B-,NINJA,44,0.5028494803888783
TRXUSDT,2025-10-30,B-,NINJA,45,2.051282051282044
TRXUSDT,2025-11-05,B-,NINJA,51,4.257528556593981
TRXUSDT,2025-11-06,B-,NINJA,50,6.0936949630151505
TRXUSDT,2025-11-15,B-,NINJA,56,1.5264586160108617
TRXUSDT,2025-11-16,B-,NINJA,60,1.3337893296853753
TRXUSDT,2025-11-19,B-,NINJA,34,0.45311955385152203
TRXUSDT,2025-11-20,B-,NINJA,34,0.9982174688056844
TRXUSDT,2025-11-24,B-,NINJA,37,4.148471615720539
TRXUSDT,2025-12-08,B-,NINJA,41,0.746268656716409
TRXUSDT,2025-12-10,B-,NINJA,40,0.92823991431632
TRXUSDT,2025-12-12,B-,NINJA,41,5.626598465473154
TRXUSDT,2025-12-24,B-,NINJA,34,5.458437388512305
TRXUSDT,2025-12-26,B-,NINJA,43,5.831842576028623
TUSDT,2025-01-09,B-,NINJA,71,11.44986449864498
TUSDT,2025-01-14,B-,NINJA,56,4.984530766586448
TUSDT,2025-01-22,B-,NINJA,48,4.153726708074523
TUSDT,2025-01-26,B-,NINJA,56,1.5336217066456825
TUSDT,2025-01-28,B-,NINJA,34,10.15358361774743
TUSDT,2025-01-30,B-,NINJA,66,2.6232114467408696
TUSDT,2025-02-04,B-,NINJA,55,1.8058690744920947
TUSDT,2025-02-05,B-,NINJA,47,1.788990825688086
TUSDT,2025-02-09,B-,NINJA,59,7.574304889741135
TUSDT,2025-02-11,B-,NINJA,62,7.4198180947822046
TUSDT,2025-02-13,B-,NINJA,61,6.099290780141864
TUSDT,2025-02-15,B-,NINJA,54,9.143968871595343
TUSDT,2025-02-17,B-,NINJA,70,6.3597532036070215
TUSDT,2025-02-27,B-,NINJA,60,6.193353474320262
TUSDT,2025-03-03,B-,NINJA,50,2.394209354120269
TUSDT,2025-03-06,B-,NINJA,51,3.3726812816188945
TUSDT,2025-03-13,B-,NINJA,62,37.0716510903427
TUSDT,2025-03-18,B-,NINJA,62,0.0
TUSDT,2025-03-19,B-,NINJA,71,0.4595060310166543
TUSDT,2025-03-22,B-,NINJA,46,6.776556776556775
TUSDT,2025-03-23,B-,NINJA,39,7.300613496932518
TUSDT,2025-03-24,B-,NINJA,61,4.045211183819153
TUSDT,2025-04-01,B-,NINJA,52,1.10317975340688
TUSDT,2025-04-05,B-,NINJA,52,4.513888888888884
TUSDT,2025-04-08,B-,NINJA,43,99.60317460317458
TUSDT,2025-04-15,B-,NINJA,60,75.87412587412585
TUSDT,2025-04-21,B-,NINJA,38,24.409448818897637
TUSDT,2025-04-22,B-,NINJA,30,26.689576174112272
TUSDT,2025-04-23,B-,NINJA,39,28.529924462521805
TUSDT,2025-04-25,B-,NINJA,72,1.1322696860525117
TUSDT,2025-04-29,B-,NINJA,41,9.80957876514712
TUSDT,2025-04-30,B-,NINJA,43,10.821529745042513
TUSDT,2025-05-06,B-,NINJA,49,18.5006045949214
TUSDT,2025-05-14,B-,NINJA,62,3.04347826086957
TUSDT,2025-05-16,B-,NINJA,37,8.280982295830963
TUSDT,2025-05-20,B-,NINJA,65,9.468822170900705
TUSDT,2025-05-23,B-,NINJA,70,3.1810294968189767
TUSDT,2025-05-26,B-,NINJA,54,3.480278422273808
TUSDT,2025-05-27,B-,NINJA,64,1.710376282782211
TUSDT,2025-05-28,B-,NINJA,68,1.1554015020219577
TUSDT,2025-06-03,B-,NINJA,55,8.641160949868066
TUSDT,2025-06-04,B-,NINJA,74,4.370179948586128
TUSDT,2025-06-07,B-,NINJA,44,26.65303340149965
TUSDT,2025-06-08,B-,NINJA,45,28.04962095106822
TUSDT,2025-06-15,B-,NINJA,66,18.505123568414717
TUSDT,2025-06-19,B-,NINJA,56,21.059113300492616
TUSDT,2025-06-20,B-,NINJA,76,15.85150265173838
TUSDT,2025-06-24,B-,NINJA,52,13.44489324870166
TUSDT,2025-06-27,B-,NINJA,63,-0.05558643690939391
TUSDT,2025-06-29,B-,NINJA,43,-0.05599104143336753
TUSDT,2025-06-30,B-,NINJA,44,0.11813349084464075
TUSDT,2025-07-03,B-,NINJA,52,11.524163568773215
TUSDT,2025-07-04,B-,NINJA,40,16.279069767441847
TUSDT,2025-07-05,B-,NINJA,39,15.7556270096463
TUSDT,2025-07-07,B-,NINJA,57,15.904700579523489
TUSDT,2025-07-26,B-,NINJA,50,17.509948834565094
TUSDT,2025-07-27,B-,NINJA,68,0.846560846560851
TUSDT,2025-07-31,B-,NINJA,53,6.556408741878328
TUSDT,2025-08-04,B-,NINJA,62,7.438016528925617
TUSDT,2025-08-05,B-,NINJA,64,11.383108935128528
TUSDT,2025-08-11,B-,NINJA,63,8.01186943620178
TUSDT,2025-08-14,B-,NINJA,75,5.106382978723412
TUSDT,2025-08-16,B-,NINJA,65,2.589758681577403
TUSDT,2025-08-17,B-,NINJA,71,3.5650623885918
TUSDT,2025-08-21,B-,NINJA,46,9.484924623115587
TUSDT,2025-08-25,B-,NINJA,55,6.24203821656053
TUSDT,2025-08-27,B-,NINJA,46,3.153988868274582
TUSDT,2025-08-28,B-,NINJA,62,0.42219541616406175
TUSDT,2025-08-31,B-,NINJA,67,4.101926662523314
TUSDT,2025-09-02,B-,NINJA,63,4.218362282878418
TUSDT,2025-09-05,B-,NINJA,61,8.1351689612015
TUSDT,2025-09-06,B-,NINJA,67,9.159823120656974
TUSDT,2025-09-14,B-,NINJA,51,5.518896220755853
TUSDT,2025-10-07,B-,NINJA,43,4.915824915824918
TUSDT,2025-10-09,B-,NINJA,80,0.8441558441558472
TUSDT,2025-10-10,B-,NINJA,56,13.932399010717234
TUSDT,2025-10-19,B-,NINJA,56,7.5990299110751724
TUSDT,2025-10-22,B-,NINJA,65,5.34290271132376
TUSDT,2025-11-01,B-,NINJA,70,20.922832140015913
TUSDT,2025-11-03,B-,NINJA,58,15.313807531380764
TUSDT,2025-11-05,B-,NINJA,55,13.696369636963702
TUSDT,2025-11-06,B-,NINJA,64,15.217391304347828
TUSDT,2025-11-07,B-,NINJA,67,5.918524212144494
TUSDT,2025-11-11,B-,NINJA,71,4.2707493956486875
TUSDT,2025-11-15,B-,NINJA,44,0.9282700421940904
TUSDT,2025-11-16,B-,NINJA,49,1.9624573378839605
TUSDT,2025-11-17,B-,NINJA,50,2.138579982891353
TUSDT,2025-11-19,B-,NINJA,54,1.3582342954159499
TUSDT,2025-11-20,B-,NINJA,52,3.214596003475245
TUSDT,2025-11-22,B-,NINJA,37,3.6091549295774517
TUSDT,2025-11-23,B-,NINJA,56,3.4270650263620306
TUSDT,2025-11-30,B-,NINJA,36,2.86481647269472
TUSDT,2025-12-07,B-,NINJA,59,6.347746090156403
TUSDT,2025-12-08,B-,NINJA,61,5.474452554744547
TUSDT,2025-12-09,B-,NINJA,62,3.4914950760966956
TUSDT,2025-12-10,B-,NINJA,72,5.378304466727446
TUSDT,2025-12-12,B-,NINJA,49,1.2183692596063667
TUSDT,2025-12-24,B-,NINJA,40,26.08200455580867
TUSDT,2025-12-25,B-,NINJA,41,29.929577464788725
TUSDT,2025-12-28,B-,NINJA,71,20.556745182012847
TUTUSDT,2025-06-23,C+,TREND,93,46.13354982748121
TWTUSDT,2025-01-09,B+,NINJA,35,11.501199893342818
TWTUSDT,2025-01-11,B+,NINJA,49,8.352046985662454
TWTUSDT,2025-01-12,B+,NINJA,54,8.99218071242398
TWTUSDT,2025-01-15,B+,TREND,89,2.4583469454426687
TWTUSDT,2025-01-19,B+,NINJA,38,6.850295117152561
TWTUSDT,2025-01-20,B+,NINJA,38,1.801720235400639
TWTUSDT,2025-01-26,B+,NINJA,60,0.7369126232175338
TWTUSDT,2025-01-29,B+,NINJA,37,5.5466399197592775
TWTUSDT,2025-01-30,B+,NINJA,61,3.0252594478167083
TWTUSDT,2025-02-05,B+,NINJA,62,20.73512252042007
TWTUSDT,2025-02-14,B+,TREND,72,8.595556449180663
TWTUSDT,2025-02-15,B+,TREND,77,7.322404371584712
TWTUSDT,2025-02-21,B+,NINJA,71,6.126055370115857
TWTUSDT,2025-02-23,B+,NINJA,64,3.5936751317680704
TWTUSDT,2025-03-03,B+,NINJA,73,8.736874299113051
TWTUSDT,2025-03-06,B+,NINJA,74,1.9966558473492713
TWTUSDT,2025-03-09,B+,NINJA,29,3.10638297872341
TWTUSDT,2025-03-13,B+,NINJA,46,9.352686409926259
TWTUSDT,2025-03-18,B+,NINJA,61,8.025319317282698
TWTUSDT,2025-03-25,B+,TREND,80,3.5764603879917756
TWTUSDT,2025-03-27,B+,TREND,76,0.09562260943476453
TWTUSDT,2025-03-30,B+,NINJA,55,0.3676048248133279
TWTUSDT,2025-04-08,B+,NINJA,54,9.305498703779502
TWTUSDT,2025-04-18,B+,NINJA,64,13.033678069477595
TWTUSDT,2025-04-23,B+,TREND,91,3.0460534268101025
TWTUSDT,2025-04-25,B+,TREND,63,3.2457308949982
TWTUSDT,2025-04-26,B+,TREND,68,0.7075188871567439
TWTUSDT,2025-04-29,B+,NINJA,57,8.17373889097508
TWTUSDT,2025-05-11,B+,TREND,84,3.8582323912068395
TWTUSDT,2025-05-14,B+,NINJA,50,1.8371799288092738
TWTUSDT,2025-05-16,B+,NINJA,30,6.2410158121705805
TWTUSDT,2025-05-18,B+,NINJA,48,4.884105960264895
TWTUSDT,2025-05-23,B+,NINJA,68,4.338942307692317
TWTUSDT,2025-05-25,B+,NINJA,44,3.5918854415274426
TWTUSDT,2025-05-26,B+,NINJA,60,3.964071856287421
TWTUSDT,2025-05-29,B+,NINJA,73,0.5644289660141855
TWTUSDT,2025-06-02,B+,NINJA,61,5.625703212901612
TWTUSDT,2025-06-07,B+,NINJA,58,6.598536462276061
TWTUSDT,2025-06-08,B+,NINJA,63,6.800657312602709
TWTUSDT,2025-06-10,B+,TREND,83,0.4398478364241676
TWTUSDT,2025-06-11,B+,NINJA,67,0.4098360655737654
TWTUSDT,2025-06-14,B+,NINJA,46,4.1938004688721
TWTUSDT,2025-06-16,B+,NINJA,61,1.1677146156807483
TWTUSDT,2025-06-19,B+,NINJA,41,0.9954997954452649
TWTUSDT,2025-06-21,B+,NINJA,43,4.185372918175245
TWTUSDT,2025-06-27,B+,NINJA,49,5.735080058224162
TWTUSDT,2025-06-28,B+,NINJA,53,5.904650823735258
TWTUSDT,2025-07-03,B+,TREND,86,7.5131688383698325
TWTUSDT,2025-07-07,B+,NINJA,69,19.13305583464906
TWTUSDT,2025-07-10,B+,TREND,85,16.317265322472952
TWTUSDT,2025-07-11,B+,TREND,86,15.806966232385001
TWTUSDT,2025-07-16,B+,TREND,81,7.159552220445331
TWTUSDT,2025-07-17,B+,TREND,82,5.434519486807066
TWTUSDT,2025-07-23,B+,NINJA,43,9.145652992096354
TWTUSDT,2025-07-26,B+,NINJA,66,8.114825400770487
TWTUSDT,2025-07-28,B+,NINJA,72,2.082294264339146
TWTUSDT,2025-07-31,B+,NINJA,39,9.030100334448154
TWTUSDT,2025-08-05,B+,NINJA,67,11.85918886360595
TWTUSDT,2025-08-08,B+,TREND,91,4.882028112449799
TWTUSDT,2025-08-09,B+,TREND,89,3.9169360855508595
TWTUSDT,2025-08-11,B+,NINJA,56,8.687735726362323
TWTUSDT,2025-08-13,B+,TREND,85,0.6399999999999961
TWTUSDT,2025-08-16,B+,NINJA,59,1.6675088428499185
TWTUSDT,2025-08-17,B+,NINJA,69,2.1838496698831866
TWTUSDT,2025-08-21,B+,NINJA,67,4.478774503440208
TWTUSDT,2025-08-27,B+,NINJA,68,1.530141142329522
TWTUSDT,2025-08-31,B+,NINJA,51,3.827361563517906
TWTUSDT,2025-09-02,B+,NINJA,49,13.308813513145346
TWTUSDT,2025-09-03,B+,NINJA,56,12.878273849911782
TWTUSDT,2025-09-06,B+,NINJA,49,15.331300249514811
TWTUSDT,2025-09-07,B+,NINJA,54,14.238637923932451
TWTUSDT,2025-09-11,B+,TREND,79,89.38402666337488
TWTUSDT,2025-09-12,B+,TREND,75,89.59466139396935
TWTUSDT,2025-09-16,B+,NINJA,38,93.66321635950516
TWTUSDT,2025-09-17,B+,NINJA,41,94.3747624477385
TWTUSDT,2025-09-19,B+,TREND,73,30.259806418746816
TWTUSDT,2025-09-20,B+,TREND,80,4.772158933036952
TWTUSDT,2025-09-21,B+,NINJA,67,17.956479057591636
TWTUSDT,2025-09-23,B+,NINJA,52,20.368979046664993
TWTUSDT,2025-09-24,B+,NINJA,49,22.711779865325443
TWTUSDT,2025-09-27,B+,NINJA,69,34.99804916113929
TWTUSDT,2025-09-30,B+,NINJA,65,39.85144518004198
TWTUSDT,2025-10-04,B+,TREND,78,18.48153214774282
TWTUSDT,2025-10-07,B+,TREND,74,6.029258737834375
TWTUSDT,2025-10-10,B+,NINJA,61,19.7872340425532
TWTUSDT,2025-10-15,B+,NINJA,61,4.19646766895343
TWTUSDT,2025-10-16,B+,NINJA,53,5.4208703508507705
TWTUSDT,2025-10-24,B+,NINJA,53,2.596480151527114
TWTUSDT,2025-10-25,B+,NINJA,68,1.6498553444366237
TWTUSDT,2025-10-27,B+,NINJA,71,3.0573248407643305
TWTUSDT,2025-11-08,B+,TREND,84,3.8994597134132114
TWTUSDT,2025-11-11,B+,NINJA,72,3.6429274696422764
TWTUSDT,2025-11-15,B+,NINJA,46,0.6706851175821482
TWTUSDT,2025-11-16,B+,NINJA,45,3.8485412787088835
TWTUSDT,2025-11-19,B+,NINJA,57,1.4775725593667577
TWTUSDT,2025-11-23,B+,NINJA,53,4.9050184292599885
TWTUSDT,2025-12-07,B+,NINJA,60,4.513230154767833
TWTUSDT,2025-12-08,B+,NINJA,50,5.3124056746151505
TWTUSDT,2025-12-10,B+,NINJA,64,1.1050273768044017
TWTUSDT,2025-12-12,B+,NINJA,51,5.330844223190212
TWTUSDT,2025-12-13,B+,NINJA,43,4.132061929662689
TWTUSDT,2025-12-14,B+,NINJA,62,4.474848266639242
TWTUSDT,2025-12-25,B+,NINJA,49,19.00805317653076
TWTUSDT,2025-12-29,B+,TREND,71,10.735447891251294
UNIUSDT,2025-01-10,B-,NINJA,60,9.389570332113895
UNIUSDT,2025-01-11,B-,NINJA,67,11.76255038475633
UNIUSDT,2025-02-18,B-,NINJA,59,1.0174418604651292
UNIUSDT,2025-02-19,B-,NINJA,48,2.215391138435452
UNIUSDT,2025-02-21,B-,NINJA,47,5.4557932059933645
UNIUSDT,2025-02-23,B-,NINJA,60,1.2085597072846177
UNIUSDT,2025-03-23,B-,NINJA,52,7.087320574162681
UNIUSDT,2025-03-28,B-,NINJA,48,4.794298671849684
UNIUSDT,2025-04-01,B-,NINJA,67,3.272146847565849
UNIUSDT,2025-04-04,B-,NINJA,54,0.5415467930275808
UNIUSDT,2025-04-21,B-,NINJA,77,15.642775881683747
UNIUSDT,2025-05-01,B-,NINJA,59,45.4391574195975
UNIUSDT,2025-05-02,B-,NINJA,62,47.3513719512195
UNIUSDT,2025-05-29,B-,NINJA,76,8.4616557402043
UNIUSDT,2025-06-02,B-,NINJA,64,34.631497284716815
UNIUSDT,2025-06-07,B-,NINJA,61,36.71025681424294
UNIUSDT,2025-06-08,B-,NINJA,74,37.164084729687
UNIUSDT,2025-06-10,B-,TREND,93,0.1038661281015596
UNIUSDT,2025-06-30,B-,NINJA,78,20.858465422920467
UNIUSDT,2025-07-07,B-,NINJA,79,31.096075778078493
UNIUSDT,2025-07-30,B-,NINJA,54,13.928856914468435
UNIUSDT,2025-07-31,B-,NINJA,41,22.02482876712328
UNIUSDT,2025-09-15,B-,NINJA,51,6.254775679510982
UNIUSDT,2025-09-17,B-,NINJA,69,1.9160297351062727
UNIUSDT,2025-09-18,B-,NINJA,85,1.3536026655560196
UNIUSDT,2025-11-02,B-,NINJA,58,75.7979177334016
UNIUSDT,2025-12-07,B-,NINJA,57,9.430507233107477
UNIUSDT,2025-12-08,B-,NINJA,67,6.41025641025641
UNIUSDT,2025-12-10,B-,NINJA,68,13.852195644412713
UNIUSDT,2025-12-12,B-,NINJA,53,19.88196237550719
UNIUSDT,2025-12-14,B-,NINJA,60,22.41054613935971
USUALUSDT,2025-05-09,C,TREND,97,15.384615384615374
VANAUSDT,2025-05-10,C,TREND,95,5.420210465619135
VELODROMEUSDT,2025-07-10,C+,TREND,98,22.862453531598526
VETUSDT,2025-01-11,B,NINJA,63,27.820710973724893
VETUSDT,2025-01-12,B,NINJA,65,29.623824451410652
VETUSDT,2025-01-17,B,TREND,86,1.1586452762923471
VETUSDT,2025-01-22,B,NINJA,62,5.753138075313791
VETUSDT,2025-01-24,B,NINJA,41,2.599580712788252
VETUSDT,2025-01-28,B,NINJA,47,15.533522190745973
VETUSDT,2025-02-04,B,NINJA,49,1.6680567139282676
VETUSDT,2025-02-09,B,NINJA,53,14.357366771159885
VETUSDT,2025-02-11,B,NINJA,64,9.94575045207955
VETUSDT,2025-02-17,B,NINJA,31,4.194528875379944
VETUSDT,2025-02-18,B,NINJA,39,8.241237764445852
VETUSDT,2025-02-20,B,NINJA,63,4.544068313510219
VETUSDT,2025-02-21,B,NINJA,57,7.477535301668792
VETUSDT,2025-02-23,B,NINJA,63,4.006211180124231
VETUSDT,2025-02-26,B,NINJA,50,19.607142857142847
VETUSDT,2025-02-27,B,NINJA,57,18.800993260021272
VETUSDT,2025-03-03,B,NINJA,59,12.323682256867109
VETUSDT,2025-03-05,B,NINJA,55,4.597303836847555
VETUSDT,2025-03-06,B,NINJA,63,8.071428571428573
VETUSDT,2025-03-13,B,NINJA,59,14.688552188552183
VETUSDT,2025-03-23,B,NINJA,55,9.960159362549792
VETUSDT,2025-04-04,B,NINJA,54,12.001811594202906
VETUSDT,2025-04-05,B,NINJA,54,13.544536271808983
VETUSDT,2025-04-08,B,NINJA,57,25.278622087132717
VETUSDT,2025-04-15,B,NINJA,61,21.099290780141857
VETUSDT,2025-04-17,B,NINJA,52,22.793148880105395
VETUSDT,2025-04-18,B,NINJA,68,20.750647109577237
VETUSDT,2025-04-21,B,NINJA,81,20.85106382978723
VETUSDT,2025-04-23,B,TREND,90,8.812260536398476
VETUSDT,2025-04-29,B,NINJA,57,13.313388182498143
VETUSDT,2025-05-07,B,NINJA,56,36.63047848813834
VETUSDT,2025-05-09,B,TREND,89,13.19120586275817
VETUSDT,2025-05-14,B,NINJA,47,3.563180468492244
VETUSDT,2025-05-16,B,NINJA,34,10.024535576586047
VETUSDT,2025-05-20,B,NINJA,67,10.140350877192983
VETUSDT,2025-05-26,B,NINJA,49,4.259191845649801
VETUSDT,2025-06-03,B,NINJA,64,6.693711967545646
VETUSDT,2025-06-07,B,NINJA,61,9.173931091739318
VETUSDT,2025-06-11,B,NINJA,71,0.32025620496396456
VETUSDT,2025-06-16,B,NINJA,59,1.8009905447996521
VETUSDT,2025-06-19,B,NINJA,62,1.704283740211876
VETUSDT,2025-06-20,B,NINJA,43,5.566218809980805
VETUSDT,2025-06-28,B,NINJA,57,5.890669180018859
VETUSDT,2025-07-07,B,NINJA,60,31.03279490944688
VETUSDT,2025-07-10,B,TREND,94,22.328482328482345
VETUSDT,2025-07-14,B,NINJA,65,21.504934210526304
VETUSDT,2025-07-23,B,NINJA,38,5.2465483234714005
VETUSDT,2025-07-26,B,NINJA,64,3.4509499806126387
VETUSDT,2025-07-28,B,NINJA,66,3.4775576223210702
VETUSDT,2025-07-30,B,NINJA,54,4.166666666666674
VETUSDT,2025-07-31,B,NINJA,41,10.78856152512997
VETUSDT,2025-08-05,B,NINJA,65,17.4140182847192
VETUSDT,2025-08-11,B,NINJA,71,9.190283400809719
VETUSDT,2025-08-14,B,NINJA,80,10.109622411693064
VETUSDT,2025-08-16,B,NINJA,51,10.592532467532468
VETUSDT,2025-08-17,B,NINJA,61,10.056542810985448
VETUSDT,2025-08-21,B,NINJA,64,15.270727580372245
VETUSDT,2025-08-25,B,NINJA,79,6.724422442244227
VETUSDT,2025-08-27,B,NINJA,56,4.02090872537193
VETUSDT,2025-08-28,B,NINJA,66,0.2733307301835186
VETUSDT,2025-08-30,B,NINJA,60,0.8903278025091055
VETUSDT,2025-08-31,B,NINJA,64,3.1068765534382647
VETUSDT,2025-09-02,B,NINJA,57,6.2787777312683035
VETUSDT,2025-09-03,B,NINJA,70,8.486622073578598
VETUSDT,2025-09-06,B,NINJA,55,11.325611325611318
VETUSDT,2025-09-07,B,NINJA,62,10.331632653061229
VETUSDT,2025-09-27,B,NINJA,49,10.958276020174228
VETUSDT,2025-09-29,B,NINJA,57,9.75056689342404
VETUSDT,2025-10-02,B,TREND,90,1.9806152549515232
VETUSDT,2025-10-05,B,NINJA,48,5.470459518599569
VETUSDT,2025-10-07,B,NINJA,48,2.798756108396283
VETUSDT,2025-10-09,B,NINJA,40,1.7695099818511695
VETUSDT,2025-10-10,B,NINJA,52,27.490542244640604
VETUSDT,2025-10-18,B,NINJA,41,6.654991243432584
VETUSDT,2025-10-19,B,NINJA,55,3.571428571428581
VETUSDT,2025-10-23,B,NINJA,40,5.351948807446183
VETUSDT,2025-10-24,B,NINJA,57,4.320276497695863
VETUSDT,2025-10-25,B,NINJA,61,4.500865551067501
VETUSDT,2025-10-27,B,NINJA,56,1.330248698669756
VETUSDT,2025-10-30,B,NINJA,51,14.313222079589206
VETUSDT,2025-11-01,B,NINJA,63,14.583333333333325
VETUSDT,2025-11-02,B,NINJA,74,14.513165952235152
VETUSDT,2025-11-06,B,NINJA,58,27.384196185286115
VETUSDT,2025-11-15,B,NINJA,43,1.7891373801916854
VETUSDT,2025-11-16,B,NINJA,45,3.3200531208499307
VETUSDT,2025-11-19,B,NINJA,48,1.3937282229965264
VETUSDT,2025-11-20,B,NINJA,44,6.0538116591928315
VETUSDT,2025-12-07,B,NINJA,56,8.191403081914018
VETUSDT,2025-12-09,B,NINJA,68,1.7227877838684291
VETUSDT,2025-12-12,B,NINJA,38,3.019844693701468
VETUSDT,2025-12-13,B,NINJA,41,2.4892703862660737
VETUSDT,2025-12-14,B,NINJA,47,2.4042742653606286
VETUSDT,2025-12-24,B,NINJA,49,13.220018885741268
VETUSDT,2025-12-25,B,NINJA,59,17.80558229066409
VIRTUALUSDT,2025-05-12,A,TREND,82,8.014827430746884
VIRTUALUSDT,2025-05-22,A,TREND,78,26.255730030235046
VIRTUALUSDT,2025-06-10,A,TREND,78,10.232072516729174
VIRTUALUSDT,2025-07-03,A,TREND,76,13.443908323281061
VIRTUALUSDT,2025-07-10,A,TREND,86,9.457311534968206
VIRTUALUSDT,2025-07-21,A,TREND,78,2.559424520433695
VIRTUALUSDT,2025-08-08,A,TREND,93,8.618301130149476
VIRTUALUSDT,2025-08-10,A,TREND,85,2.554041029877463
VIRTUALUSDT,2025-09-08,A,TREND,86,9.941474834178688
VIRTUALUSDT,2025-09-09,A,TREND,80,12.066496977410113
VIRTUALUSDT,2025-09-12,A,TREND,86,5.892521608417889
VIRTUALUSDT,2025-09-13,A,TREND,73,2.0661764705882213
VIRTUALUSDT,2025-09-18,A,TREND,78,0.34596981965402396
VIRTUALUSDT,2025-10-02,A,TREND,85,2.172788411795157
VIRTUALUSDT,2025-10-25,A,TREND,91,44.23777710294565
VIRTUALUSDT,2025-10-27,A,TREND,84,32.66531666783046
VIRTUALUSDT,2025-11-01,A,TREND,81,1.1398342059336874
VIRTUALUSDT,2025-11-27,A,TREND,72,1.0066779627230238
VIRTUALUSDT,2025-12-03,A,TREND,84,2.8206168831168776
WAXPUSDT,2025-01-14,B,NINJA,46,2.328064929517293
WAXPUSDT,2025-01-15,B,NINJA,54,0.020907380305246193
WAXPUSDT,2025-01-16,B,NINJA,60,4.569420035149396
WAXPUSDT,2025-01-19,B,NINJA,43,8.726130045927016
WAXPUSDT,2025-01-22,B,NINJA,45,5.803902198073607
WAXPUSDT,2025-01-24,B,NINJA,50,6.939590614078894
WAXPUSDT,2025-01-26,B,NINJA,65,0.6884681583476882
WAXPUSDT,2025-01-28,B,NINJA,34,9.759394430927259
WAXPUSDT,2025-01-29,B,NINJA,38,6.449921342422638
WAXPUSDT,2025-01-30,B,NINJA,61,3.862880532105395
WAXPUSDT,2025-02-04,B,NINJA,50,6.562009419152259
WAXPUSDT,2025-02-11,B,NINJA,65,9.223454833597454
WAXPUSDT,2025-02-13,B,NINJA,65,6.2596361393771005
WAXPUSDT,2025-02-19,B,NINJA,58,5.779987569919198
WAXPUSDT,2025-02-21,B,NINJA,64,6.794589493551428
WAXPUSDT,2025-02-27,B,NINJA,58,6.571523398606027
WAXPUSDT,2025-03-03,B,NINJA,54,2.9059208136578363
WAXPUSDT,2025-03-06,B,NINJA,54,2.709630172098132
WAXPUSDT,2025-03-13,B,NINJA,59,9.662045060658574
WAXPUSDT,2025-03-23,B,NINJA,76,8.601252609603339
WAXPUSDT,2025-04-01,B,NINJA,54,0.9049773755656076
WAXPUSDT,2025-04-05,B,NINJA,50,5.8560794044664854
WAXPUSDT,2025-04-08,B,NINJA,54,29.808219178082183
WAXPUSDT,2025-04-15,B,NINJA,50,53.25062034739454
WAXPUSDT,2025-04-18,B,TREND,94,35.938827527612595
WAXPUSDT,2025-04-22,B,NINJA,39,29.712201053911635
WAXPUSDT,2025-04-23,B,NINJA,50,30.718954248366014
WAXPUSDT,2025-04-28,B,NINJA,61,0.03927729772190691
WAXPUSDT,2025-04-29,B,NINJA,40,6.560717196414023
WAXPUSDT,2025-05-01,B,NINJA,44,9.716113554578154
WAXPUSDT,2025-05-02,B,NINJA,55,10.831334932054348
WAXPUSDT,2025-05-06,B,NINJA,64,23.080337328007094
WAXPUSDT,2025-05-14,B,NINJA,58,2.572964669738864
WAXPUSDT,2025-05-16,B,NINJA,36,5.562224889955991
WAXPUSDT,2025-05-20,B,NINJA,63,8.07046292503073
WAXPUSDT,2025-05-23,B,NINJA,68,5.889777029869592
WAXPUSDT,2025-05-25,B,NINJA,40,3.580246913580254
WAXPUSDT,2025-05-26,B,NINJA,52,6.33713561470215
WAXPUSDT,2025-06-02,B,NINJA,63,9.232889297197966
WAXPUSDT,2025-06-07,B,NINJA,56,9.040844424047734
WAXPUSDT,2025-06-08,B,NINJA,66,9.191176470588225
WAXPUSDT,2025-06-15,B,NINJA,59,1.910531220876055
WAXPUSDT,2025-06-16,B,NINJA,65,1.2802275960170695
WAXPUSDT,2025-06-19,B,NINJA,48,2.3517883390494765
WAXPUSDT,2025-06-20,B,NINJA,47,3.3746898263027347
WAXPUSDT,2025-06-28,B,NINJA,50,1.536174430128856
WAXPUSDT,2025-06-30,B,NINJA,56,16.81233933161954
WAXPUSDT,2025-07-23,B,NINJA,64,1.501501501501501
WAXPUSDT,2025-07-26,B,NINJA,48,4.690265486725664
WAXPUSDT,2025-07-27,B,NINJA,60,1.197604790419149
WAXPUSDT,2025-07-28,B,NINJA,64,2.3545091070635404
WAXPUSDT,2025-07-31,B,NINJA,53,4.633569739952725
WAXPUSDT,2025-08-04,B,NINJA,64,5.5188679245283145
WAXPUSDT,2025-08-05,B,NINJA,62,9.335288367546447
WAXPUSDT,2025-08-11,B,NINJA,46,9.228515625
WAXPUSDT,2025-08-14,B,NINJA,68,5.265700483091784
WAXPUSDT,2025-08-16,B,NINJA,67,3.5646387832699578
WAXPUSDT,2025-08-17,B,NINJA,68,3.7619047619047663
WAXPUSDT,2025-08-21,B,NINJA,64,7.71131982204647
WAXPUSDT,2025-08-27,B,NINJA,50,3.8883349950149526
WAXPUSDT,2025-08-29,B,NINJA,56,3.782148260211793
WAXPUSDT,2025-08-31,B,NINJA,56,3.0226700251889227
WAXPUSDT,2025-09-02,B,NINJA,60,4.227478610971325
WAXPUSDT,2025-09-03,B,NINJA,68,5.368790767686904
WAXPUSDT,2025-09-05,B,NINJA,67,6.544901065449027
WAXPUSDT,2025-09-06,B,NINJA,66,7.416879795396425
WAXPUSDT,2025-09-07,B,NINJA,73,6.924643584521384
WAXPUSDT,2025-09-09,B,NINJA,79,5.2631578947368585
WAXPUSDT,2025-09-18,B,NINJA,74,1.0574018126888296
WAXPUSDT,2025-09-19,B,NINJA,52,2.139874739039671
WAXPUSDT,2025-09-21,B,NINJA,46,0.36534446764091566
WAXPUSDT,2025-09-27,B,NINJA,54,4.857142857142849
WAXPUSDT,2025-10-05,B,NINJA,54,3.583617747440293
WAXPUSDT,2025-10-07,B,NINJA,52,4.246655031995328
WAXPUSDT,2025-10-09,B,NINJA,55,1.0315186246418362
WAXPUSDT,2025-10-10,B,NINJA,56,16.74277016742769
WAXPUSDT,2025-10-18,B,NINJA,35,3.0191458026509688
WAXPUSDT,2025-10-19,B,NINJA,45,2.503681885125175
WAXPUSDT,2025-10-24,B,NINJA,58,3.7622272385252176
WAXPUSDT,2025-10-25,B,NINJA,60,4.15407854984895
WAXPUSDT,2025-10-27,B,NINJA,63,1.3513513513513375
WAXPUSDT,2025-10-30,B,NINJA,40,8.374384236453203
WAXPUSDT,2025-11-06,B,NINJA,61,21.72727272727275
WAXPUSDT,2025-11-12,B,NINJA,47,1.2647554806070715
WAXPUSDT,2025-11-15,B,NINJA,43,0.7259528130671544
WAXPUSDT,2025-11-16,B,NINJA,42,3.571428571428581
WAXPUSDT,2025-11-25,B,NINJA,59,3.3160621761658016
WAXPUSDT,2025-11-26,B,NINJA,46,4.397905759162302
WAXPUSDT,2025-11-27,B,NINJA,49,1.1247443762780973
WAXPUSDT,2025-11-28,B,NINJA,55,2.598752598752596
WAXPUSDT,2025-12-03,B,NINJA,73,2.7442371020856227
WAXPUSDT,2025-12-07,B,NINJA,62,6.971428571428562
WAXPUSDT,2025-12-12,B,NINJA,46,1.969872537659323
WAXPUSDT,2025-12-13,B,NINJA,56,0.0
WAXPUSDT,2025-12-14,B,NINJA,54,1.5662650602409567
WAXPUSDT,2025-12-20,B,NINJA,58,6.754966887417213
WAXPUSDT,2025-12-27,B,NINJA,63,10.82474226804122
WAXPUSDT,2025-12-28,B,NINJA,66,18.170103092783485
WIFUSDT,2025-05-10,B-,TREND,92,39.7463002114165
WLDUSDT,2025-04-23,B,TREND,83,45.88644264194668
WLDUSDT,2025-04-26,B,TREND,92,1.6447368421052655
WLDUSDT,2025-05-09,B,TREND,89,19.57857769973661
WLDUSDT,2025-09-08,B,TREND,92,40.738383195416915
WOOUSDT,2025-01-12,B-,NINJA,67,11.02868447082097
WOOUSDT,2025-02-19,B-,NINJA,60,11.502938706968946
WOOUSDT,2025-02-21,B-,NINJA,70,12.256973795435332
WOOUSDT,2025-05-26,B-,NINJA,64,6.020066889632103
WOOUSDT,2025-05-29,B-,NINJA,59,0.5834305717619559
WOOUSDT,2025-07-06,B-,NINJA,57,30.712166172106812
WOOUSDT,2025-07-07,B-,NINJA,79,30.906389301634473
WOOUSDT,2025-08-11,B-,NINJA,61,15.558510638297873
WOOUSDT,2025-08-14,B-,NINJA,74,9.486166007905128
WOOUSDT,2025-08-16,B-,NINJA,59,4.135338345864659
WOOUSDT,2025-08-21,B-,NINJA,55,11.23439667128987
WOOUSDT,2025-09-17,B-,NINJA,62,12.834978843441469
WOOUSDT,2025-12-07,B-,NINJA,59,19.354838709677423
WOOUSDT,2025-12-08,B-,NINJA,62,10.447761194029859
WOOUSDT,2025-12-12,B-,NINJA,61,7.547169811320753
WOOUSDT,2025-12-14,B-,NINJA,56,14.90196078431374
WUSDT,2025-05-09,C+,TREND,98,18.51106639839035
XLMUSDT,2025-01-09,B,NINJA,34,31.61257347303861
XLMUSDT,2025-01-12,B,NINJA,66,21.922348484848484
XLMUSDT,2025-01-14,B,NINJA,51,19.683941436207284
XLMUSDT,2025-01-19,B,NINJA,64,10.526315789473696
XLMUSDT,2025-01-22,B,NINJA,50,4.690781796966159
XLMUSDT,2025-01-24,B,NINJA,58,3.0169412856811295
XLMUSDT,2025-01-28,B,NINJA,47,13.037942449707153
XLMUSDT,2025-02-04,B,NINJA,55,6.484741784037551
XLMUSDT,2025-02-09,B,NINJA,58,16.656050955414024
XLMUSDT,2025-02-11,B,NINJA,53,15.152467777428491
XLMUSDT,2025-02-19,B,NINJA,56,2.281368821292795
XLMUSDT,2025-02-23,B,NINJA,56,12.728910237166025
XLMUSDT,2025-03-03,B,NINJA,63,5.880341880341877
XLMUSDT,2025-03-05,B,NINJA,48,3.405676126878121
XLMUSDT,2025-03-06,B,NINJA,51,2.3295070898041725
XLMUSDT,2025-03-12,B,NINJA,59,14.841942945258268
XLMUSDT,2025-03-17,B,NINJA,46,10.695970695970702
XLMUSDT,2025-03-23,B,NINJA,61,6.746732603320393
XLMUSDT,2025-03-30,B,NINJA,51,4.683402023229655
XLMUSDT,2025-04-01,B,NINJA,61,2.3153252480705433
XLMUSDT,2025-04-04,B,NINJA,42,0.7318952234206533
XLMUSDT,2025-04-05,B,NINJA,48,0.7128712871287135
XLMUSDT,2025-04-08,B,NINJA,50,14.059674502712483
XLMUSDT,2025-04-10,B,NINJA,56,9.552757273122015
XLMUSDT,2025-04-17,B,NINJA,55,24.269005847953217
XLMUSDT,2025-04-18,B,NINJA,73,23.958333333333325
XLMUSDT,2025-04-21,B,NINJA,71,18.95241903238705
XLMUSDT,2025-04-30,B,NINJA,32,18.70848708487083
XLMUSDT,2025-05-02,B,NINJA,55,21.88638018936635
XLMUSDT,2025-05-07,B,NINJA,53,28.582404917403004
XLMUSDT,2025-05-14,B,NINJA,51,2.864669081330251
XLMUSDT,2025-05-16,B,NINJA,35,6.548431105047747
XLMUSDT,2025-05-20,B,NINJA,62,8.66086956521741
XLMUSDT,2025-05-23,B,NINJA,72,2.7349228611500687
XLMUSDT,2025-05-25,B,NINJA,50,1.8068102849200685
XLMUSDT,2025-05-26,B,NINJA,61,2.519244226731976
XLMUSDT,2025-06-07,B,NINJA,58,7.747543461829176
XLMUSDT,2025-06-16,B,NINJA,66,0.8409785932721681
XLMUSDT,2025-06-19,B,NINJA,40,0.8413461538461453
XLMUSDT,2025-06-28,B,NINJA,54,8.74843030556718
XLMUSDT,2025-06-29,B,NINJA,63,23.845193508114846
XLMUSDT,2025-07-01,B,NINJA,50,77.59538598047915
XLMUSDT,2025-07-07,B,NINJA,86,108.22249093107618
XLMUSDT,2025-07-09,B,TREND,85,80.57578910856745
XLMUSDT,2025-07-18,B,NINJA,71,7.672188317349615
XLMUSDT,2025-07-20,B,NINJA,53,6.810810810810808
XLMUSDT,2025-07-21,B,NINJA,64,0.7610993657505283
XLMUSDT,2025-07-23,B,NINJA,47,7.4801309022907825
XLMUSDT,2025-07-26,B,NINJA,65,5.652573529411775
XLMUSDT,2025-07-28,B,NINJA,65,5.224236641221358
XLMUSDT,2025-07-30,B,NINJA,52,15.011037527593807
XLMUSDT,2025-07-31,B,NINJA,52,16.961835869294095
XLMUSDT,2025-08-11,B,NINJA,57,9.547038327526147
XLMUSDT,2025-08-14,B,NINJA,73,2.5265643447461628
XLMUSDT,2025-08-16,B,NINJA,56,1.8053927315357488
XLMUSDT,2025-08-17,B,NINJA,60,1.083627797408715
XLMUSDT,2025-08-21,B,NINJA,54,9.660107334525936
XLMUSDT,2025-08-27,B,NINJA,38,2.2163588390501365
XLMUSDT,2025-08-31,B,NINJA,44,9.637188208616765
XLMUSDT,2025-09-06,B,NINJA,53,16.441821247892065
XLMUSDT,2025-09-17,B,NINJA,60,2.35204855842186
XLMUSDT,2025-09-25,B,NINJA,55,18.14550641940087
XLMUSDT,2025-09-27,B,NINJA,64,14.77272727272727
XLMUSDT,2025-10-02,B,TREND,92,1.1989234157083528
XLMUSDT,2025-10-07,B,NINJA,50,2.294056308654846
XLMUSDT,2025-10-18,B,NINJA,56,7.4380165289256395
XLMUSDT,2025-10-19,B,NINJA,61,6.322743000943687
XLMUSDT,2025-10-24,B,NINJA,54,5.790297339593109
XLMUSDT,2025-10-30,B,NINJA,39,4.7922252010723865
XLMUSDT,2025-11-01,B,NINJA,51,2.0976728941330736
XLMUSDT,2025-11-02,B,NINJA,61,2.231703314735789
XLMUSDT,2025-11-06,B,NINJA,46,15.498702261772346
XLMUSDT,2025-11-13,B,NINJA,41,0.9687034277198192
XLMUSDT,2025-11-15,B,NINJA,39,1.3482280431432958
XLMUSDT,2025-11-16,B,NINJA,34,3.34645669291338
XLMUSDT,2025-11-17,B,NINJA,50,6.110886280857963
XLMUSDT,2025-11-19,B,NINJA,50,6.650446066504467
XLMUSDT,2025-11-20,B,NINJA,49,11.017306880540323
XLMUSDT,2025-11-30,B,NINJA,51,20.967741935483875
XLMUSDT,2025-12-07,B,NINJA,46,26.422250316055607
XLMUSDT,2025-12-08,B,NINJA,57,24.584717607973428
XLMUSDT,2025-12-10,B,NINJA,70,0.20000000000000018
XLMUSDT,2025-12-12,B,NINJA,46,0.9220452640402277
XLMUSDT,2025-12-14,B,NINJA,25,2.5752946311654146
XLMUSDT,2025-12-25,B,NINJA,29,12.285714285714299
XLMUSDT,2025-12-26,B,NINJA,45,18.96067415730336
XRPUSDT,2025-01-09,B+,NINJA,58,49.6347152539389
XRPUSDT,2025-01-12,B+,TREND,77,35.75021959594346
XRPUSDT,2025-01-15,B+,TREND,97,8.180342995322798
XRPUSDT,2025-01-16,B+,TREND,77,3.833472003944416
XRPUSDT,2025-01-17,B+,TREND,81,2.3479739991494997
XRPUSDT,2025-01-19,B+,NINJA,52,13.884476290262615
XRPUSDT,2025-01-24,B+,NINJA,45,3.647328195040145
XRPUSDT,2025-01-26,B+,NINJA,40,6.342851470734212
XRPUSDT,2025-02-04,B+,NINJA,57,12.19434992482391
XRPUSDT,2025-02-08,B+,NINJA,50,17.22199255890864
XRPUSDT,2025-02-09,B+,NINJA,63,18.50551654964896
XRPUSDT,2025-02-11,B+,NINJA,58,17.50859889768348
XRPUSDT,2025-02-14,B+,TREND,86,3.4728308501314586
XRPUSDT,2025-02-15,B+,TREND,87,1.5750027155219337
XRPUSDT,2025-02-18,B+,NINJA,38,7.265490869361635
XRPUSDT,2025-02-23,B+,NINJA,50,16.40725070838025
XRPUSDT,2025-03-01,B+,NINJA,62,36.84066435480926
XRPUSDT,2025-03-03,B+,NINJA,72,10.840698697273066
XRPUSDT,2025-03-05,B+,NINJA,54,5.852468197455796
XRPUSDT,2025-03-06,B+,NINJA,69,0.8307372793354251
XRPUSDT,2025-03-15,B+,TREND,85,8.318347204215627
XRPUSDT,2025-03-20,B+,NINJA,72,2.8036615902466977
XRPUSDT,2025-03-23,B+,NINJA,63,2.6687984257778963
XRPUSDT,2025-03-24,B+,NINJA,76,1.195869556344653
XRPUSDT,2025-04-08,B+,NINJA,45,25.118298725157274
XRPUSDT,2025-04-13,B+,TREND,72,8.558218531798456
XRPUSDT,2025-04-17,B+,NINJA,41,11.30460020316355
XRPUSDT,2025-04-19,B+,NINJA,59,13.186760549887433
XRPUSDT,2025-04-20,B+,NINJA,62,13.67681724154519
XRPUSDT,2025-04-21,B+,NINJA,76,13.306161591944377
XRPUSDT,2025-04-28,B+,TREND,88,1.5164059436140853
XRPUSDT,2025-05-01,B+,NINJA,53,12.299416896442628
XRPUSDT,2025-05-02,B+,NINJA,57,20.16928438872041
XRPUSDT,2025-05-03,B+,NINJA,53,21.38350402340894
XRPUSDT,2025-05-07,B+,NINJA,63,24.84834234657889
XRPUSDT,2025-05-09,B+,TREND,77,13.268484150347714
XRPUSDT,2025-05-10,B+,TREND,86,7.437983084456312
XRPUSDT,2025-05-18,B+,NINJA,51,2.137561779242181
XRPUSDT,2025-05-20,B+,NINJA,56,5.236579673244224
XRPUSDT,2025-05-23,B+,NINJA,61,2.760602629974729
XRPUSDT,2025-05-25,B+,NINJA,42,0.7515907246872011
XRPUSDT,2025-05-26,B+,NINJA,59,1.9045145652079931
XRPUSDT,2025-06-02,B+,NINJA,66,6.437514227179597
XRPUSDT,2025-06-04,B+,NINJA,69,6.224726248352952
XRPUSDT,2025-06-07,B+,NINJA,60,7.39583811842528
XRPUSDT,2025-06-14,B+,NINJA,50,9.236234458259318
XRPUSDT,2025-06-15,B+,NINJA,57,7.919649041791743
XRPUSDT,2025-06-19,B+,NINJA,52,2.9933481152993435
XRPUSDT,2025-06-20,B+,NINJA,45,9.799943380201936
XRPUSDT,2025-07-01,B+,NINJA,70,36.97053406998159
XRPUSDT,2025-07-07,B+,NINJA,58,56.31055134754273
XRPUSDT,2025-07-10,B+,TREND,90,43.72030937144202
XRPUSDT,2025-07-14,B+,TREND,86,23.747549185315386
XRPUSDT,2025-07-17,B+,TREND,81,5.150226920204526
XRPUSDT,2025-07-18,B+,TREND,83,6.913724915775599
XRPUSDT,2025-07-23,B+,NINJA,50,4.617124191218025
XRPUSDT,2025-07-26,B+,NINJA,50,5.198660855283932
XRPUSDT,2025-07-27,B+,NINJA,58,2.8373830621507334
XRPUSDT,2025-07-28,B+,NINJA,67,6.73283175924444
XRPUSDT,2025-07-30,B+,NINJA,49,9.232706839759741
XRPUSDT,2025-07-31,B+,NINJA,55,11.914372683959762
XRPUSDT,2025-08-08,B+,TREND,94,1.9872789798837553
XRPUSDT,2025-08-11,B+,NINJA,58,7.084198753794535
XRPUSDT,2025-08-14,B+,NINJA,73,2.494154325798914
XRPUSDT,2025-08-16,B+,NINJA,60,1.3427789405892732
XRPUSDT,2025-08-17,B+,NINJA,62,1.3051786119117947
XRPUSDT,2025-08-21,B+,NINJA,45,9.68126512149794
XRPUSDT,2025-08-27,B+,NINJA,66,1.9368094853139395
XRPUSDT,2025-08-31,B+,NINJA,40,9.395828079403401
XRPUSDT,2025-09-02,B+,NINJA,67,9.629629629629633
XRPUSDT,2025-09-06,B+,NINJA,66,13.381735354829516
XRPUSDT,2025-09-13,B+,TREND,81,0.653992883018617
XRPUSDT,2025-09-17,B+,NINJA,51,1.8027949807075005
XRPUSDT,2025-09-21,B+,NINJA,43,0.8551900609407026
XRPUSDT,2025-09-25,B+,NINJA,55,12.987060324403132
XRPUSDT,2025-09-27,B+,NINJA,55,10.521624416158604
XRPUSDT,2025-09-28,B+,NINJA,67,8.104903396805474
XRPUSDT,2025-10-02,B+,TREND,77,1.8394813912929076
XRPUSDT,2025-10-07,B+,NINJA,52,2.552594670406738
XRPUSDT,2025-10-18,B+,NINJA,50,14.320223766740114
XRPUSDT,2025-10-19,B+,NINJA,63,12.828341977580715
XRPUSDT,2025-10-25,B+,TREND,86,3.9138641704225874
XRPUSDT,2025-10-26,B+,TREND,88,1.9424813877026548
XRPUSDT,2025-11-01,B+,NINJA,64,3.013611144373929
XRPUSDT,2025-11-02,B+,NINJA,66,2.1411327027347937
XRPUSDT,2025-11-06,B+,NINJA,56,16.619972887483048
XRPUSDT,2025-11-10,B+,TREND,81,1.7418844022169422
XRPUSDT,2025-11-13,B+,NINJA,46,0.8223896663078767
XRPUSDT,2025-11-15,B+,NINJA,34,3.1512605042016917
XRPUSDT,2025-11-16,B+,NINJA,34,4.189805408822078
XRPUSDT,2025-11-17,B+,NINJA,38,5.689328465129173
XRPUSDT,2025-11-19,B+,NINJA,49,8.389420798179925
XRPUSDT,2025-11-23,B+,NINJA,59,11.600214728417345
XRPUSDT,2025-11-25,B+,TREND,79,3.305484925535773
XRPUSDT,2025-11-30,B+,NINJA,46,2.9698375870069738
XRPUSDT,2025-12-07,B+,NINJA,55,6.545347813325497
XRPUSDT,2025-12-08,B+,NINJA,70,5.095541401273884
XRPUSDT,2025-12-12,B+,NINJA,49,2.032479824648803
XRPUSDT,2025-12-13,B+,NINJA,59,0.3905670638255865
XRPUSDT,2025-12-17,B+,NINJA,44,5.159177537982496
XRPUSDT,2025-12-25,B+,NINJA,36,15.704463603623275
XRPUSDT,2025-12-29,B+,NINJA,70,30.60298249405662
XTZUSDT,2025-01-11,B,NINJA,55,11.562499999999986
XTZUSDT,2025-01-12,B,NINJA,58,13.603818615751795
XTZUSDT,2025-01-22,B,NINJA,38,1.5241320914479273
XTZUSDT,2025-01-28,B,NINJA,39,8.604206500956014
XTZUSDT,2025-01-30,B,NINJA,61,4.124656278643446
XTZUSDT,2025-02-04,B,NINJA,54,5.922551252847397
XTZUSDT,2025-02-05,B,NINJA,46,7.638888888888906
XTZUSDT,2025-02-11,B,NINJA,67,7.523148148148162
XTZUSDT,2025-02-15,B,NINJA,61,4.176072234762973
XTZUSDT,2025-02-17,B,NINJA,64,3.142536475869817
XTZUSDT,2025-02-19,B,NINJA,58,5.269186712485685
XTZUSDT,2025-02-21,B,NINJA,75,3.096330275229353
XTZUSDT,2025-03-03,B,NINJA,61,7.681940700808632
XTZUSDT,2025-03-05,B,NINJA,51,2.9639175257732076
XTZUSDT,2025-03-06,B,NINJA,64,4.308093994778073
XTZUSDT,2025-03-13,B,NINJA,60,8.431952662721876
XTZUSDT,2025-03-20,B,NINJA,65,5.641748942172087
XTZUSDT,2025-03-22,B,NINJA,50,8.236994219653182
XTZUSDT,2025-03-23,B,NINJA,62,7.7697841726618755
XTZUSDT,2025-04-01,B,NINJA,53,4.833836858006024
XTZUSDT,2025-04-04,B,NINJA,56,1.526717557251911
XTZUSDT,2025-04-05,B,NINJA,70,0.1524390243902385
XTZUSDT,2025-04-08,B,NINJA,50,8.000000000000007
XTZUSDT,2025-04-10,B,NINJA,48,3.130755064456725
XTZUSDT,2025-04-13,B,NINJA,44,9.126984126984139
XTZUSDT,2025-04-18,B,NINJA,55,16.999999999999993
XTZUSDT,2025-04-19,B,NINJA,71,15.841584158415834
XTZUSDT,2025-04-21,B,NINJA,61,16.766467065868262
XTZUSDT,2025-04-23,B,TREND,95,8.13308687615526
XTZUSDT,2025-04-26,B,TREND,100,1.0489510489510412
XTZUSDT,2025-04-29,B,NINJA,72,14.594594594594579
XTZUSDT,2025-05-03,B,NINJA,68,26.03231597845599
XTZUSDT,2025-05-06,B,NINJA,61,30.97014925373134
XTZUSDT,2025-05-07,B,NINJA,72,29.7597042513863
XTZUSDT,2025-05-09,B,TREND,93,11.251980982567344
XTZUSDT,2025-05-14,B,NINJA,62,1.1922503725782407
XTZUSDT,2025-05-16,B,NINJA,30,6.153604028958148
XTZUSDT,2025-05-20,B,NINJA,64,8.023702754644457
XTZUSDT,2025-05-23,B,NINJA,72,6.698021407719756
XTZUSDT,2025-05-26,B,NINJA,44,7.675941080196402
XTZUSDT,2025-05-29,B,NINJA,77,0.7949383517196651
XTZUSDT,2025-06-03,B,NINJA,75,8.802456499488232
XTZUSDT,2025-06-07,B,NINJA,54,11.796669588080633
XTZUSDT,2025-06-16,B,NINJA,62,1.1194029850746468
XTZUSDT,2025-07-07,B,NINJA,61,29.426386233269586
XTZUSDT,2025-07-10,B,TREND,95,107.42365446262868
XTZUSDT,2025-07-18,B,NINJA,78,76.48578811369511
XTZUSDT,2025-07-23,B,NINJA,38,16.860068259385663
XTZUSDT,2025-07-24,B,NINJA,29,8.59232175502742
XTZUSDT,2025-07-26,B,NINJA,50,3.225447669892123
XTZUSDT,2025-07-27,B,NINJA,61,2.813780879583483
XTZUSDT,2025-07-28,B,NINJA,60,6.732443412652334
XTZUSDT,2025-07-31,B,NINJA,31,28.586131480766763
XTZUSDT,2025-08-04,B,NINJA,62,26.807916772392804
XTZUSDT,2025-08-05,B,NINJA,69,30.211047420531536
XTZUSDT,2025-08-13,B,NINJA,61,1.4538487546489343
XTZUSDT,2025-08-14,B,NINJA,73,5.7046979865771785
XTZUSDT,2025-08-16,B,NINJA,60,3.595002357378596
XTZUSDT,2025-08-17,B,NINJA,78,2.5434605063586524
XTZUSDT,2025-08-21,B,NINJA,64,9.889972493123288
XTZUSDT,2025-08-25,B,NINJA,46,2.9061579823326023
XTZUSDT,2025-08-27,B,NINJA,54,2.1087398373983657
XTZUSDT,2025-08-28,B,NINJA,56,0.038255547054322214
XTZUSDT,2025-09-02,B,NINJA,53,10.214757709251089
XTZUSDT,2025-09-06,B,NINJA,46,14.788632829068282
XTZUSDT,2025-09-09,B,NINJA,65,15.34406215316315
XTZUSDT,2025-09-16,B,NINJA,48,8.142559833506757
XTZUSDT,2025-09-19,B,NINJA,69,2.1713226532503738
XTZUSDT,2025-09-21,B,NINJA,48,0.38702789269986493
XTZUSDT,2025-09-27,B,NINJA,53,16.19928400954653
XTZUSDT,2025-09-29,B,NINJA,55,16.390258479007926
XTZUSDT,2025-09-30,B,NINJA,53,16.564417177914102
XTZUSDT,2025-10-05,B,NINJA,63,2.4356103023516207
XTZUSDT,2025-10-09,B,NINJA,51,1.8892988929889443
XTZUSDT,2025-10-10,B,NINJA,52,17.5685297258811
XTZUSDT,2025-10-18,B,NINJA,49,6.241473396998631
XTZUSDT,2025-10-19,B,NINJA,60,4.425075427422054
XTZUSDT,2025-10-30,B,NINJA,50,32.71922054915854
XTZUSDT,2025-11-01,B,NINJA,62,29.59695554402353
XTZUSDT,2025-11-06,B,NINJA,57,24.94996664442961
XTZUSDT,2025-11-10,B,NINJA,49,2.1368202838462746
XTZUSDT,2025-11-13,B,NINJA,38,3.8935870331219258
XTZUSDT,2025-11-15,B,NINJA,46,1.7271458478715918
XTZUSDT,2025-11-19,B,NINJA,49,2.5247802506078276
XTZUSDT,2025-11-20,B,NINJA,44,2.2226593233674485
XTZUSDT,2025-11-24,B,NINJA,59,2.9551765172550537
XTZUSDT,2025-12-07,B,NINJA,58,11.782094594594582
XTZUSDT,2025-12-14,B,NINJA,58,2.3571130579891575
XTZUSDT,2025-12-25,B,NINJA,71,26.43082469580893
XVGUSDT,2025-05-09,C+,TREND,99,48.14373297002725
XVGUSDT,2025-10-02,C+,TREND,99,6.297122225761909
XVSUSDT,2025-01-10,B-,NINJA,62,14.205816554809857
XVSUSDT,2025-01-11,B-,NINJA,49,15.75963718820863
XVSUSDT,2025-01-13,B-,NINJA,55,16.419612314709255
XVSUSDT,2025-01-19,B-,NINJA,33,8.132875143184414
XVSUSDT,2025-01-22,B-,NINJA,38,0.49443757725589066
XVSUSDT,2025-01-26,B-,NINJA,42,1.8276762402088753
XVSUSDT,2025-01-28,B-,NINJA,40,9.243697478991608
XVSUSDT,2025-01-30,B-,NINJA,63,4.1388518024032095
XVSUSDT,2025-02-17,B-,NINJA,66,13.475177304964525
XVSUSDT,2025-02-19,B-,NINJA,44,8.720271800679491
XVSUSDT,2025-02-21,B-,NINJA,66,2.715466351829976
XVSUSDT,2025-02-23,B-,NINJA,46,1.3033175355450455
XVSUSDT,2025-02-24,B-,NINJA,34,7.79392338177014
XVSUSDT,2025-02-26,B-,NINJA,67,4.669260700389111
XVSUSDT,2025-03-01,B-,NINJA,52,13.822284908321581
XVSUSDT,2025-03-06,B-,NINJA,52,3.565640194489461
XVSUSDT,2025-03-13,B-,NINJA,60,19.475655430711612
XVSUSDT,2025-03-16,B-,NINJA,64,18.148148148148135
XVSUSDT,2025-03-20,B-,NINJA,62,8.732876712328764
XVSUSDT,2025-03-22,B-,NINJA,75,6.72268907563025
XVSUSDT,2025-04-01,B-,NINJA,72,0.5454545454545601
XVSUSDT,2025-04-05,B-,NINJA,48,0.5870841487279677
XVSUSDT,2025-04-10,B-,NINJA,56,10.300429184549342
XVSUSDT,2025-04-21,B-,NINJA,78,15.95330739299612
XVSUSDT,2025-04-29,B-,NINJA,57,19.787985865724387
XVSUSDT,2025-05-06,B-,NINJA,56,28.103448275862064
XVSUSDT,2025-05-07,B-,NINJA,55,28.769497400346623
XVSUSDT,2025-05-09,B-,TREND,93,10.23738872403559
XVSUSDT,2025-05-20,B-,NINJA,62,13.551401869158886
XVSUSDT,2025-05-26,B-,NINJA,64,5.692307692307685
XVSUSDT,2025-05-27,B-,NINJA,70,3.625377643504546
XVSUSDT,2025-05-29,B-,NINJA,72,0.78125
XVSUSDT,2025-06-03,B-,NINJA,68,12.892561983471085
XVSUSDT,2025-06-14,B-,NINJA,36,4.013377926421402
XVSUSDT,2025-06-15,B-,NINJA,34,4.187604690117253
XVSUSDT,2025-06-16,B-,NINJA,50,2.003338898163598
XVSUSDT,2025-06-19,B-,NINJA,70,2.7072758037224975
XVSUSDT,2025-06-20,B-,NINJA,59,4.861111111111116
XVSUSDT,2025-06-30,B-,NINJA,80,8.87372013651877
XVSUSDT,2025-07-07,B-,NINJA,71,16.323024054982803
XVSUSDT,2025-07-14,B-,NINJA,62,13.67924528301887
XVSUSDT,2025-07-18,B-,NINJA,71,8.858858858858865
XVSUSDT,2025-07-23,B-,NINJA,51,10.687022900763354
XVSUSDT,2025-07-26,B-,NINJA,58,10.856269113149853
XVSUSDT,2025-07-28,B-,NINJA,67,2.5757575757575646
XVSUSDT,2025-07-31,B-,NINJA,36,9.70394736842104
XVSUSDT,2025-08-04,B-,NINJA,62,12.091503267973858
XVSUSDT,2025-08-05,B-,NINJA,64,17.26495726495727
XVSUSDT,2025-08-11,B-,NINJA,56,8.544303797468356
XVSUSDT,2025-08-17,B-,NINJA,57,9.630818619582659
XVSUSDT,2025-08-21,B-,NINJA,76,11.056910569105693
XVSUSDT,2025-08-27,B-,NINJA,67,2.799377916018675
XVSUSDT,2025-08-30,B-,NINJA,60,2.5196850393700787
XVSUSDT,2025-08-31,B-,NINJA,71,2.689873417721511
XVSUSDT,2025-09-04,B-,NINJA,62,12.335526315789469
XVSUSDT,2025-09-21,B-,NINJA,68,0.28943560057885787
XVSUSDT,2025-09-27,B-,NINJA,53,21.35761589403973
XVSUSDT,2025-09-29,B-,NINJA,56,35.126050420168056
XVSUSDT,2025-10-09,B-,NINJA,62,5.595408895265441
XVSUSDT,2025-10-18,B-,NINJA,51,4.809619238476959
XVSUSDT,2025-10-19,B-,NINJA,59,3.155818540433919
XVSUSDT,2025-10-20,B-,NINJA,64,3.1809145129224614
XVSUSDT,2025-10-24,B-,NINJA,56,3.901437371663241
XVSUSDT,2025-10-25,B-,NINJA,60,3.901437371663241
XVSUSDT,2025-10-27,B-,NINJA,63,1.030927835051565
XVSUSDT,2025-10-30,B-,NINJA,48,9.438202247191008
XVSUSDT,2025-11-04,B-,NINJA,40,18.599033816425138
XVSUSDT,2025-11-06,B-,NINJA,55,16.350710900473953
XVSUSDT,2025-11-11,B-,NINJA,61,3.3259423503326113
XVSUSDT,2025-11-15,B-,NINJA,45,12.887828162291171
XVSUSDT,2025-11-16,B-,NINJA,50,14.939759036144551
XVSUSDT,2025-11-17,B-,NINJA,54,28.0193236714976
XVSUSDT,2025-11-19,B-,NINJA,52,28.953771289537688
XVSUSDT,2025-11-23,B-,NINJA,64,34.51776649746192
XVSUSDT,2025-11-30,B-,NINJA,38,6.708595387840677
XVSUSDT,2025-12-02,B-,NINJA,52,9.227467811158796
XVSUSDT,2025-12-07,B-,NINJA,37,6.666666666666665
XVSUSDT,2025-12-08,B-,NINJA,52,5.307855626326963
XVSUSDT,2025-12-10,B-,NINJA,68,0.0
XVSUSDT,2025-12-12,B-,NINJA,52,3.076923076923088
XVSUSDT,2025-12-13,B-,NINJA,46,3.7610619469026663
XVSUSDT,2025-12-17,B-,NINJA,53,3.686635944700467
XVSUSDT,2025-12-20,B-,NINJA,48,5.633802816901423
YFIUSDT,2025-01-09,C+,NINJA,37,12.647769162323641
YFIUSDT,2025-01-12,C+,NINJA,50,12.290927521540794
YFIUSDT,2025-01-22,C+,NINJA,46,2.440311304577225
YFIUSDT,2025-01-24,C+,NINJA,45,2.086956521739136
YFIUSDT,2025-01-28,C+,NINJA,49,8.676064525505023
YFIUSDT,2025-01-30,C+,NINJA,63,3.962185458084244
YFIUSDT,2025-02-04,C+,NINJA,55,3.860811930405972
YFIUSDT,2025-02-07,C+,NINJA,54,10.54673721340389
YFIUSDT,2025-02-09,C+,NINJA,57,9.98420775574662
YFIUSDT,2025-02-11,C+,NINJA,63,9.45100764419735
YFIUSDT,2025-02-15,C+,NINJA,63,5.421686746987953
YFIUSDT,2025-02-18,C+,NINJA,42,9.641489731987463
YFIUSDT,2025-02-21,C+,NINJA,69,5.471698113207557
YFIUSDT,2025-02-23,C+,NINJA,70,1.0661335998667365
YFIUSDT,2025-02-26,C+,NINJA,48,8.479427549194995
YFIUSDT,2025-03-01,C+,NINJA,52,10.475496447440324
YFIUSDT,2025-03-03,C+,NINJA,53,6.702763256161304
YFIUSDT,2025-03-05,C+,NINJA,51,3.5889070146818858
YFIUSDT,2025-03-06,C+,NINJA,64,3.2258064516129004
YFIUSDT,2025-03-09,C+,NINJA,28,11.257606490872218
YFIUSDT,2025-03-12,C+,NINJA,59,7.527935698882571
YFIUSDT,2025-03-13,C+,NINJA,60,10.473313192346435
YFIUSDT,2025-03-16,C+,NINJA,58,12.543129693525469
YFIUSDT,2025-03-20,C+,NINJA,57,7.21191028615622
YFIUSDT,2025-03-23,C+,NINJA,58,7.649000194137057
YFIUSDT,2025-04-01,C+,NINJA,54,2.255484929259799
YFIUSDT,2025-04-04,C+,NINJA,62,1.577418015774179
YFIUSDT,2025-04-05,C+,NINJA,68,0.1659406762082538
YFIUSDT,2025-04-08,C+,NINJA,52,9.132007233273054
YFIUSDT,2025-04-10,C+,NINJA,55,8.781038374717841
YFIUSDT,2025-04-13,C+,NINJA,63,14.755536066652052
YFIUSDT,2025-04-16,C+,NINJA,31,32.80721533258173
YFIUSDT,2025-04-17,C+,NINJA,50,42.5388251181634
YFIUSDT,2025-04-18,C+,NINJA,70,40.85854092526691
YFIUSDT,2025-04-26,C+,TREND,95,8.627787307032598
YFIUSDT,2025-05-01,C+,NINJA,41,17.131686511462597
YFIUSDT,2025-05-02,C+,NINJA,43,17.50356125356125
YFIUSDT,2025-05-03,C+,NINJA,41,21.707856879380305
YFIUSDT,2025-05-14,C+,NINJA,46,0.7278742762613755
YFIUSDT,2025-05-16,C+,NINJA,39,6.19624363700193
YFIUSDT,2025-05-20,C+,NINJA,72,6.439127375087961
YFIUSDT,2025-05-23,C+,NINJA,78,3.812263981298325
YFIUSDT,2025-05-26,C+,NINJA,65,3.2183086000357575
YFIUSDT,2025-05-29,C+,NINJA,69,0.43691971600219315
YFIUSDT,2025-06-02,C+,NINJA,72,10.503651001685089
YFIUSDT,2025-06-11,C+,NINJA,89,0.3619254433586683
YFIUSDT,2025-06-14,C+,NINJA,45,3.7138927097661645
YFIUSDT,2025-06-16,C+,NINJA,57,3.0913715515554774
YFIUSDT,2025-06-19,C+,NINJA,56,5.499103407053196
YFIUSDT,2025-06-20,C+,NINJA,51,8.973039720107012
YFIUSDT,2025-06-30,C+,NINJA,69,12.475633528265107
YFIUSDT,2025-07-07,C+,NINJA,65,20.781771754075827
YFIUSDT,2025-07-10,C+,TREND,97,11.12860892388452
YFIUSDT,2025-07-14,C+,NINJA,63,13.067473740430824
YFIUSDT,2025-07-23,C+,NINJA,42,3.8049303322615247
YFIUSDT,2025-07-26,C+,NINJA,50,4.233183856502243
YFIUSDT,2025-07-27,C+,NINJA,61,1.5376550760090923
YFIUSDT,2025-07-28,C+,NINJA,61,2.90889132821075
YFIUSDT,2025-07-31,C+,NINJA,47,18.905950095969292
YFIUSDT,2025-08-14,C+,NINJA,64,9.240687679083104
YFIUSDT,2025-08-16,C+,NINJA,43,7.964601769911495
YFIUSDT,2025-08-17,C+,NINJA,55,7.526881720430101
YFIUSDT,2025-08-21,C+,NINJA,62,12.733321012751798
YFIUSDT,2025-08-27,C+,NINJA,53,2.3622047244094446
YFIUSDT,2025-08-28,C+,NINJA,64,0.38363171355497716
YFIUSDT,2025-08-30,C+,NINJA,58,2.987303958177745
YFIUSDT,2025-08-31,C+,NINJA,60,5.2701674277016775
YFIUSDT,2025-09-02,C+,NINJA,60,7.0321361058601095
YFIUSDT,2025-09-05,C+,NINJA,68,9.717449408171053
YFIUSDT,2025-09-15,C+,NINJA,51,4.305684995340164
YFIUSDT,2025-09-17,C+,NINJA,66,1.1934900542495575
YFIUSDT,2025-09-21,C+,NINJA,50,5.489530277306165
YFIUSDT,2025-09-24,C+,NINJA,58,8.371824480369504
YFIUSDT,2025-10-05,C+,NINJA,53,3.92665308390443
YFIUSDT,2025-10-07,C+,NINJA,49,2.6012634708286964
YFIUSDT,2025-10-09,C+,NINJA,41,1.9238023387400993
YFIUSDT,2025-10-10,C+,NINJA,43,11.980655089030545
YFIUSDT,2025-10-18,C+,NINJA,58,5.513468013468015
YFIUSDT,2025-10-24,C+,NINJA,46,5.731810490693734
YFIUSDT,2025-10-27,C+,NINJA,70,2.858343841950406
YFIUSDT,2025-11-01,C+,NINJA,69,12.962571368153952
YFIUSDT,2025-11-04,C+,NINJA,40,23.229527104959622
YFIUSDT,2025-11-13,C+,NINJA,47,1.2920991315399366
YFIUSDT,2025-11-15,C+,NINJA,40,1.3528022331973366
YFIUSDT,2025-11-16,C+,NINJA,48,3.327495621716281
YFIUSDT,2025-11-17,C+,NINJA,48,5.43401552575864
YFIUSDT,2025-11-19,C+,NINJA,52,1.2882447665056418
YFIUSDT,2025-11-20,C+,NINJA,46,2.42438790206434
YFIUSDT,2025-11-23,C+,NINJA,46,6.701675418854713
YFIUSDT,2025-11-29,C+,NINJA,62,2.682272616435011
YFIUSDT,2025-12-03,C+,NINJA,56,0.2777777777777768
YFIUSDT,2025-12-04,C+,NINJA,46,2.383474576271194
YFIUSDT,2025-12-08,C+,NINJA,68,4.883342376559963
YFIUSDT,2025-12-14,C+,NINJA,48,2.1939953810623525
YFIUSDT,2025-12-25,C+,NINJA,53,14.359129383313185
YFIUSDT,2025-12-27,C+,NINJA,59,14.192204700981858
ZECUSDT,2025-01-16,B+,TREND,80,5.159977806547067
ZECUSDT,2025-01-17,B+,TREND,80,0.3827925628873574
ZECUSDT,2025-02-17,B+,TREND,88,6.853070175438591
ZECUSDT,2025-02-27,B+,TREND,91,17.651865976573134
ZECUSDT,2025-03-16,B+,TREND,70,19.024390243902456
ZECUSDT,2025-03-17,B+,TREND,77,15.708029197080297
ZECUSDT,2025-03-26,B+,TREND,89,9.046642747309065
ZECUSDT,2025-03-27,B+,TREND,74,14.412476472169944
ZECUSDT,2025-03-31,B+,TREND,86,8.07721615443231
ZECUSDT,2025-04-01,B+,TREND,75,1.7224409448818978
ZECUSDT,2025-04-23,B+,TREND,85,17.138686131386848
ZECUSDT,2025-04-25,B+,TREND,67,17.378583967232288
ZECUSDT,2025-05-07,B+,TREND,84,13.262533959002209
ZECUSDT,2025-05-08,B+,TREND,96,9.190476190476193
ZECUSDT,2025-05-11,B+,TREND,72,1.3928808313066643
ZECUSDT,2025-05-12,B+,TREND,75,14.70985155195681
ZECUSDT,2025-05-22,B+,TREND,86,15.968960588115166
ZECUSDT,2025-05-25,B+,TREND,80,4.049102235251012
ZECUSDT,2025-05-26,B+,TREND,70,3.3867108411559155
ZECUSDT,2025-06-03,B+,TREND,80,0.3493289207574968
ZECUSDT,2025-06-25,B+,TREND,66,1.6171856142891627
ZECUSDT,2025-08-08,B+,TREND,88,6.322580645161291
ZECUSDT,2025-08-09,B+,TREND,87,3.7783375314861534
ZECUSDT,2025-08-10,B+,TREND,73,4.224639514292949
ZECUSDT,2025-08-22,B+,TREND,83,6.484641638225241
ZECUSDT,2025-08-23,B+,TREND,77,0.5354752342704217
ZECUSDT,2025-09-07,B+,TREND,94,14.855371900826464
ZECUSDT,2025-09-08,B+,TREND,86,9.731543624161088
ZECUSDT,2025-09-24,B+,TREND,82,200.01702707304614
ZECUSDT,2025-09-29,B+,TREND,92,202.37302248126556
ZECUSDT,2025-10-01,B+,TREND,81,146.8118582312024
ZECUSDT,2025-10-02,B+,TREND,88,126.84374762158464
ZECUSDT,2025-10-05,B+,TREND,78,80.2540066525552
ZECUSDT,2025-10-09,B+,TREND,77,40.212635837606435
ZECUSDT,2025-10-12,B+,TREND,72,19.03847630750326
ZECUSDT,2025-10-26,B+,TREND,93,56.18927561185585
ZECUSDT,2025-10-27,B+,TREND,92,61.40160936356986
ZECUSDT,2025-10-30,B+,TREND,67,117.0390091445769
ZECUSDT,2025-10-31,B+,TREND,67,85.39575814505362
ZECUSDT,2025-11-01,B+,TREND,79,81.98141363162111
ZECUSDT,2025-11-04,B+,TREND,84,69.76007243096423
ZECUSDT,2025-11-06,B+,TREND,83,39.96715437444011
ZECUSDT,2025-11-07,B+,TREND,84,15.115270203272168
ZECUSDT,2025-11-15,B+,TREND,84,10.30946276310296
ZECUSDT,2025-12-09,B+,TREND,82,10.10115006235277
ZECUSDT,2025-12-12,B+,TREND,78,4.784720543308629
ZECUSDT,2025-12-20,B+,TREND,97,25.251621561172
ZECUSDT,2025-12-27,B+,TREND,91,8.506103468320081
ZECUSDT,2025-12-28,B+,TREND,80,5.650410338647305
ZECUSDT,2025-12-29,B+,TREND,82,0.8529297489315191
ZENUSDT,2025-07-21,B,TREND,95,0.6876227897838927
ZENUSDT,2025-09-30,B,TREND,88,124.83204134366926
ZEREBROUSDT,2025-12-02,C,TREND,99,23.683427551324023
ZETAUSDT,2025-03-22,C+,TREND,93,20.78605037365071
ZILUSDT,2025-01-09,B,NINJA,57,11.028385295486288
ZILUSDT,2025-01-10,B,NINJA,61,8.405270331667424
ZILUSDT,2025-01-11,B,NINJA,67,10.462962962962962
ZILUSDT,2025-01-22,B,NINJA,52,1.949999999999985
ZILUSDT,2025-01-24,B,NINJA,40,3.818369453044368
ZILUSDT,2025-01-26,B,NINJA,48,1.8779342723004744
ZILUSDT,2025-01-28,B,NINJA,38,9.657495788882642
ZILUSDT,2025-01-30,B,NINJA,59,5.339805825242716
ZILUSDT,2025-02-18,B,NINJA,42,9.837225760792645
ZILUSDT,2025-02-21,B,NINJA,74,4.29362880886428
ZILUSDT,2025-02-23,B,NINJA,68,2.739726027397249
ZILUSDT,2025-02-26,B,NINJA,53,12.27544910179641
ZILUSDT,2025-02-27,B,NINJA,67,8.932461873638342
ZILUSDT,2025-03-03,B,NINJA,52,4.612978889757624
ZILUSDT,2025-03-06,B,NINJA,58,3.978159126365055
ZILUSDT,2025-03-23,B,NINJA,57,13.751017087062634
ZILUSDT,2025-04-01,B,NINJA,58,2.1682567215958404
ZILUSDT,2025-04-04,B,NINJA,57,2.123893805309751
ZILUSDT,2025-04-05,B,NINJA,65,3.8703870387038597
ZILUSDT,2025-04-08,B,NINJA,39,23.284823284823286
ZILUSDT,2025-04-16,B,NINJA,50,22.45454545454546
ZILUSDT,2025-04-21,B,NINJA,52,14.540816326530614
ZILUSDT,2025-04-23,B,TREND,90,6.146572104018899
ZILUSDT,2025-04-29,B,NINJA,52,10.910518053375196
ZILUSDT,2025-05-06,B,NINJA,61,28.535564853556483
ZILUSDT,2025-05-07,B,NINJA,67,28.106755629691406
ZILUSDT,2025-05-09,B,TREND,95,8.936170212765958
ZILUSDT,2025-05-14,B,NINJA,50,1.2693935119887145
ZILUSDT,2025-05-16,B,NINJA,29,6.4442759666413885
ZILUSDT,2025-05-20,B,NINJA,58,8.416988416988413
ZILUSDT,2025-05-26,B,NINJA,51,3.0952380952380842
ZILUSDT,2025-05-29,B,NINJA,54,0.7377049180327777
ZILUSDT,2025-06-07,B,NINJA,61,8.774978279756729
ZILUSDT,2025-06-08,B,NINJA,71,8.586296617519507
ZILUSDT,2025-06-15,B,NINJA,60,4.524886877828038
ZILUSDT,2025-06-16,B,NINJA,67,1.4401440144014455
ZILUSDT,2025-06-19,B,NINJA,57,4.089219330855021
ZILUSDT,2025-06-20,B,NINJA,49,6.16113744075828
ZILUSDT,2025-06-28,B,NINJA,50,4.71349353049908
ZILUSDT,2025-06-30,B,NINJA,74,12.429906542056091
ZILUSDT,2025-07-07,B,NINJA,57,27.422480620155042
ZILUSDT,2025-07-10,B,TREND,95,16.220735785953178
ZILUSDT,2025-07-11,B,TREND,91,13.970588235294134
ZILUSDT,2025-07-14,B,NINJA,66,13.32250203086922
ZILUSDT,2025-07-18,B,NINJA,72,8.729540140296187
ZILUSDT,2025-07-23,B,NINJA,40,2.425222312045272
ZILUSDT,2025-07-26,B,NINJA,59,4.451772464962911
ZILUSDT,2025-07-27,B,NINJA,65,1.441152922337885
ZILUSDT,2025-07-28,B,NINJA,62,3.404255319148941
ZILUSDT,2025-07-31,B,NINJA,36,11.893870082342172
ZILUSDT,2025-08-11,B,NINJA,50,12.444444444444436
ZILUSDT,2025-08-14,B,NINJA,68,8.890845070422548
ZILUSDT,2025-08-16,B,NINJA,62,6.914433880726012
ZILUSDT,2025-08-17,B,NINJA,62,7.658833768494344
ZILUSDT,2025-08-20,B,NINJA,59,8.795074758135456
ZILUSDT,2025-08-25,B,NINJA,60,9.982014388489201
ZILUSDT,2025-08-27,B,NINJA,56,6.440382941688427
ZILUSDT,2025-08-31,B,NINJA,65,8.110516934046341
ZILUSDT,2025-09-02,B,NINJA,61,6.9664902998236355
ZILUSDT,2025-09-06,B,NINJA,70,10.267857142857139
ZILUSDT,2025-09-29,B,NINJA,59,9.514747859181716
ZILUSDT,2025-10-05,B,NINJA,47,3.952205882352944
ZILUSDT,2025-10-07,B,NINJA,48,4.1706161137440745
ZILUSDT,2025-10-09,B,NINJA,43,3.3866415804327366
ZILUSDT,2025-10-10,B,NINJA,61,19.525065963060694
ZILUSDT,2025-10-18,B,NINJA,47,4.488778054862852
ZILUSDT,2025-10-19,B,NINJA,52,4.75000000000001
ZILUSDT,2025-10-24,B,NINJA,60,3.2418952618453956
ZILUSDT,2025-10-25,B,NINJA,64,3.499999999999992
ZILUSDT,2025-10-27,B,NINJA,63,2.020202020202033
ZILUSDT,2025-10-30,B,NINJA,54,13.085399449035817
ZILUSDT,2025-11-01,B,NINJA,62,7.431551499348132
ZILUSDT,2025-11-06,B,NINJA,51,18.220946915351522
ZILUSDT,2025-11-11,B,NINJA,58,6.738544474393526
ZILUSDT,2025-11-15,B,NINJA,44,2.020202020202011
ZILUSDT,2025-11-16,B,NINJA,41,3.687315634218291
ZILUSDT,2025-11-17,B,NINJA,48,4.704097116843697
ZILUSDT,2025-11-19,B,NINJA,50,3.177004538577899
ZILUSDT,2025-11-24,B,NINJA,56,0.9803921568627416
ZILUSDT,2025-11-28,B,NINJA,47,2.033898305084758
ZILUSDT,2025-12-03,B,NINJA,62,7.499999999999996
ZILUSDT,2025-12-07,B,NINJA,57,10.207939508506602
ZILUSDT,2025-12-10,B,NINJA,72,0.0
ZILUSDT,2025-12-12,B,NINJA,54,2.48565965583174
ZILUSDT,2025-12-13,B,NINJA,55,0.0
ZILUSDT,2025-12-14,B,NINJA,49,2.564102564102555
ZILUSDT,2025-12-20,B,NINJA,58,6.41025641025641
ZILUSDT,2025-12-25,B,NINJA,65,14.28571428571428
ZKUSDT,2025-10-02,B,TREND,96,14.035087719298245
ZROUSDT,2025-05-09,C+,TREND,98,12.009392821200947
ZRXUSDT,2025-01-09,B,NINJA,69,10.075366917889749
ZRXUSDT,2025-01-10,B,NINJA,68,9.10163160998625
ZRXUSDT,2025-01-11,B,NINJA,68,10.800558993811137
ZRXUSDT,2025-01-12,B,NINJA,69,13.450531479967287
ZRXUSDT,2025-02-19,B,NINJA,60,8.632180260234845
ZRXUSDT,2025-02-21,B,NINJA,70,6.882202304737506
ZRXUSDT,2025-02-23,B,NINJA,69,0.5869632375656408
ZRXUSDT,2025-03-23,B,NINJA,61,30.51823416506718
ZRXUSDT,2025-04-01,B,NINJA,64,2.1809369951534707
ZRXUSDT,2025-04-16,B,NINJA,65,19.282136894824696
ZRXUSDT,2025-04-18,B,NINJA,88,12.608353033884946
ZRXUSDT,2025-04-23,B,TREND,86,5.720572057205731
ZRXUSDT,2025-05-06,B,NINJA,63,27.161997563946393
ZRXUSDT,2025-05-09,B,TREND,96,6.639427987742574
ZRXUSDT,2025-06-11,B,NINJA,82,0.1205787781350498
ZRXUSDT,2025-06-15,B,NINJA,55,4.264577893820709
ZRXUSDT,2025-06-16,B,NINJA,67,2.130434782608681
ZRXUSDT,2025-06-19,B,NINJA,53,1.9757521329142325
ZRXUSDT,2025-07-06,B,NINJA,53,27.33911455956186
ZRXUSDT,2025-07-07,B,NINJA,68,28.27586206896553
ZRXUSDT,2025-07-10,B,TREND,98,23.34004024144869
ZRXUSDT,2025-07-31,B,NINJA,46,14.436471084845937
ZRXUSDT,2025-08-11,B,NINJA,61,11.057692307692314
ZRXUSDT,2025-08-14,B,NINJA,78,9.328968903436973
ZRXUSDT,2025-08-16,B,NINJA,64,4.538341158059467
ZRXUSDT,2025-08-17,B,NINJA,65,5.155450609996071
ZRXUSDT,2025-08-21,B,NINJA,62,13.075657894736858
ZRXUSDT,2025-08-25,B,NINJA,47,23.0899830220713
ZRXUSDT,2025-08-27,B,NINJA,74,16.139367240688806
ZRXUSDT,2025-08-29,B,NINJA,68,18.14483319772173
ZRXUSDT,2025-09-01,B,NINJA,74,14.873417721518978
ZRXUSDT,2025-09-18,B,NINJA,78,1.1418047882136184
ZRXUSDT,2025-09-21,B,NINJA,48,0.1568012544100439
ZRXUSDT,2025-10-30,B,NINJA,61,23.778143876990644
ZRXUSDT,2025-11-05,B,NINJA,75,25.86666666666666
ZRXUSDT,2025-12-04,B,NINJA,71,0.738255033557067
ZRXUSDT,2025-12-07,B,NINJA,61,6.22788393489031
ZRXUSDT,2025-12-10,B,NINJA,65,0.3498950314905436
